#
# A fatal error has been detected by the Java Runtime Environment:
#
#  SIGSEGV (0xb) at pc=0x000000011b2d12b8, pid=46721, tid=6403
#
# JRE version: OpenJDK Runtime Environment Homebrew (24.0.1) (build 24.0.1)
# Java VM: OpenJDK 64-Bit Server VM Homebrew (24.0.1, mixed mode, sharing, tiered, compressed oops, compressed class ptrs, g1 gc, bsd-aarch64)
# Problematic frame:
# j  java.lang.invoke.LambdaForm$DMH+0x00001ff001001400.invokeVirtual(Ljava/lang/Object;Ljava/lang/Object;)V+10 java.base@24.0.1
#
# No core dump will be written. Core dumps have been disabled. To enable core dumping, try "ulimit -c unlimited" before starting Java again
#
# If you would like to submit a bug report, please visit:
#   https://github.com/Homebrew/homebrew-core/issues
#

---------------  S U M M A R Y ------------

Command Line: -XX:+ShowCodeDetailsInExceptionMessages -agentlib:jdwp=transport=dt_socket,suspend=y,address=localhost:63390 -ea -Dargs=-p 3100 -javaagent:/Applications/Eclipse.app/Contents/Eclipse/configuration/org.eclipse.osgi/1364/0/.cp/lib/javaagent-shaded.jar -Dfile.encoding=UTF-8 -Dstdout.encoding=UTF-8 -Dstderr.encoding=UTF-8 org.eclipse.jdt.internal.junit.runner.RemoteTestRunner -version 3 -port 63389 -testLoaderClass org.eclipse.jdt.internal.junit5.runner.JUnit5TestLoader -loaderpluginname org.eclipse.jdt.junit5.runtime -packageNameFile /var/folders/yp/vsk2hvbj4ns130jp7p3vd50r0000gp/T/packageNames1335319766525361927.txt

Host: "MacBookPro18,2" arm64, 10 cores, 64G, Darwin 25.5.0, macOS 26.5.1 (25F80)
Time: Mon Jun 29 19:25:03 2026 AEST elapsed time: 1991.116264 seconds (0d 0h 33m 11s)

---------------  T H R E A D  ---------------

Current thread (0x0000000104fbafe0):  JavaThread "main"             [_thread_in_Java, id=6403, stack(0x000000016b7c8000,0x000000016b9cb000) (2060K)]

Stack: [0x000000016b7c8000,0x000000016b9cb000],  sp=0x000000016b9c7910,  free space=2046k
Native frames: (J=compiled Java code, j=interpreted, Vv=VM code, C=native code)
j  java.lang.invoke.LambdaForm$DMH+0x00001ff001001400.invokeVirtual(Ljava/lang/Object;Ljava/lang/Object;)V+10 java.base@24.0.1
J 6296 c1 java.lang.invoke.LambdaForm$MH+0x00001ff00120c400.invoke(Ljava/lang/Object;Ljava/lang/Object;)Ljava/lang/Object; java.base@24.0.1 (36 bytes) @ 0x0000000114888518 [0x0000000114887fc0+0x0000000000000558]
J 5196 c1 jdk.internal.reflect.DirectMethodHandleAccessor.invoke(Ljava/lang/Object;[Ljava/lang/Object;)Ljava/lang/Object; java.base@24.0.1 (92 bytes) @ 0x0000000114664d98 [0x0000000114663780+0x0000000000001618]
J 6238 c1 org.junit.platform.commons.util.ReflectionUtils.invokeMethod(Ljava/lang/reflect/Method;Ljava/lang/Object;[Ljava/lang/Object;)Ljava/lang/Object; (55 bytes) @ 0x000000011487a988 [0x0000000114879180+0x0000000000001808]
J 6235 c1 org.junit.jupiter.engine.execution.MethodInvocation.proceed()Ljava/lang/Object; (22 bytes) @ 0x0000000114877b00 [0x0000000114877500+0x0000000000000600]
J 5088 c1 org.junit.jupiter.engine.execution.InvocationInterceptorChain$ValidatingInvocation.proceed()Ljava/lang/Object; (14 bytes) @ 0x000000011462266c [0x0000000114621c40+0x0000000000000a2c]
J 6228 c1 org.junit.jupiter.engine.extension.TimeoutExtension.intercept(Lorg/junit/jupiter/api/extension/InvocationInterceptor$Invocation;Lorg/junit/jupiter/api/extension/ReflectiveInvocationContext;Lorg/junit/jupiter/api/extension/ExtensionContext;Lorg/junit/jupiter/engine/extension/TimeoutDuration;Lorg/junit/jupiter/engine/extension/TimeoutExtension$TimeoutProvider;)Ljava/lang/Object; (59 bytes) @ 0x0000000114871c7c [0x0000000114871600+0x000000000000067c]
J 5748 c1 org.junit.jupiter.engine.extension.TimeoutExtension.interceptTestableMethod(Lorg/junit/jupiter/api/extension/InvocationInterceptor$Invocation;Lorg/junit/jupiter/api/extension/ReflectiveInvocationContext;Lorg/junit/jupiter/api/extension/ExtensionContext;Lorg/junit/jupiter/engine/extension/TimeoutExtension$TimeoutProvider;)Ljava/lang/Object; (35 bytes) @ 0x000000011478edac [0x000000011478e500+0x00000000000008ac]
J 5747 c1 org.junit.jupiter.engine.extension.TimeoutExtension.interceptTestMethod(Lorg/junit/jupiter/api/extension/InvocationInterceptor$Invocation;Lorg/junit/jupiter/api/extension/ReflectiveInvocationContext;Lorg/junit/jupiter/api/extension/ExtensionContext;)V (14 bytes) @ 0x000000011478e0ec [0x000000011478df80+0x000000000000016c]
J 5746 c1 org.junit.jupiter.engine.descriptor.TestMethodTestDescriptor$$Lambda+0x00001ff001101b40.apply(Lorg/junit/jupiter/api/extension/InvocationInterceptor;Lorg/junit/jupiter/api/extension/InvocationInterceptor$Invocation;Lorg/junit/jupiter/api/extension/ReflectiveInvocationContext;Lorg/junit/jupiter/api/extension/ExtensionContext;)V (11 bytes) @ 0x000000011478dd14 [0x000000011478dc00+0x0000000000000114]
J 6227 c1 org.junit.jupiter.engine.execution.InterceptingExecutableInvoker$ReflectiveInterceptorCall.lambda$ofVoidMethod$0(Lorg/junit/jupiter/engine/execution/InterceptingExecutableInvoker$ReflectiveInterceptorCall$VoidMethodInterceptorCall;Lorg/junit/jupiter/api/extension/InvocationInterceptor;Lorg/junit/jupiter/api/extension/InvocationInterceptor$Invocation;Lorg/junit/jupiter/api/extension/ReflectiveInvocationContext;Lorg/junit/jupiter/api/extension/ExtensionContext;)Ljava/lang/Void; (13 bytes) @ 0x000000011487130c [0x00000001148711c0+0x000000000000014c]
J 5744 c1 org.junit.jupiter.engine.execution.InterceptingExecutableInvoker$ReflectiveInterceptorCall$$Lambda+0x00001ff0011ff908.apply(Lorg/junit/jupiter/api/extension/InvocationInterceptor;Lorg/junit/jupiter/api/extension/InvocationInterceptor$Invocation;Lorg/junit/jupiter/api/extension/ReflectiveInvocationContext;Lorg/junit/jupiter/api/extension/ExtensionContext;)Ljava/lang/Object; (13 bytes) @ 0x000000011478d5b8 [0x000000011478d4c0+0x00000000000000f8]
J 5519 c1 org.junit.jupiter.engine.execution.InterceptingExecutableInvoker.lambda$invoke$0(Lorg/junit/jupiter/engine/execution/InterceptingExecutableInvoker$ReflectiveInterceptorCall;Lorg/junit/jupiter/api/extension/ReflectiveInvocationContext;Lorg/junit/jupiter/api/extension/ExtensionContext;Lorg/junit/jupiter/api/extension/InvocationInterceptor;Lorg/junit/jupiter/api/extension/InvocationInterceptor$Invocation;)Ljava/lang/Object; (12 bytes) @ 0x0000000114712ac8 [0x0000000114712980+0x0000000000000148]
J 5343 c1 org.junit.jupiter.engine.execution.InterceptingExecutableInvoker$$Lambda+0x00001ff0012062a8.apply(Lorg/junit/jupiter/api/extension/InvocationInterceptor;Lorg/junit/jupiter/api/extension/InvocationInterceptor$Invocation;)Ljava/lang/Object; (18 bytes) @ 0x00000001146b4d2c [0x00000001146b4c40+0x00000000000000ec]
J 5087 c1 org.junit.jupiter.engine.execution.InvocationInterceptorChain$InterceptedInvocation.proceed()Ljava/lang/Object; (18 bytes) @ 0x00000001146218c4 [0x0000000114621740+0x0000000000000184]
J 4960 c1 org.junit.jupiter.engine.execution.InvocationInterceptorChain.chainAndInvoke(Lorg/junit/jupiter/api/extension/InvocationInterceptor$Invocation;Lorg/junit/jupiter/engine/execution/InvocationInterceptorChain$InterceptorCall;Ljava/util/List;)Ljava/lang/Object; (37 bytes) @ 0x00000001145e38bc [0x00000001145e34c0+0x00000000000003fc]
J 4959 c1 org.junit.jupiter.engine.execution.InvocationInterceptorChain.invoke(Lorg/junit/jupiter/api/extension/InvocationInterceptor$Invocation;Lorg/junit/jupiter/engine/extension/ExtensionRegistry;Lorg/junit/jupiter/engine/execution/InvocationInterceptorChain$InterceptorCall;)Ljava/lang/Object; (35 bytes) @ 0x00000001145e2ed8 [0x00000001145e2800+0x00000000000006d8]
J 5742 c1 org.junit.jupiter.engine.execution.InterceptingExecutableInvoker.invoke(Lorg/junit/jupiter/api/extension/InvocationInterceptor$Invocation;Lorg/junit/jupiter/api/extension/ReflectiveInvocationContext;Lorg/junit/jupiter/api/extension/ExtensionContext;Lorg/junit/jupiter/engine/extension/ExtensionRegistry;Lorg/junit/jupiter/engine/execution/InterceptingExecutableInvoker$ReflectiveInterceptorCall;)Ljava/lang/Object; (19 bytes) @ 0x000000011478cc88 [0x000000011478c700+0x0000000000000588]
J 5738 c1 org.junit.jupiter.engine.execution.InterceptingExecutableInvoker.invoke(Ljava/lang/reflect/Method;Ljava/lang/Object;Lorg/junit/jupiter/api/extension/ExtensionContext;Lorg/junit/jupiter/engine/extension/ExtensionRegistry;Lorg/junit/jupiter/engine/execution/InterceptingExecutableInvoker$ReflectiveInterceptorCall;)Ljava/lang/Object; (63 bytes) @ 0x000000011478a098 [0x0000000114789a80+0x0000000000000618]
J 5634 c1 org.junit.jupiter.engine.execution.InterceptingExecutableInvoker.invokeVoid(Ljava/lang/reflect/Method;Ljava/lang/Object;Lorg/junit/jupiter/api/extension/ExtensionContext;Lorg/junit/jupiter/engine/extension/ExtensionRegistry;Lorg/junit/jupiter/engine/execution/InterceptingExecutableInvoker$ReflectiveInterceptorCall$VoidMethodInterceptorCall;)V (16 bytes) @ 0x00000001147582cc [0x0000000114757dc0+0x000000000000050c]
J 5632 c1 org.junit.jupiter.engine.descriptor.TestMethodTestDescriptor.lambda$invokeTestMethod$0(Lorg/junit/jupiter/api/extension/ExtensionContext;Lorg/junit/jupiter/engine/execution/JupiterEngineExecutionContext;)V (50 bytes) @ 0x0000000114756b4c [0x00000001147564c0+0x000000000000068c]
J 5631 c1 org.junit.jupiter.engine.descriptor.TestMethodTestDescriptor$$Lambda+0x00001ff0011ff480.execute()V (16 bytes) @ 0x00000001147560f0 [0x0000000114756000+0x00000000000000f0]
J 5629 c1 org.junit.jupiter.engine.descriptor.TestMethodTestDescriptor.invokeTestMethod(Lorg/junit/jupiter/engine/execution/JupiterEngineExecutionContext;Lorg/junit/platform/engine/support/hierarchical/Node$DynamicTestExecutor;)V (25 bytes) @ 0x00000001147552c8 [0x0000000114754a00+0x00000000000008c8]
J 5513 c1 org.junit.jupiter.engine.descriptor.TestMethodTestDescriptor.execute(Lorg/junit/jupiter/engine/execution/JupiterEngineExecutionContext;Lorg/junit/platform/engine/support/hierarchical/Node$DynamicTestExecutor;)Lorg/junit/jupiter/engine/execution/JupiterEngineExecutionContext; (64 bytes) @ 0x000000011470efb8 [0x000000011470e740+0x0000000000000878]
J 5512 c1 org.junit.jupiter.engine.descriptor.TestMethodTestDescriptor.execute(Lorg/junit/platform/engine/support/hierarchical/EngineExecutionContext;Lorg/junit/platform/engine/support/hierarchical/Node$DynamicTestExecutor;)Lorg/junit/platform/engine/support/hierarchical/EngineExecutionContext; (10 bytes) @ 0x000000011470e33c [0x000000011470e100+0x000000000000023c]
J 5584 c1 org.junit.platform.engine.support.hierarchical.NodeTestTask.lambda$executeRecursively$2(Lorg/junit/platform/engine/support/hierarchical/ThrowableCollector;)V (136 bytes) @ 0x0000000114735db0 [0x0000000114734ac0+0x00000000000012f0]
J 5583 c1 org.junit.platform.engine.support.hierarchical.NodeTestTask$$Lambda+0x00001ff0011ea238.execute()V (12 bytes) @ 0x00000001147343a4 [0x00000001147342c0+0x00000000000000e4]
J 5581 c1 org.junit.platform.engine.support.hierarchical.Node.around(Lorg/junit/platform/engine/support/hierarchical/EngineExecutionContext;Lorg/junit/platform/engine/support/hierarchical/Node$Invocation;)V (8 bytes) @ 0x0000000114732304 [0x0000000114732140+0x00000000000001c4]
J 5467 c1 org.junit.platform.engine.support.hierarchical.NodeTestTask$$Lambda+0x00001ff0011efcc8.execute()V (12 bytes) @ 0x00000001146e8e20 [0x00000001146e8700+0x0000000000000720]
J 5465 c1 org.junit.platform.engine.support.hierarchical.NodeTestTask.executeRecursively()V (38 bytes) @ 0x00000001146e79dc [0x00000001146e71c0+0x000000000000081c]
j  org.junit.platform.engine.support.hierarchical.NodeTestTask.execute()V+79
J 5288 c1 org.junit.platform.engine.support.hierarchical.SameThreadHierarchicalTestExecutorService$$Lambda+0x00001ff0011f2288.accept(Ljava/lang/Object;)V (10 bytes) @ 0x00000001146a17e4 [0x00000001146a16c0+0x0000000000000124]
J 4955 c2 java.util.ArrayList.forEach(Ljava/util/function/Consumer;)V java.base@24.0.1 (74 bytes) @ 0x000000011ba11c70 [0x000000011ba11bc0+0x00000000000000b0]
J 5584 c1 org.junit.platform.engine.support.hierarchical.NodeTestTask.lambda$executeRecursively$2(Lorg/junit/platform/engine/support/hierarchical/ThrowableCollector;)V (136 bytes) @ 0x00000001147365a0 [0x0000000114734ac0+0x0000000000001ae0]
J 5583 c1 org.junit.platform.engine.support.hierarchical.NodeTestTask$$Lambda+0x00001ff0011ea238.execute()V (12 bytes) @ 0x00000001147343a4 [0x00000001147342c0+0x00000000000000e4]
J 5581 c1 org.junit.platform.engine.support.hierarchical.Node.around(Lorg/junit/platform/engine/support/hierarchical/EngineExecutionContext;Lorg/junit/platform/engine/support/hierarchical/Node$Invocation;)V (8 bytes) @ 0x0000000114732304 [0x0000000114732140+0x00000000000001c4]
J 5467 c1 org.junit.platform.engine.support.hierarchical.NodeTestTask$$Lambda+0x00001ff0011efcc8.execute()V (12 bytes) @ 0x00000001146e8e20 [0x00000001146e8700+0x0000000000000720]
J 5465 c1 org.junit.platform.engine.support.hierarchical.NodeTestTask.executeRecursively()V (38 bytes) @ 0x00000001146e79dc [0x00000001146e71c0+0x000000000000081c]
j  org.junit.platform.engine.support.hierarchical.NodeTestTask.execute()V+79
J 5288 c1 org.junit.platform.engine.support.hierarchical.SameThreadHierarchicalTestExecutorService$$Lambda+0x00001ff0011f2288.accept(Ljava/lang/Object;)V (10 bytes) @ 0x00000001146a17e4 [0x00000001146a16c0+0x0000000000000124]
J 4955 c2 java.util.ArrayList.forEach(Ljava/util/function/Consumer;)V java.base@24.0.1 (74 bytes) @ 0x000000011ba11c70 [0x000000011ba11bc0+0x00000000000000b0]
J 5584 c1 org.junit.platform.engine.support.hierarchical.NodeTestTask.lambda$executeRecursively$2(Lorg/junit/platform/engine/support/hierarchical/ThrowableCollector;)V (136 bytes) @ 0x00000001147365a0 [0x0000000114734ac0+0x0000000000001ae0]
J 5583 c1 org.junit.platform.engine.support.hierarchical.NodeTestTask$$Lambda+0x00001ff0011ea238.execute()V (12 bytes) @ 0x00000001147343a4 [0x00000001147342c0+0x00000000000000e4]
J 5581 c1 org.junit.platform.engine.support.hierarchical.Node.around(Lorg/junit/platform/engine/support/hierarchical/EngineExecutionContext;Lorg/junit/platform/engine/support/hierarchical/Node$Invocation;)V (8 bytes) @ 0x0000000114732304 [0x0000000114732140+0x00000000000001c4]
J 5467 c1 org.junit.platform.engine.support.hierarchical.NodeTestTask$$Lambda+0x00001ff0011efcc8.execute()V (12 bytes) @ 0x00000001146e8e20 [0x00000001146e8700+0x0000000000000720]
J 5465 c1 org.junit.platform.engine.support.hierarchical.NodeTestTask.executeRecursively()V (38 bytes) @ 0x00000001146e79dc [0x00000001146e71c0+0x000000000000081c]
J 5080 c1 org.junit.platform.engine.support.hierarchical.NodeTestTask.execute()V (167 bytes) @ 0x000000011461d2e8 [0x000000011461bac0+0x0000000000001828]
j  org.junit.platform.engine.support.hierarchical.SameThreadHierarchicalTestExecutorService.submit(Lorg/junit/platform/engine/support/hierarchical/HierarchicalTestExecutorService$TestTask;)Ljava/util/concurrent/Future;+1
j  org.junit.platform.engine.support.hierarchical.HierarchicalTestExecutor.execute()Ljava/util/concurrent/Future;+8
j  org.junit.platform.engine.support.hierarchical.HierarchicalTestEngine.execute(Lorg/junit/platform/engine/ExecutionRequest;)V+31
j  org.junit.platform.launcher.core.EngineExecutionOrchestrator.executeEngine(Lorg/junit/platform/engine/TestDescriptor;Lorg/junit/platform/engine/EngineExecutionListener;Lorg/junit/platform/engine/ConfigurationParameters;Lorg/junit/platform/engine/TestEngine;Lorg/junit/platform/engine/OutputDirectoryCreator;Lorg/junit/platform/launcher/core/DiscoveryIssueNotifier;Lorg/junit/platform/engine/support/store/NamespacedHierarchicalStore;Lorg/junit/platform/engine/CancellationToken;)V+26
j  org.junit.platform.launcher.core.EngineExecutionOrchestrator.failOrExecuteEngine(Lorg/junit/platform/launcher/core/LauncherDiscoveryResult;Lorg/junit/platform/engine/EngineExecutionListener;Lorg/junit/platform/engine/TestEngine;Lorg/junit/platform/engine/support/store/NamespacedHierarchicalStore;Lorg/junit/platform/engine/CancellationToken;)V+177
j  org.junit.platform.launcher.core.EngineExecutionOrchestrator.execute(Lorg/junit/platform/launcher/core/LauncherDiscoveryResult;Lorg/junit/platform/engine/EngineExecutionListener;Lorg/junit/platform/engine/support/store/NamespacedHierarchicalStore;Lorg/junit/platform/engine/CancellationToken;)V+70
j  org.junit.platform.launcher.core.EngineExecutionOrchestrator.execute(Lorg/junit/platform/launcher/core/InternalTestPlan;Lorg/junit/platform/engine/EngineExecutionListener;Lorg/junit/platform/launcher/TestExecutionListener;Lorg/junit/platform/engine/support/store/NamespacedHierarchicalStore;Lorg/junit/platform/engine/CancellationToken;)V+59
j  org.junit.platform.launcher.core.EngineExecutionOrchestrator.lambda$execute$0(Lorg/junit/platform/launcher/core/InternalTestPlan;Lorg/junit/platform/engine/support/store/NamespacedHierarchicalStore;Lorg/junit/platform/engine/CancellationToken;Lorg/junit/platform/launcher/TestExecutionListener;)V+9
j  org.junit.platform.launcher.core.EngineExecutionOrchestrator$$Lambda+0x00001ff0011de750.accept(Ljava/lang/Object;)V+20
j  org.junit.platform.launcher.core.EngineExecutionOrchestrator.withInterceptedStreams(Lorg/junit/platform/engine/ConfigurationParameters;Lorg/junit/platform/launcher/core/ListenerRegistry;Ljava/util/function/Consumer;)V+51
j  org.junit.platform.launcher.core.EngineExecutionOrchestrator.execute(Lorg/junit/platform/launcher/core/InternalTestPlan;Lorg/junit/platform/engine/support/store/NamespacedHierarchicalStore;Ljava/util/Collection;Lorg/junit/platform/engine/CancellationToken;)V+28
j  org.junit.platform.launcher.core.DefaultLauncher.execute(Lorg/junit/platform/launcher/core/InternalTestPlan;Ljava/util/Collection;Lorg/junit/platform/engine/CancellationToken;)V+15
j  org.junit.platform.launcher.core.DefaultLauncher.execute(Lorg/junit/platform/launcher/LauncherExecutionRequest;)V+42
j  org.junit.platform.launcher.core.DefaultLauncher.execute(Lorg/junit/platform/launcher/TestPlan;[Lorg/junit/platform/launcher/TestExecutionListener;)V+14
j  org.junit.platform.launcher.core.DelegatingLauncher.execute(Lorg/junit/platform/launcher/TestPlan;[Lorg/junit/platform/launcher/TestExecutionListener;)V+6
j  org.junit.platform.launcher.core.InterceptingLauncher.lambda$execute$1(Lorg/junit/platform/launcher/TestPlan;[Lorg/junit/platform/launcher/TestExecutionListener;)Ljava/lang/Object;+3
j  org.junit.platform.launcher.core.InterceptingLauncher$$Lambda+0x00001ff0011dd7b8.proceed()Ljava/lang/Object;+12
j  org.junit.platform.launcher.core.ClasspathAlignmentCheckingLauncherInterceptor.intercept(Lorg/junit/platform/launcher/LauncherInterceptor$Invocation;)Ljava/lang/Object;+1
j  org.junit.platform.launcher.core.InterceptingLauncher.execute(Lorg/junit/platform/launcher/TestPlan;[Lorg/junit/platform/launcher/TestExecutionListener;)V+12
j  org.junit.platform.launcher.core.DelegatingLauncher.execute(Lorg/junit/platform/launcher/TestPlan;[Lorg/junit/platform/launcher/TestExecutionListener;)V+6
j  org.junit.platform.launcher.core.SessionPerRequestLauncher.execute(Lorg/junit/platform/launcher/TestPlan;[Lorg/junit/platform/launcher/TestExecutionListener;)V+13
j  org.eclipse.jdt.internal.junit5.runner.JUnit5TestReference.run(Lorg/eclipse/jdt/internal/junit/runner/TestExecution;)V+77
j  org.eclipse.jdt.internal.junit.runner.TestExecution.run([Lorg/eclipse/jdt/internal/junit/runner/ITestReference;)V+27
j  org.eclipse.jdt.internal.junit.runner.RemoteTestRunner.runTests([Ljava/lang/String;Ljava/lang/String;Lorg/eclipse/jdt/internal/junit/runner/TestExecution;)V+62
j  org.eclipse.jdt.internal.junit.runner.RemoteTestRunner.runTests(Lorg/eclipse/jdt/internal/junit/runner/TestExecution;)V+10
j  org.eclipse.jdt.internal.junit.runner.RemoteTestRunner.run()V+70
j  org.eclipse.jdt.internal.junit.runner.RemoteTestRunner.main([Ljava/lang/String;)V+14
v  ~StubRoutines::call_stub 0x000000011b2b8114
V  [libjvm.dylib+0x3e20e0]  JavaCalls::call_helper(JavaValue*, methodHandle const&, JavaCallArguments*, JavaThread*)+0x264
V  [libjvm.dylib+0x44cbb4]  jni_invoke_static(JNIEnv_*, JavaValue*, _jobject*, JNICallType, _jmethodID*, JNI_ArgumentPusher*, JavaThread*)+0xc4
V  [libjvm.dylib+0x44f7b0]  jni_CallStaticVoidMethod+0xcc
C  [libjli.dylib+0x9250]  JavaMain+0x788
C  [libjli.dylib+0xbb08]  ThreadJavaMain+0xc
C  [libsystem_pthread.dylib+0x6c58]  _pthread_start+0x88

siginfo: si_signo: 11 (SIGSEGV), si_code: 2 (SEGV_ACCERR), si_addr: 0xfffffffffffffffe

Registers:
 x0=0x0000000139402610  x1=0x0000000fffffc118  x2=0x00000001394023f8  x3=0x0000000000000002
 x4=0xfffffffffffffff6  x5=0x00000000000000a0  x6=0x0000000000000000  x7=0x0000000000000000
 x8=0x000000016b9c7940  x9=0x0000000000000009 x10=0x0000000000000001 x11=0x0000000000000002
x12=0x0000000139140458 x13=0x0000000000000300 x14=0x0000000000025800 x15=0x0000000000000000
x16=0x000000018250ea1c x17=0x0000000104fb80f0 x18=0x0000000000000000 x19=0x00001ff0001e02f8
x20=0x000000016b9c7938 x21=0x000000010aee5670 x22=0x0000000139402272 x23=0x000000703e339b10
x24=0x000000016b9c79b0 x25=0x000000700545a9d8 x26=0x0000000139402428 x27=0x0000007000000000
x28=0x0000000104fbafe0  fp=0x000000016b9c7990  lr=0x000000011b2bd074  sp=0x000000016b9c7910
pc=0x000000011b2d12b8 cpsr=0x0000000020001000

Register to memory mapping:

x0 =0x0000000139402610 is pointing into metadata
x1 =0x0000000fffffc118 points into unknown readable memory: 0x2010002030100000 | 00 00 10 30 20 00 10 20
x2 =0x00000001394023f8 is pointing into metadata
x3 =0x0000000000000002 is an unknown value
x4 =0xfffffffffffffff6 is an unknown value
x5 =0x00000000000000a0 is an unknown value
x6 =0x0 is null
x7 =0x0 is null
x8 =0x000000016b9c7940 is pointing into the stack for thread: 0x0000000104fbafe0
x9 =0x0000000000000009 is an unknown value
x10=0x0000000000000001 is an unknown value
x11=0x0000000000000002 is an unknown value
x12={method} {0x0000000139140458} 'linkToVirtual' '(Ljava/lang/Object;Ljava/lang/invoke/MemberName;)V' in 'java/lang/invoke/MethodHandle'
x13=0x0000000000000300 is an unknown value
x14=0x0000000000025800 is an unknown value
x15=0x0 is null
x16=0x000000018250ea1c: pthread_jit_write_protect_np+0 in /usr/lib/system/libsystem_pthread.dylib at 0x0000000182507000
x17=0x0000000104fb80f0 points into unknown readable memory: 0x00000000ffffffff | ff ff ff ff 00 00 00 00
x18=0x0 is null
x19=0x00001ff0001e02f8 is a pointer to class: 
java.lang.invoke.MethodHandle {0x00001ff0001e02f8}
 - instance size:     4
 - klass size:        109
 - access:            public synchronized abstract 
 - flags:             rewritten has_nonstatic_fields is_shared_boot_class has_localvariable_table has_final_method has_resolved_methods 
 - state:             fully_initialized
 - name:              'java/lang/invoke/MethodHandle'
 - super:             'java/lang/Object'
 - sub:               'java/lang/invoke/DelegatingMethodHandle'   'java/lang/invoke/BoundMethodHandle'   'java/lang/invoke/DirectMethodHandle'   
 - arrays:            'java/lang/invoke/MethodHandle'[]
 - methods:           Array<T>(0x00001ff0007b28f8)
 - method ordering:   Array<T>(0x00001ff00065e870)
 - local interfaces:  Array<T>(0x00001ff0007b11b0)
 - trans. interfaces: Array<T>(0x00001ff0007b11b0)
 - secondary supers: Array<T>(0x00001ff0007b11b0)
 - hash_slot:         40
 - secondary bitmap: 0x8000000000000000
 - constants:         constant pool [734] {0x00001ff0007b11c0} for 'java/lang/invoke/MethodHandle' cache=0x00001ff0004597b0
 - class loader data:  loader data: 0x0000000a17090fa0 of 'bootstrap'
 - source file:       'MethodHandle.java'
 - inner classes:     Array<T>(0x00001ff00065e838)
 - nest members:     Array<T>(0x00001ff00065e9b0)
 - permitted subclasses:     Array<T>(0x00001ff00065e9c0)
 - java mirror:       a 'java/lang/Class'{0x0000007000801238} = 'java/lang/invoke/MethodHandle'
 - vtable length      43  (start addr: 0x00001ff0001e04d8)
 - itable length      5 (start addr: 0x00001ff0001e0630)
 - ---- static fields (3 words):
 - private static final 'FORM_OFFSET' 'J' @112 
 - private static final 'UPDATE_OFFSET' 'J' @120 
 - static final synthetic '$assertionsDisabled' 'Z' @128 
 - ---- non-static fields (5 words):
 - private 'customizationCount' 'B' @12 
 - private volatile 'updateInProgress' 'Z' @13 
 - private final 'type' 'Ljava/lang/invoke/MethodType;' @16 
 - final 'form' 'Ljava/lang/invoke/LambdaForm;' @20 
 - private 'asTypeCache' 'Ljava/lang/invoke/MethodHandle;' @24 
 - private 'asTypeSoftCache' 'Ljava/lang/ref/SoftReference;' @28 
 - non-static oop maps: 16-28 
x20=0x000000016b9c7938 is pointing into the stack for thread: 0x0000000104fbafe0
x21=0x000000010aee5670: _ZN19TemplateInterpreter13_active_tableE+0 in /opt/homebrew/Cellar/openjdk/24.0.1/libexec/openjdk.jdk/Contents/Home/lib/server/libjvm.dylib at 0x000000010a380000
x22=0x0000000139402272 is pointing into metadata
x23=0x000000703e339b10 is an oop: [Ljava.lang.Object; 
{0x000000703e339b10} - klass: 'java/lang/Object'[] - flags: is_cloneable_fast 

 - length: 10
x24=0x000000016b9c79b0 is pointing into the stack for thread: 0x0000000104fbafe0
x25=0x000000700545a9d8 is an oop: [B 
{0x000000700545a9d8} - klass: {type array byte} - flags: is_cloneable_fast 

 - length: 1
 -   0: a  
x26=0x0000000139402428 is pointing into metadata
x27=0x0000007000000000 is an unknown value
x28=0x0000000104fbafe0 is a thread
 fp=0x000000016b9c7990 is pointing into the stack for thread: 0x0000000104fbafe0
 lr=0x000000011b2bd074 is at code_begin+3764 in an Interpreter codelet
return entry points  [0x000000011b2bc1c0, 0x000000011b2bdb88]  6600 bytes
 sp=0x000000016b9c7910 is pointing into the stack for thread: 0x0000000104fbafe0

Top of Stack: (sp=0x000000016b9c7910)
0x000000016b9c7910:   000000016b9c7990 000000011b2d7ac0   .y.k.....z-.....
0x000000016b9c7920:   000000016b9c7950 000000700545a9d8   Py.k......E.p...
0x000000016b9c7930:   0000000139a13ab8 0000007003800068   .:.9....h...p...
0x000000016b9c7940:   fffffffffffffff6 0000000139402272   ........r"@9....
0x000000016b9c7950:   0000000000000004 0000000139402428   ........($@9....
0x000000016b9c7960:   0000007000800910 fffffffffffffff0   ....p...........
0x000000016b9c7970:   0000000139402610 0000000139402280   .&@9....."@9....
0x000000016b9c7980:   0000000000000000 000000016b9c79c0   .........y.k....
0x000000016b9c7990:   000000016b9c9030 0000000114888620   0..k.... .......
0x000000016b9c79a0:   00000070038000a0 0000007003800068   ....p...h...p...
0x000000016b9c79b0:   0000007003800078 0000000114888620   x...p... .......
0x000000016b9c79c0:   000000703e33a168 000000016b9c7a48   h.3>p...Hz.k....
0x000000016b9c79d0:   000000016b9c9030 00000070038000d0   0..k........p...
0x000000016b9c79e0:   0000007003800068 00000070038000f8   h...p.......p...
0x000000016b9c79f0:   0000007003800078 0000007003800068   x...p...h...p...
0x000000016b9c7a00:   0000000114888518 0000000000000000   ................
0x000000016b9c7a10:   000000016b9c9030 0000000114665938   0..k....8Yf.....
0x000000016b9c7a20:   00001ff0012086e8 0000000104fbafe0   .. .............
0x000000016b9c7a30:   0000000100000000 00000070053d3a88   .........:=.p...
0x000000016b9c7a40:   000000700537f820 000000703e33a168    .7.p...h.3>p...
0x000000016b9c7a50:   0000000104fbafe0 00001ff0012086e8   .......... .....
0x000000016b9c7a60:   0000000000000001 000000016b9c7aa0   .........z.k....
0x000000016b9c7a70:   000000016b9c7a90 000000010a8f8930   .z.k....0.......
0x000000016b9c7a80:   0000000000000001 0000000104fbafe0   ................
0x000000016b9c7a90:   000000016b9c9030 000000011463900c   0..k......c.....
0x000000016b9c7aa0:   00000070053d3a88 000000700537f820   .:=.p... .7.p...
0x000000016b9c7ab0:   000000700537f820 0000000000000001    .7.p...........
0x000000016b9c7ac0:   a81a664ba2bfe800 0000007003800120   ....Kf.. ...p...
0x000000016b9c7ad0:   0000007003800140 0000007003800068   @...p...h...p...
0x000000016b9c7ae0:   000000016b9c9030 000000011442b3dc   0..k......B.....
0x000000016b9c7af0:   0000007005f78550 00000070038000d0   P...p.......p...
0x000000016b9c7b00:   000000016b9c7b60 000000700576fb98   `{.k......v.p...

Instructions: (pc=0x000000011b2d12b8)
  0x000000011b2d11b8:   00 00 1f d6 88 07 40 f9 a8 00 00 b4 08 08 90 d2
  0x000000011b2d11c8:   68 65 a3 f2 28 00 c0 f2 00 01 1f d6 b6 e3 7b a9
  0x000000011b2d11d8:   b8 6f 38 8b c3 12 40 78 e2 07 7d b2 63 7c 02 9b
  0x000000011b2d11e8:   42 1f 40 f9 42 20 00 91 42 60 23 8b 53 00 40 f9
  0x000000011b2d11f8:   73 06 40 f9 73 06 40 f9 73 0e 40 f9 68 02 05 91
  0x000000011b2d1208:   08 fd df 08 1f 11 00 f1 80 00 00 54 68 a6 40 f9
  0x000000011b2d1218:   9f 03 08 eb a1 f7 ff 54 43 54 40 39 4c 00 40 f9
  0x000000011b2d1228:   b6 83 1b f8 49 50 40 39 08 6f 95 d2 c8 5d a1 f2
  0x000000011b2d1238:   28 00 c0 f2 1e 79 69 f8 a0 03 5e f8 e0 00 00 b4
  0x000000011b2d1248:   08 04 40 f9 08 05 00 b1 42 00 00 54 08 04 00 f9
  0x000000011b2d1258:   00 40 00 91 a0 03 1e f8 a0 03 5e f8 80 0a 00 b4
  0x000000011b2d1268:   08 00 5f 38 1f 29 00 f1 21 0a 00 54 04 00 40 f9
  0x000000011b2d1278:   84 00 00 d1 9f 08 00 f1 08 20 00 91 2b 09 00 54
  0x000000011b2d1288:   84 05 40 f9 84 5c 40 79 08 04 40 f9 84 00 08 cb
  0x000000011b2d1298:   84 04 00 d1 88 6e 24 8b 04 01 40 f9 a4 00 00 b5
  0x000000011b2d12a8:   08 08 40 f9 08 01 40 b2 08 08 00 f9 15 00 00 14
=>0x000000011b2d12b8:   84 08 40 b9 84 20 5c d2 08 08 40 f9 84 00 08 ca
  0x000000011b2d12c8:   9f f4 7e f2 e0 01 00 54 c4 01 08 37 88 01 00 b4
  0x000000011b2d12d8:   1f 05 00 f1 40 01 00 54 84 00 08 ca 08 08 40 f9
  0x000000011b2d12e8:   84 00 08 ca 9f f4 7e f2 c0 00 00 54 08 08 40 f9
  0x000000011b2d12f8:   08 01 7f b2 08 08 00 f9 02 00 00 14 04 08 00 f9
  0x000000011b2d1308:   04 00 40 f9 84 08 00 d1 9f 08 00 f1 08 60 00 91
  0x000000011b2d1318:   8b 04 00 54 84 05 40 f9 84 5c 40 79 08 0c 40 f9
  0x000000011b2d1328:   84 00 08 cb 84 04 00 d1 88 6e 24 8b 04 01 40 f9
  0x000000011b2d1338:   a4 00 00 b5 08 10 40 f9 08 01 40 b2 08 10 00 f9
  0x000000011b2d1348:   15 00 00 14 84 08 40 b9 84 20 5c d2 08 10 40 f9
  0x000000011b2d1358:   84 00 08 ca 9f f4 7e f2 e0 01 00 54 c4 01 08 37
  0x000000011b2d1368:   88 01 00 b4 1f 05 00 f1 40 01 00 54 84 00 08 ca
  0x000000011b2d1378:   08 10 40 f9 84 00 08 ca 9f f4 7e f2 c0 00 00 54
  0x000000011b2d1388:   08 10 40 f9 08 01 7f b2 08 10 00 f9 02 00 00 14
  0x000000011b2d1398:   04 10 00 f9 04 00 40 f9 84 10 00 d1 08 a0 00 91
  0x000000011b2d13a8:   e0 03 08 aa 00 0c 04 8b a0 03 1e f8 f3 03 00 91


Stack slot to memory mapping:

stack at sp + 0 slots: 0x000000016b9c7990 is pointing into the stack for thread: 0x0000000104fbafe0
stack at sp + 1 slots: 0x000000011b2d7ac0 is at code_begin+0 in an Interpreter codelet
deoptimization entry points  [0x000000011b2d7ac0, 0x000000011b2da448]  10632 bytes
stack at sp + 2 slots: 0x000000016b9c7950 is pointing into the stack for thread: 0x0000000104fbafe0
stack at sp + 3 slots: 0x000000700545a9d8 is an oop: [B 
{0x000000700545a9d8} - klass: {type array byte} - flags: is_cloneable_fast 

 - length: 1
 -   0: a  
stack at sp + 4 slots: 0x0000000139a13ab8 is pointing into metadata
stack at sp + 5 slots: 0x0000007003800068 is an oop: com.aerospike.client.sdk.query.QueryFilterSetTest 
{0x0000007003800068} - klass: 'com/aerospike/client/sdk/query/QueryFilterSetTest' - flags: 

 - ---- fields (total size 2 words):
stack at sp + 6 slots: 0xfffffffffffffff6 is an unknown value
stack at sp + 7 slots: 0x0000000139402272 is pointing into metadata

Lock stack of current Java thread (top to bottom):

invokestatic  184 invokestatic  [0x000000011b2d10c0, 0x000000011b2d13e0]  800 bytes
[MachCode]
  0x000000011b2d10c0: 808e 1ff8 | 0900 0014 | 808e 1fbc | 0700 0014 | 800e 1ffc | 0500 0014 | 9f8e 1ff8 | 808e 1ff8 
  0x000000011b2d10e0: 0200 0014 | 808e 1ff8 | c312 4078 | e207 7db2 | 637c 029b | 421f 40f9 | 4220 0091 | 4260 238b 
  0x000000011b2d1100: 5358 0091 | 73fe df08 | 7fe2 02f1 | 4007 0054 | 1317 80d2 | e103 13aa | b683 1bf8 | e003 1caa 
  0x000000011b2d1120: 2801 0010 | 88db 01f9 | 94d7 01f9 | 9ddf 01f9 | e833 bfa9 | 88ea 92d2 | a84e a1f2 | 2800 c0f2 
  0x000000011b2d1140: 0001 3fd6 | e833 c1a8 | feff ff10 | 9fd7 01f9 | 9fdf 01f9 | 9fdb 01f9 | 8837 45b9 | 2801 0036 
  0x000000011b2d1160: 0801 0837 | e833 bfa9 | 8888 9cd2 | 884e a1f2 | 2800 c0f2 | 0001 3fd6 | e833 c1a8 | 0000 1fd6 
  0x000000011b2d1180: 88ef 42f9 | c801 00b4 | 089d 40b9 | 1f05 0071 | 6101 0054 | 88ef 42f9 | 08a1 40b9 | e003 08aa 
  0x000000011b2d11a0: e833 bfa9 | 08fa 9cd2 | 884e a1f2 | 2800 c0f2 | 0001 3fd6 | e833 c1a8 | 0000 1fd6 | 8807 40f9 
  0x000000011b2d11c0: a800 00b4 | 0808 90d2 | 6865 a3f2 | 2800 c0f2 | 0001 1fd6 | b6e3 7ba9 | b86f 388b | c312 4078 
  0x000000011b2d11e0: e207 7db2 | 637c 029b | 421f 40f9 | 4220 0091 | 4260 238b | 5300 40f9 | 7306 40f9 | 7306 40f9 
  0x000000011b2d1200: 730e 40f9 | 6802 0591 | 08fd df08 | 1f11 00f1 | 8000 0054 | 68a6 40f9 | 9f03 08eb | a1f7 ff54 
  0x000000011b2d1220: 4354 4039 | 4c00 40f9 | b683 1bf8 | 4950 4039 | 086f 95d2 | c85d a1f2 | 2800 c0f2 | 1e79 69f8 
  0x000000011b2d1240: a003 5ef8 | e000 00b4 | 0804 40f9 | 0805 00b1 | 4200 0054 | 0804 00f9 | 0040 0091 | a003 1ef8 
  0x000000011b2d1260: a003 5ef8 | 800a 00b4 | 0800 5f38 | 1f29 00f1 | 210a 0054 | 0400 40f9 | 8400 00d1 | 9f08 00f1 
  0x000000011b2d1280: 0820 0091 | 2b09 0054 | 8405 40f9 | 845c 4079 | 0804 40f9 | 8400 08cb | 8404 00d1 | 886e 248b 
  0x000000011b2d12a0: 0401 40f9 | a400 00b5 | 0808 40f9 | 0801 40b2 | 0808 00f9 | 1500 0014 | 8408 40b9 | 8420 5cd2 
  0x000000011b2d12c0: 0808 40f9 | 8400 08ca | 9ff4 7ef2 | e001 0054 | c401 0837 | 8801 00b4 | 1f05 00f1 | 4001 0054 
  0x000000011b2d12e0: 8400 08ca | 0808 40f9 | 8400 08ca | 9ff4 7ef2 | c000 0054 | 0808 40f9 | 0801 7fb2 | 0808 00f9 
  0x000000011b2d1300: 0200 0014 | 0408 00f9 | 0400 40f9 | 8408 00d1 | 9f08 00f1 | 0860 0091 | 8b04 0054 | 8405 40f9 
  0x000000011b2d1320: 845c 4079 | 080c 40f9 | 8400 08cb | 8404 00d1 | 886e 248b | 0401 40f9 | a400 00b5 | 0810 40f9 
  0x000000011b2d1340: 0801 40b2 | 0810 00f9 | 1500 0014 | 8408 40b9 | 8420 5cd2 | 0810 40f9 | 8400 08ca | 9ff4 7ef2 
  0x000000011b2d1360: e001 0054 | c401 0837 | 8801 00b4 | 1f05 00f1 | 4001 0054 | 8400 08ca | 0810 40f9 | 8400 08ca 
  0x000000011b2d1380: 9ff4 7ef2 | c000 0054 | 0810 40f9 | 0801 7fb2 | 0810 00f9 | 0200 0014 | 0410 00f9 | 0400 40f9 
  0x000000011b2d13a0: 8410 00d1 | 08a0 0091 | e003 08aa | 000c 048b | a003 1ef8 | f303 0091 | 8802 1dcb | 08fd 4393 
  0x000000011b2d13c0: a803 1ff8 | 88e3 45b9 | 6800 0034 | 881d 40f9 | 0001 1fd6 | 8829 40f9 | 0001 1fd6 | 1f20 03d5 
[/MachCode]

Compiled method (c1) 1991130 6296       3       java.lang.invoke.LambdaForm$MH/0x00001ff00120c400::invoke (36 bytes)
 total in heap  [0x0000000114887e48,0x0000000114888660] = 2072
 relocation     [0x0000000114887f20,0x0000000114887fa8] = 136
 main code      [0x0000000114887fc0,0x00000001148885a8] = 1512
 stub code      [0x00000001148885a8,0x0000000114888628] = 128
 oops           [0x0000000114888628,0x0000000114888630] = 8
 metadata       [0x0000000114888630,0x0000000114888660] = 48
 immutable data [0x0000000a175a4f00,0x0000000a175a5060] = 352
 dependencies   [0x0000000a175a4f00,0x0000000a175a4f08] = 8
 nul chk table  [0x0000000a175a4f08,0x0000000a175a4f28] = 32
 scopes pcs     [0x0000000a175a4f28,0x0000000a175a4fd8] = 176
 scopes data    [0x0000000a175a4fd8,0x0000000a175a5060] = 136

[Constant Pool (empty)]

[MachCode]
[Verified Entry Point]
  # {method} {0x0000000139f98ab0} 'invoke' '(Ljava/lang/Object;Ljava/lang/Object;)Ljava/lang/Object;' in 'java/lang/invoke/LambdaForm$MH+0x00001ff00120c400'
  # parm0:    c_rarg1:c_rarg1 
                        = 'java/lang/Object'
  # parm1:    c_rarg2:c_rarg2 
                        = 'java/lang/Object'
  #           [sp+0x60]  (sp of caller)
  0x0000000114887fc0: 1f20 03d5 | e953 40d1 | 3f01 00f9 | ff83 01d1 | fd7b 05a9 | 2801 0018 | 8923 40b9 | 1f01 09eb 
  0x0000000114887fe0: e000 0054 

  0x0000000114887fe4: ;   {runtime_call StubRoutines (final stubs)}
  0x0000000114887fe4: 0800 99d2 | e865 a3f2 | 2800 c0f2 | 0001 3fd6 | 0200 0014 | 0300 0000 

  0x0000000114887ffc: ;   {metadata(method data for {method} {0x0000000139f98ab0} 'invoke' '(Ljava/lang/Object;Ljava/lang/Object;)Ljava/lang/Object;' in 'java/lang/invoke/LambdaForm$MH+0x00001ff00120c400')}
  0x0000000114887ffc: 00a3 91d2 | 203f a7f2 | 2000 c0f2 | 00e0 0991 | e303 01aa | a300 00b5 | 0900 40f9 | 2901 40b2 
  0x000000011488801c: 0900 00f9 | 0b00 0014 | 6308 40b9 | 6320 5cd2 | 0900 40f9 | 6300 09ca | 68f4 7e92 | a800 00b4 
  0x000000011488803c: 8300 0837 | 0900 40f9 | 2901 7fb2 | 0900 00f9 | e303 02aa | 8300 00b5 | 0908 40f9 | 2901 40b2 
  0x000000011488805c: 0908 00f9 

  0x0000000114888060: ;   {metadata(method data for {method} {0x0000000139f98ab0} 'invoke' '(Ljava/lang/Object;Ljava/lang/Object;)Ljava/lang/Object;' in 'java/lang/invoke/LambdaForm$MH+0x00001ff00120c400')}
  0x0000000114888060: 00a3 91d2 | 203f a7f2 | 2000 c0f2 | 03ac 40b9 | 6308 0011 | 03ac 00b9 | 6324 1f12 | 7f00 0071 
  0x0000000114888080: 0026 0054 

  0x0000000114888084: ;   {metadata(method data for {method} {0x0000000139f98ab0} 'invoke' '(Ljava/lang/Object;Ljava/lang/Object;)Ljava/lang/Object;' in 'java/lang/invoke/LambdaForm$MH+0x00001ff00120c400')}
  0x0000000114888084: 05a3 91d2 | 253f a7f2 | 2500 c0f2 | a100 00b5 | a8a4 4339 | 0801 40b2 | a8a4 0339 | 2e00 0014 
  0x00000001148880a4: 2408 40b9 | 8420 5cd2 | a9e0 0391 | 2801 40f9 | 9f00 08eb | a100 0054 | a880 40f9 | 0805 0091 
  0x00000001148880c4: a880 00f9 | 1c00 0014 | a920 0491 | 2801 40f9 | 9f00 08eb | a100 0054 | a888 40f9 | 0805 0091 
  0x00000001148880e4: a888 00f9 | 1400 0014 | a9e0 0391 | 2801 40f9 | c800 00b5 | 2401 00f9 | e803 40b2 | a900 0491 
  0x0000000114888104: 2801 00f9 | 0c00 0014 | a920 0491 | 2801 40f9 | c800 00b5 | 2401 00f9 | e803 40b2 | a940 0491 
  0x0000000114888124: 2801 00f9 | 0400 0014 | a878 40f9 | 0805 0091 | a878 00f9 

  0x0000000114888138: ;   {metadata('java/lang/invoke/BoundMethodHandle$Species_LL')}
  0x0000000114888138: 04e7 98d2 | a406 a0f2 | 04fe c3f2 | 2808 40b9 | 0821 5cd2 | 1f01 04eb | 8120 0054 | 0100 0014 
  0x0000000114888158: e003 01aa | e00f 00f9 

  0x0000000114888160: ; implicit exception: dispatches to 0x0000000114888568
  0x0000000114888160: 0324 40b9 | 4300 00b4 | 630f 038b 

  0x000000011488816c: ;   {metadata(method data for {method} {0x0000000139f98ab0} 'invoke' '(Ljava/lang/Object;Ljava/lang/Object;)Ljava/lang/Object;' in 'java/lang/invoke/LambdaForm$MH+0x00001ff00120c400')}
  0x000000011488816c: 06a3 91d2 | 263f a7f2 | 2600 c0f2 | a300 00b5 | c864 4439 | 0801 40b2 | c864 0439 | 2f00 0014 
  0x000000011488818c: 6508 40b9 | a520 5cd2 | c9a0 0491 | 2801 40f9 | bf00 08eb | a100 0054 | c898 40f9 | 0805 0091 
  0x00000001148881ac: c898 00f9 | 1c00 0014 | c9e0 0491 | 2801 40f9 | bf00 08eb | a100 0054 | c8a0 40f9 | 0805 0091 
  0x00000001148881cc: c8a0 00f9 | 1400 0014 | c9a0 0491 | 2801 40f9 | c800 00b5 | 2501 00f9 | e803 40b2 | c9c0 0491 
  0x00000001148881ec: 2801 00f9 | 0c00 0014 | c9e0 0491 | 2801 40f9 | c800 00b5 | 2501 00f9 | e803 40b2 | c900 0591 
  0x000000011488820c: 2801 00f9 | 0400 0014 | c890 40f9 | 0805 0091 | c890 00f9 

  0x0000000114888220: ;   {metadata('java/lang/invoke/MethodHandle')}
  0x0000000114888220: 055f 80d2 | c503 a0f2 | 05fe c3f2 | 6608 40b9 | c620 5cd2 | c81c 40f9 | bf00 08eb | 8119 0054 
  0x0000000114888240: 0100 0014 | e103 03aa 

  0x0000000114888248: ; implicit exception: dispatches to 0x0000000114888574
  0x0000000114888248: 3f00 40f9 

  0x000000011488824c: ;   {metadata(method data for {method} {0x0000000139f98ab0} 'invoke' '(Ljava/lang/Object;Ljava/lang/Object;)Ljava/lang/Object;' in 'java/lang/invoke/LambdaForm$MH+0x00001ff00120c400')}
  0x000000011488824c: 04a3 91d2 | 243f a7f2 | 2400 c0f2 | 8400 0691 | e503 02aa | 8500 00b5 | 8904 40f9 | 2901 40b2 
  0x000000011488826c: 8904 00f9 | e403 01aa 

  0x0000000114888274: ;   {metadata(method data for {method} {0x0000000139f98ab0} 'invoke' '(Ljava/lang/Object;Ljava/lang/Object;)Ljava/lang/Object;' in 'java/lang/invoke/LambdaForm$MH+0x00001ff00120c400')}
  0x0000000114888274: 05a3 91d2 | 253f a7f2 | 2500 c0f2 | 8408 40b9 | 8420 5cd2 | a960 0591 | 2801 40f9 | 9f00 08eb 
  0x0000000114888294: a100 0054 | a8b0 40f9 | 0805 0091 | a8b0 00f9 | 1c00 0014 | a9a0 0591 | 2801 40f9 | 9f00 08eb 
  0x00000001148882b4: a100 0054 | a8b8 40f9 | 0805 0091 | a8b8 00f9 | 1400 0014 | a960 0591 | 2801 40f9 | c800 00b5 
  0x00000001148882d4: 2401 00f9 | e803 40b2 | a980 0591 | 2801 00f9 | 0c00 0014 | a9a0 0591 | 2801 40f9 | c800 00b5 
  0x00000001148882f4: 2401 00f9 | e803 40b2 | a9c0 0591 | 2801 00f9 | 0400 0014 | a8a8 40f9 | 0805 0091 | a8a8 00f9 
  0x0000000114888314: e403 02aa | e203 04aa | e40f 02a9 

  0x0000000114888320: ; ImmutableOopMap {[24]=Oop [32]=Oop [40]=Oop }
                      ;*invokevirtual invokeBasic {reexecute=0 rethrow=0 return_oop=0}
                      ; - java.lang.invoke.LambdaForm$MH/0x00001ff00120c400::invoke@15
                      ;   {optimized virtual_call}
  0x0000000114888320: 7807 bf95 

  0x0000000114888324: ;   {post_call_nop}
  0x0000000114888324: 1f20 03d5 | 9f9b 80f2 | 1f00 80f2 

  0x0000000114888330: ;   {metadata(method data for {method} {0x0000000139f98ab0} 'invoke' '(Ljava/lang/Object;Ljava/lang/Object;)Ljava/lang/Object;' in 'java/lang/invoke/LambdaForm$MH+0x00001ff00120c400')}
  0x0000000114888330: 02a3 91d2 | 223f a7f2 | 2200 c0f2 | 4240 0691 | e103 00aa | 8100 00b5 | 4900 40f9 | 2901 40b2 
  0x0000000114888350: 4900 00f9 | e30f 40f9 | 6420 40b9 | 4400 00b4 | 640f 048b 

  0x0000000114888364: ;   {metadata(method data for {method} {0x0000000139f98ab0} 'invoke' '(Ljava/lang/Object;Ljava/lang/Object;)Ljava/lang/Object;' in 'java/lang/invoke/LambdaForm$MH+0x00001ff00120c400')}
  0x0000000114888364: 06a3 91d2 | 263f a7f2 | 2600 c0f2 | a400 00b5 | c864 4639 | 0801 40b2 | c864 0639 | 2f00 0014 
  0x0000000114888384: 8508 40b9 | a520 5cd2 | c9a0 0691 | 2801 40f9 | bf00 08eb | a100 0054 | c8d8 40f9 | 0805 0091 
  0x00000001148883a4: c8d8 00f9 | 1c00 0014 | c9e0 0691 | 2801 40f9 | bf00 08eb | a100 0054 | c8e0 40f9 | 0805 0091 
  0x00000001148883c4: c8e0 00f9 | 1400 0014 | c9a0 0691 | 2801 40f9 | c800 00b5 | 2501 00f9 | e803 40b2 | c9c0 0691 
  0x00000001148883e4: 2801 00f9 | 0c00 0014 | c9e0 0691 | 2801 40f9 | c800 00b5 | 2501 00f9 | e803 40b2 | c900 0791 
  0x0000000114888404: 2801 00f9 | 0400 0014 | c8d0 40f9 | 0805 0091 | c8d0 00f9 

  0x0000000114888418: ;   {metadata('java/lang/invoke/MethodHandle')}
  0x0000000114888418: 055f 80d2 | c503 a0f2 | 05fe c3f2 | 8608 40b9 | c620 5cd2 | c81c 40f9 | bf00 08eb | 210a 0054 
  0x0000000114888438: 0100 0014 | e103 04aa 

  0x0000000114888440: ; implicit exception: dispatches to 0x0000000114888580
  0x0000000114888440: 3f00 40f9 

  0x0000000114888444: ;   {metadata(method data for {method} {0x0000000139f98ab0} 'invoke' '(Ljava/lang/Object;Ljava/lang/Object;)Ljava/lang/Object;' in 'java/lang/invoke/LambdaForm$MH+0x00001ff00120c400')}
  0x0000000114888444: 02a3 91d2 | 223f a7f2 | 2200 c0f2 | 4200 0891 | e503 00aa | 8500 00b5 | 4904 40f9 | 2901 40b2 
  0x0000000114888464: 4904 00f9 | e203 01aa 

  0x000000011488846c: ;   {metadata(method data for {method} {0x0000000139f98ab0} 'invoke' '(Ljava/lang/Object;Ljava/lang/Object;)Ljava/lang/Object;' in 'java/lang/invoke/LambdaForm$MH+0x00001ff00120c400')}
  0x000000011488846c: 05a3 91d2 | 253f a7f2 | 2500 c0f2 | 4208 40b9 | 4220 5cd2 | a960 0791 | 2801 40f9 | 5f00 08eb 
  0x000000011488848c: a100 0054 | a8f0 40f9 | 0805 0091 | a8f0 00f9 | 1c00 0014 | a9a0 0791 | 2801 40f9 | 5f00 08eb 
  0x00000001148884ac: a100 0054 | a8f8 40f9 | 0805 0091 | a8f8 00f9 | 1400 0014 | a960 0791 | 2801 40f9 | c800 00b5 
  0x00000001148884cc: 2201 00f9 | e803 40b2 | a980 0791 | 2801 00f9 | 0c00 0014 | a9a0 0791 | 2801 40f9 | c800 00b5 
  0x00000001148884ec: 2201 00f9 | e803 40b2 | a9c0 0791 | 2801 00f9 | 0400 0014 | a8e8 40f9 | 0805 0091 | a8e8 00f9 
  0x000000011488850c: e203 00aa | e403 03a9 

  0x0000000114888514: ; ImmutableOopMap {[24]=Oop [32]=Oop [40]=Oop [48]=Oop [56]=Oop }
                      ;*invokevirtual invokeBasic {reexecute=0 rethrow=0 return_oop=0}
                      ; - java.lang.invoke.LambdaForm$MH/0x00001ff00120c400::invoke@31
                      ;   {optimized virtual_call}
  0x0000000114888514: 3b5f c495 

  0x0000000114888518: ;   {post_call_nop}
  0x0000000114888518: 1f20 03d5 | 1fda 80f2 | 1f20 80f2 | e003 1faa | fd7b 45a9 | ff83 0191 

  0x0000000114888530: ;   {poll_return}
  0x0000000114888530: 8817 40f9 | ff63 28eb | 6802 0054 | c003 5fd6 

  0x0000000114888540: ;   {metadata({method} {0x0000000139f98ab0} 'invoke' '(Ljava/lang/Object;Ljava/lang/Object;)Ljava/lang/Object;' in 'java/lang/invoke/LambdaForm$MH+0x00001ff00120c400')}
  0x0000000114888540: 0856 91d2 | 283f a7f2 | 2800 c0f2 | e807 00f9 | 0800 8092 | e803 00f9 

  0x0000000114888558: ; ImmutableOopMap {c_rarg1=Oop c_rarg2=Oop }
                      ;*synchronization entry
                      ; - java.lang.invoke.LambdaForm$MH/0x00001ff00120c400::invoke@-1
                      ;   {runtime_call C1 Runtime counter_overflow_blob}
  0x0000000114888558: 0a17 ad95 | cafe ff17 | e803 01aa 

  0x0000000114888564: ; ImmutableOopMap {c_rarg1=Oop c_rarg2=Oop }
                      ;*checkcast {reexecute=0 rethrow=0 return_oop=0}
                      ; - java.lang.invoke.LambdaForm$MH/0x00001ff00120c400::invoke@1
                      ;   {runtime_call C1 Runtime throw_class_cast_exception_blob}
  0x0000000114888564: b711 ad95 

  0x0000000114888568: ; ImmutableOopMap {c_rarg2=Oop c_rarg0=Oop [24]=Oop }
                      ;*getfield argL1 {reexecute=1 rethrow=0 return_oop=0}
                      ; - (reexecute) java.lang.invoke.LambdaForm$MH/0x00001ff00120c400::invoke@6
                      ;   {runtime_call C1 Runtime throw_null_pointer_exception_blob}
  0x0000000114888568: 260a ad95 | e803 03aa 

  0x0000000114888570: ; ImmutableOopMap {c_rarg2=Oop c_rarg0=Oop c_rarg3=Oop [24]=Oop }
                      ;*checkcast {reexecute=0 rethrow=0 return_oop=0}
                      ; - java.lang.invoke.LambdaForm$MH/0x00001ff00120c400::invoke@11
                      ;   {runtime_call C1 Runtime throw_class_cast_exception_blob}
  0x0000000114888570: b411 ad95 

  0x0000000114888574: ; ImmutableOopMap {c_rarg2=Oop c_rarg0=Oop c_rarg3=Oop c_rarg1=Oop [24]=Oop }
                      ;*invokevirtual invokeBasic {reexecute=0 rethrow=0 return_oop=0}
                      ; - java.lang.invoke.LambdaForm$MH/0x00001ff00120c400::invoke@15
                      ;   {runtime_call C1 Runtime throw_null_pointer_exception_blob}
  0x0000000114888574: 230a ad95 | e803 04aa 

  0x000000011488857c: ; ImmutableOopMap {c_rarg0=Oop c_rarg3=Oop c_rarg4=Oop [24]=Oop [32]=Oop [40]=Oop }
                      ;*checkcast {reexecute=0 rethrow=0 return_oop=0}
                      ; - java.lang.invoke.LambdaForm$MH/0x00001ff00120c400::invoke@27
                      ;   {runtime_call C1 Runtime throw_class_cast_exception_blob}
  0x000000011488857c: b111 ad95 

  0x0000000114888580: ; ImmutableOopMap {c_rarg0=Oop c_rarg3=Oop c_rarg4=Oop c_rarg1=Oop [24]=Oop [32]=Oop [40]=Oop }
                      ;*invokevirtual invokeBasic {reexecute=0 rethrow=0 return_oop=0}
                      ; - java.lang.invoke.LambdaForm$MH/0x00001ff00120c400::invoke@31
                      ;   {runtime_call C1 Runtime throw_null_pointer_exception_blob}
  0x0000000114888580: 200a ad95 

  0x0000000114888584: ;   {internal_word}
  0x0000000114888584: 68fd ff10 | 8833 02f9 

  0x000000011488858c: ;   {runtime_call SafepointBlob}
  0x000000011488858c: 3dc5 a915 | 8087 42f9 | 9f87 02f9 | 9f8b 02f9 | fd7b 45a9 | ff83 0191 

  0x00000001148885a4: ;   {runtime_call C1 Runtime unwind_exception_blob}
  0x00000001148885a4: 2708 ad15 
[Stub Code]
  0x00000001148885a8: ;   {no_reloc}
  0x00000001148885a8: 4800 0058 | 0001 1fd6 | 00a1 841b | 0100 0000 

  0x00000001148885b8: ;   {trampoline_stub}
  0x00000001148885b8: 4800 0058 | 0001 1fd6 | 0002 9a1b | 0100 0000 

  0x00000001148885c8: ;   {static_stub}
  0x00000001148885c8: df3f 03d5 

  0x00000001148885cc: ;   {metadata(nullptr)}
  0x00000001148885cc: 0c00 80d2 | 0c00 a0f2 | 0c00 c0f2 | 0800 80d2 | 0800 a0f2 | 0800 c0f2 | 0001 1fd6 

  0x00000001148885e8: ;   {static_stub}
  0x00000001148885e8: df3f 03d5 

  0x00000001148885ec: ;   {metadata(nullptr)}
  0x00000001148885ec: 0c00 80d2 | 0c00 a0f2 | 0c00 c0f2 | 0800 80d2 | 0800 a0f2 | 0800 c0f2 | 0001 1fd6 
[Exception Handler]
  0x0000000114888608: ;   {runtime_call C1 Runtime handle_exception_from_callee_blob}
  0x0000000114888608: fe0f ad95 | c1d5 bbd4 | fd59 d10a | 0100 0000 
[Deopt Handler Code]
  0x0000000114888618: 1e00 0010 

  0x000000011488861c: ;   {runtime_call DeoptimizationBlob}
  0x000000011488861c: 99c5 a915 
[Deopt MH Handler Code]
  0x0000000114888620: 1e00 0010 

  0x0000000114888624: ;   {runtime_call DeoptimizationBlob}
  0x0000000114888624: 97c5 a915 
[/MachCode]


Compiled method (c1) 1991140 5196   !   3       jdk.internal.reflect.DirectMethodHandleAccessor::invoke (92 bytes)
 total in heap  [0x00000001146632c8,0x0000000114665a90] = 10184
 relocation     [0x00000001146633a0,0x0000000114663750] = 944
 main code      [0x0000000114663780,0x0000000114665600] = 7808
 stub code      [0x0000000114665600,0x0000000114665940] = 832
 oops           [0x0000000114665940,0x0000000114665968] = 40
 metadata       [0x0000000114665968,0x0000000114665a90] = 296
 immutable data [0x0000000a1b495000,0x0000000a1b495ed8] = 3800
 dependencies   [0x0000000a1b495000,0x0000000a1b495020] = 32
 nul chk table  [0x0000000a1b495020,0x0000000a1b4950a0] = 128
 handler table  [0x0000000a1b4950a0,0x0000000a1b4956a0] = 1536
 scopes pcs     [0x0000000a1b4956a0,0x0000000a1b495b40] = 1184
 scopes data    [0x0000000a1b495b40,0x0000000a1b495ed8] = 920

[Constant Pool (empty)]

[MachCode]
[Instructions begin]
  0x0000000114663780: 1f20 03d5 | 1f20 03d5 | 1f20 03d5 | 1f20 03d5 | 1f20 03d5 | 1f20 03d5 | 1f20 03d5 | 1f20 03d5 
  0x00000001146637a0: 1f20 03d5 | 1f20 03d5 | 1f20 03d5 
[Entry Point]
  # {method} {0x00001ff0002a5db0} 'invoke' '(Ljava/lang/Object;[Ljava/lang/Object;)Ljava/lang/Object;' in 'jdk/internal/reflect/DirectMethodHandleAccessor'
  # this:     c_rarg1:c_rarg1 
                        = 'jdk/internal/reflect/DirectMethodHandleAccessor'
  # parm0:    c_rarg2:c_rarg2 
                        = 'java/lang/Object'
  # parm1:    c_rarg3:c_rarg3 
                        = '[Ljava/lang/Object;'
  #           [sp+0x150]  (sp of caller)
  0x00000001146637ac: 2808 40b9 | 2a09 40b9 | 1f01 0a6b | 4000 0054 

  0x00000001146637bc: ;   {runtime_call Shared Runtime ic_miss_blob}
  0x00000001146637bc: c13e b215 
[Verified Entry Point]
  0x00000001146637c0: 1f20 03d5 | e953 40d1 | 3f01 00f9 | ff43 05d1 | fd7b 14a9 | 2801 0018 | 8923 40b9 | 1f01 09eb 
  0x00000001146637e0: e000 0054 

  0x00000001146637e4: ;   {runtime_call StubRoutines (final stubs)}
  0x00000001146637e4: 0800 99d2 | e865 a3f2 | 2800 c0f2 | 0001 3fd6 | 0200 0014 | 0300 0000 | e157 00f9 | e30b 0ba9 
  0x0000000114663804: ;   {metadata(method data for {method} {0x00001ff0002a5db0} 'invoke' '(Ljava/lang/Object;[Ljava/lang/Object;)Ljava/lang/Object;' in 'jdk/internal/reflect/DirectMethodHandleAccessor')}
  0x0000000114663804: 002e 91d2 | 8043 a7f2 | 2000 c0f2 | 04ac 40b9 | 8408 0011 | 04ac 00b9 | 8424 1f12 | 9f00 0071 
  0x0000000114663824: a0d7 0054 | e003 01aa 

  0x000000011466382c: ;   {metadata(method data for {method} {0x00001ff0002a5db0} 'invoke' '(Ljava/lang/Object;[Ljava/lang/Object;)Ljava/lang/Object;' in 'jdk/internal/reflect/DirectMethodHandleAccessor')}
  0x000000011466382c: 042e 91d2 | 8443 a7f2 | 2400 c0f2 | 8878 40f9 | 0805 0091 | 8878 00f9 

  0x0000000114663844: ;   {metadata(method data for {method} {0x00001ff000441230} 'isStatic' '()Z' in 'jdk/internal/reflect/DirectMethodHandleAccessor')}
  0x0000000114663844: 0090 91d2 | 8043 a7f2 | 2000 c0f2 | 04ac 40b9 | 8408 0011 | 04ac 00b9 | 844c 1f12 | 9f00 0071 
  0x0000000114663864: a0d6 0054 | 2010 40b9 | 0000 1712 | 1f00 0871 

  0x0000000114663874: ;   {metadata(method data for {method} {0x00001ff000441230} 'isStatic' '()Z' in 'jdk/internal/reflect/DirectMethodHandleAccessor')}
  0x0000000114663874: 0090 91d2 | 8043 a7f2 | 2000 c0f2 | e80f 7cb2 | e903 78b2 | 0411 899a | 0568 64f8 | a504 0091 
  0x0000000114663894: 0568 24f8 | 2101 0054 

  0x000000011466389c: ;   {metadata(method data for {method} {0x00001ff000441230} 'isStatic' '()Z' in 'jdk/internal/reflect/DirectMethodHandleAccessor')}
  0x000000011466389c: 0090 91d2 | 8043 a7f2 | 2000 c0f2 | 0488 40f9 | 8404 0091 | 0488 00f9 | e003 0032 | 0200 0014 
  0x00000001146638bc: 0000 a052 | 0000 0012 | 1f00 0071 

  0x00000001146638c8: ;   {metadata(method data for {method} {0x00001ff0002a5db0} 'invoke' '(Ljava/lang/Object;[Ljava/lang/Object;)Ljava/lang/Object;' in 'jdk/internal/reflect/DirectMethodHandleAccessor')}
  0x00000001146638c8: 002e 91d2 | 8043 a7f2 | 2000 c0f2 | 0824 80d2 | 0926 80d2 | 0411 899a | 0568 64f8 | a504 0091 
  0x00000001146638e8: 0568 24f8 | 2102 0054 | e003 01aa 

  0x00000001146638f4: ;   {metadata(method data for {method} {0x00001ff0002a5db0} 'invoke' '(Ljava/lang/Object;[Ljava/lang/Object;)Ljava/lang/Object;' in 'jdk/internal/reflect/DirectMethodHandleAccessor')}
  0x00000001146638f4: 042e 91d2 | 8443 a7f2 | 2400 c0f2 | 88a0 40f9 | 0805 0091 | 88a0 00f9 | e003 02aa | e203 00aa 
  0x0000000114663914: e403 01aa | e103 04aa 

  0x000000011466391c: ; ImmutableOopMap {[168]=Oop [176]=Oop [184]=Oop }
                      ;*invokevirtual checkReceiver {reexecute=0 rethrow=0 return_oop=0}
                      ; - jdk.internal.reflect.DirectMethodHandleAccessor::invoke@9 (line 100)
                      ;   {optimized virtual_call}
  0x000000011466391c: 7932 fe97 

  0x0000000114663920: ;   {post_call_nop}
  0x0000000114663920: 1f20 03d5 | 1fcb 80f2 | 1f00 80f2 | e157 40f9 | 220c 40b9 

  0x0000000114663934: ;   {metadata(method data for {method} {0x00001ff0002a5db0} 'invoke' '(Ljava/lang/Object;[Ljava/lang/Object;)Ljava/lang/Object;' in 'jdk/internal/reflect/DirectMethodHandleAccessor')}
  0x0000000114663934: 002e 91d2 | 8043 a7f2 | 2000 c0f2 | 08b8 40f9 | 0805 0091 | 08b8 00f9 | e103 02aa | e25b 40f9 
  0x0000000114663954: ; ImmutableOopMap {[168]=Oop [176]=Oop [184]=Oop }
                      ;*invokestatic checkArgumentCount {reexecute=0 rethrow=0 return_oop=0}
                      ; - jdk.internal.reflect.DirectMethodHandleAccessor::invoke@17 (line 102)
                      ;   {static_call}
  0x0000000114663954: 9b09 0094 

  0x0000000114663958: ;   {post_call_nop}
  0x0000000114663958: 1f20 03d5 | 1fd2 80f2 | 1f20 80f2 | e157 40f9 | e203 01aa 

  0x000000011466396c: ;   {metadata(method data for {method} {0x00001ff0002a5db0} 'invoke' '(Ljava/lang/Object;[Ljava/lang/Object;)Ljava/lang/Object;' in 'jdk/internal/reflect/DirectMethodHandleAccessor')}
  0x000000011466396c: 032e 91d2 | 8343 a7f2 | 2300 c0f2 | 68c0 40f9 | 0805 0091 | 68c0 00f9 

  0x0000000114663984: ;   {metadata(method data for {method} {0x00001ff000440f18} 'invokeImpl' '(Ljava/lang/Object;[Ljava/lang/Object;)Ljava/lang/Object;' in 'jdk/internal/reflect/DirectMethodHandleAccessor')}
  0x0000000114663984: 020e 92d2 | 8243 a7f2 | 2200 c0f2 | 43ac 40b9 | 6308 0011 | 43ac 00b9 | 634c 1f12 | 7f00 0071 
  0x00000001146639a4: a0cd 0054 | 220c 40b9 

  0x00000001146639ac: ;   {metadata(method data for {method} {0x00001ff000440f18} 'invokeImpl' '(Ljava/lang/Object;[Ljava/lang/Object;)Ljava/lang/Object;' in 'jdk/internal/reflect/DirectMethodHandleAccessor')}
  0x00000001146639ac: 030e 92d2 | 8343 a7f2 | 2300 c0f2 | e413 7db2 | 5f00 0071 | e003 04aa | 0821 80d2 | 0401 809a 
  0x00000001146639cc: 5f04 0071 | e003 04aa | 0823 80d2 | 0401 809a | 5f08 0071 | e003 04aa | 0825 80d2 | 0401 809a 
  0x00000001146639ec: 5f0c 0071 | e003 04aa | 0827 80d2 | 0401 809a | 6068 64f8 | 0004 0091 | 6068 24f8 | 5f00 0071 
  0x0000000114663a0c: e07c 0054 | 5f04 0071 | 4068 0054 | 5f08 0071 | 6029 0054 | 5f0c 0071 | 0013 0054 | e30b 4ba9 
  0x0000000114663a2c: 2018 40b9 | 4000 00b4 | 600f 008b 

  0x0000000114663a38: ; ImmutableOopMap {c_rarg1=Oop c_rarg3=Oop c_rarg2=Oop c_rarg0=Oop [168]=Oop [176]=Oop [184]=Oop }
                      ;*invokevirtual invokeExact {reexecute=0 rethrow=0 return_oop=0}
                      ; - jdk.internal.reflect.DirectMethodHandleAccessor::invokeImpl@104 (line 158)
                      ; - jdk.internal.reflect.DirectMethodHandleAccessor::invoke@23 (line 104)
                      ;   {runtime_call C1 Runtime load_appendix_patching_blob}
  0x0000000114663a38: 02a9 b595 

  0x0000000114663a3c: ; implicit exception: dispatches to 0x0000000114665378
  0x0000000114663a3c: 1f00 40f9 

  0x0000000114663a40: ;   {metadata(method data for {method} {0x00001ff000440f18} 'invokeImpl' '(Ljava/lang/Object;[Ljava/lang/Object;)Ljava/lang/Object;' in 'jdk/internal/reflect/DirectMethodHandleAccessor')}
  0x0000000114663a40: 050e 92d2 | 8543 a7f2 | 2500 c0f2 | a540 0d91 | e603 02aa | a600 00b5 | a904 40f9 | 2901 40b2 
  0x0000000114663a60: a904 00f9 | 1600 0014 | c608 40b9 | c620 5cd2 | a904 40f9 | c600 09ca | c8f4 7e92 | 0802 00b4 
  0x0000000114663a80: e601 0837 | a901 00b4 | 3f05 00f1 | 6001 0054 | bf39 03d5 | c600 09ca | a904 40f9 | c600 09ca 
  0x0000000114663aa0: c8f4 7e92 | c800 00b4 | a904 40f9 | 2901 7fb2 | a904 00f9 | 0200 0014 | a604 00f9 | e603 03aa 
  0x0000000114663ac0: a600 00b5 | a90c 40f9 | 2901 40b2 | a90c 00f9 | 1600 0014 | c608 40b9 | c620 5cd2 | a90c 40f9 
  0x0000000114663ae0: c600 09ca | c8f4 7e92 | 0802 00b4 | e601 0837 | a901 00b4 | 3f05 00f1 | 6001 0054 | bf39 03d5 
  0x0000000114663b00: c600 09ca | a90c 40f9 | c600 09ca | c8f4 7e92 | c800 00b4 | a90c 40f9 | 2901 7fb2 | a90c 00f9 
  0x0000000114663b20: 0200 0014 | a60c 00f9 | e503 00aa 

  0x0000000114663b2c: ;   {metadata(method data for {method} {0x00001ff000440f18} 'invokeImpl' '(Ljava/lang/Object;[Ljava/lang/Object;)Ljava/lang/Object;' in 'jdk/internal/reflect/DirectMethodHandleAccessor')}
  0x0000000114663b2c: 060e 92d2 | 8643 a7f2 | 2600 c0f2 | a508 40b9 | a520 5cd2 | c9a0 0c91 | 2801 40f9 | bf00 08eb 
  0x0000000114663b4c: a100 0054 | c898 41f9 | 0805 0091 | c898 01f9 | 1c00 0014 | c9e0 0c91 | 2801 40f9 | bf00 08eb 
  0x0000000114663b6c: a100 0054 | c8a0 41f9 | 0805 0091 | c8a0 01f9 | 1400 0014 | c9a0 0c91 | 2801 40f9 | c800 00b5 
  0x0000000114663b8c: 2501 00f9 | e803 40b2 | c9c0 0c91 | 2801 00f9 | 0c00 0014 | c9e0 0c91 | 2801 40f9 | c800 00b5 
  0x0000000114663bac: 2501 00f9 | e803 40b2 | c900 0d91 | 2801 00f9 | 0400 0014 | c890 41f9 | 0805 0091 | c890 01f9 
  0x0000000114663bcc: e503 02aa | e203 05aa | e603 03aa | e303 06aa | e103 00aa 

  0x0000000114663be0: ; ImmutableOopMap {[168]=Oop [176]=Oop [184]=Oop }
                      ;*invokevirtual invokeExact {reexecute=0 rethrow=0 return_oop=0}
                      ; - jdk.internal.reflect.DirectMethodHandleAccessor::invokeImpl@104 (line 158)
                      ; - jdk.internal.reflect.DirectMethodHandleAccessor::invoke@23 (line 104)
                      ;   {optimized virtual_call}
  0x0000000114663be0: 383e b295 

  0x0000000114663be4: ;   {post_call_nop}
  0x0000000114663be4: 1f20 03d5 | 9f23 81f2 | 1f60 80f2 

  0x0000000114663bf0: ;   {metadata(method data for {method} {0x00001ff000440f18} 'invokeImpl' '(Ljava/lang/Object;[Ljava/lang/Object;)Ljava/lang/Object;' in 'jdk/internal/reflect/DirectMethodHandleAccessor')}
  0x0000000114663bf0: 020e 92d2 | 8243 a7f2 | 2200 c0f2 | 42c0 0d91 | e303 00aa | a300 00b5 | 4900 40f9 | 2901 40b2 
  0x0000000114663c10: 4900 00f9 | 1600 0014 | 6308 40b9 | 6320 5cd2 | 4900 40f9 | 6300 09ca | 68f4 7e92 | 0802 00b4 
  0x0000000114663c30: e301 0837 | a901 00b4 | 3f05 00f1 | 6001 0054 | bf39 03d5 | 6300 09ca | 4900 40f9 | 6300 09ca 
  0x0000000114663c50: 68f4 7e92 | c800 00b4 | 4900 40f9 | 2901 7fb2 | 4900 00f9 | 0200 0014 | 4300 00f9 | fd7b 54a9 
  0x0000000114663c70: ff43 0591 

  0x0000000114663c74: ;   {poll_return}
  0x0000000114663c74: 8817 40f9 | ff63 28eb | 08b8 0054 | c003 5fd6 | e30b 4ba9 | 2018 40b9 | 4000 00b4 | 600f 008b 
  0x0000000114663c94: ; implicit exception: dispatches to 0x0000000114665388
  0x0000000114663c94: 640c 40b9 | 9f00 0071 | 89b7 0054 | 6410 40b9 | 4400 00b4 | 640f 048b | 650c 40b9 | bf04 0071 
  0x0000000114663cb4: 89b7 0054 | 6514 40b9 | 4500 00b4 | 650f 058b | 660c 40b9 | df08 0071 | 89b7 0054 | 6618 40b9 
  0x0000000114663cd4: 4600 00b4 | 660f 068b 

  0x0000000114663cdc: ; ImmutableOopMap {c_rarg2=Oop c_rarg3=Oop c_rarg1=Oop c_rarg0=Oop c_rarg4=Oop c_rarg5=Oop c_rarg6=Oop [168]=Oop [176]=Oop [184]=Oop }
                      ;*invokevirtual invokeExact {reexecute=0 rethrow=0 return_oop=0}
                      ; - jdk.internal.reflect.DirectMethodHandleAccessor::invokeImpl@92 (line 157)
                      ; - jdk.internal.reflect.DirectMethodHandleAccessor::invoke@23 (line 104)
                      ;   {runtime_call C1 Runtime load_appendix_patching_blob}
  0x0000000114663cdc: 59a8 b595 

  0x0000000114663ce0: ; implicit exception: dispatches to 0x00000001146653d4
  0x0000000114663ce0: 1f00 40f9 

  0x0000000114663ce4: ;   {metadata(method data for {method} {0x00001ff000440f18} 'invokeImpl' '(Ljava/lang/Object;[Ljava/lang/Object;)Ljava/lang/Object;' in 'jdk/internal/reflect/DirectMethodHandleAccessor')}
  0x0000000114663ce4: 0a0e 92d2 | 8a43 a7f2 | 2a00 c0f2 | 4a61 0b91 | eb03 02aa | ab00 00b5 | 4905 40f9 | 2901 40b2 
  0x0000000114663d04: 4905 00f9 | 1600 0014 | 6b09 40b9 | 6b21 5cd2 | 4905 40f9 | 6b01 09ca | 68f5 7e92 | 0802 00b4 
  0x0000000114663d24: eb01 0837 | a901 00b4 | 3f05 00f1 | 6001 0054 | bf39 03d5 | 6b01 09ca | 4905 40f9 | 6b01 09ca 
  0x0000000114663d44: 68f5 7e92 | c800 00b4 | 4905 40f9 | 2901 7fb2 | 4905 00f9 | 0200 0014 | 4b05 00f9 | eb03 04aa 
  0x0000000114663d64: ab00 00b5 | 490d 40f9 | 2901 40b2 | 490d 00f9 | 1600 0014 | 6b09 40b9 | 6b21 5cd2 | 490d 40f9 
  0x0000000114663d84: 6b01 09ca | 68f5 7e92 | 0802 00b4 | eb01 0837 | a901 00b4 | 3f05 00f1 | 6001 0054 | bf39 03d5 
  0x0000000114663da4: 6b01 09ca | 490d 40f9 | 6b01 09ca | 68f5 7e92 | c800 00b4 | 490d 40f9 | 2901 7fb2 | 490d 00f9 
  0x0000000114663dc4: 0200 0014 | 4b0d 00f9 | ea03 00aa 

  0x0000000114663dd0: ;   {metadata(method data for {method} {0x00001ff000440f18} 'invokeImpl' '(Ljava/lang/Object;[Ljava/lang/Object;)Ljava/lang/Object;' in 'jdk/internal/reflect/DirectMethodHandleAccessor')}
  0x0000000114663dd0: 0b0e 92d2 | 8b43 a7f2 | 2b00 c0f2 | 4a09 40b9 | 4a21 5cd2 | 69c1 0a91 | 2801 40f9 | 5f01 08eb 
  0x0000000114663df0: a100 0054 | 685d 41f9 | 0805 0091 | 685d 01f9 | 1c00 0014 | 6901 0b91 | 2801 40f9 | 5f01 08eb 
  0x0000000114663e10: a100 0054 | 6865 41f9 | 0805 0091 | 6865 01f9 | 1400 0014 | 69c1 0a91 | 2801 40f9 | c800 00b5 
  0x0000000114663e30: 2a01 00f9 | e803 40b2 | 69e1 0a91 | 2801 00f9 | 0c00 0014 | 6901 0b91 | 2801 40f9 | c800 00b5 
  0x0000000114663e50: 2a01 00f9 | e803 40b2 | 6921 0b91 | 2801 00f9 | 0400 0014 | 6855 41f9 | 0805 0091 | 6855 01f9 
  0x0000000114663e70: ea03 02aa | e203 0aaa | e303 04aa | e403 05aa | e503 06aa | e603 07aa | e103 00aa 

  0x0000000114663e8c: ; ImmutableOopMap {[168]=Oop [176]=Oop [184]=Oop }
                      ;*invokevirtual invokeExact {reexecute=0 rethrow=0 return_oop=0}
                      ; - jdk.internal.reflect.DirectMethodHandleAccessor::invokeImpl@92 (line 157)
                      ; - jdk.internal.reflect.DirectMethodHandleAccessor::invoke@23 (line 104)
                      ;   {optimized virtual_call}
  0x0000000114663e8c: 8d3d b295 

  0x0000000114663e90: ;   {post_call_nop}
  0x0000000114663e90: 1f20 03d5 | 1f79 81f2 | 1fa0 80f2 

  0x0000000114663e9c: ;   {metadata(method data for {method} {0x00001ff000440f18} 'invokeImpl' '(Ljava/lang/Object;[Ljava/lang/Object;)Ljava/lang/Object;' in 'jdk/internal/reflect/DirectMethodHandleAccessor')}
  0x0000000114663e9c: 010e 92d2 | 8143 a7f2 | 2100 c0f2 | 21e0 0b91 | e203 00aa | a200 00b5 | 2900 40f9 | 2901 40b2 
  0x0000000114663ebc: 2900 00f9 | 1600 0014 | 4208 40b9 | 4220 5cd2 | 2900 40f9 | 4200 09ca | 48f4 7e92 | 0802 00b4 
  0x0000000114663edc: e201 0837 | a901 00b4 | 3f05 00f1 | 6001 0054 | bf39 03d5 | 4200 09ca | 2900 40f9 | 4200 09ca 
  0x0000000114663efc: 48f4 7e92 | c800 00b4 | 2900 40f9 | 2901 7fb2 | 2900 00f9 | 0200 0014 | 2200 00f9 

  0x0000000114663f18: ;   {metadata(method data for {method} {0x00001ff000440f18} 'invokeImpl' '(Ljava/lang/Object;[Ljava/lang/Object;)Ljava/lang/Object;' in 'jdk/internal/reflect/DirectMethodHandleAccessor')}
  0x0000000114663f18: 010e 92d2 | 8143 a7f2 | 2100 c0f2 | 2284 41f9 | 4204 0091 | 2284 01f9 | fd7b 54a9 | ff43 0591 
  0x0000000114663f38: ;   {poll_return}
  0x0000000114663f38: 8817 40f9 | ff63 28eb | c8a4 0054 | c003 5fd6 | e30b 4ba9 | 2018 40b9 | 4000 00b4 | 600f 008b 
  0x0000000114663f58: e067 00f9 

  0x0000000114663f5c: ; implicit exception: dispatches to 0x00000001146653e4
  0x0000000114663f5c: 640c 40b9 | 9f00 0071 | 29a4 0054 | 6410 40b9 | 4400 00b4 | 640f 048b | e463 00f9 | 650c 40b9 
  0x0000000114663f7c: bf04 0071 | 09a4 0054 | 6514 40b9 | 4500 00b4 | 650f 058b | e56b 00f9 

  0x0000000114663f94: ;   {metadata(method data for {method} {0x00001ff000440f18} 'invokeImpl' '(Ljava/lang/Object;[Ljava/lang/Object;)Ljava/lang/Object;' in 'jdk/internal/reflect/DirectMethodHandleAccessor')}
  0x0000000114663f94: 060e 92d2 | 8643 a7f2 | 2600 c0f2 | c680 0991 | e703 02aa | a700 00b5 | c904 40f9 | 2901 40b2 
  0x0000000114663fb4: c904 00f9 | 1600 0014 | e708 40b9 | e720 5cd2 | c904 40f9 | e700 09ca | e8f4 7e92 | 0802 00b4 
  0x0000000114663fd4: e701 0837 | a901 00b4 | 3f05 00f1 | 6001 0054 | bf39 03d5 | e700 09ca | c904 40f9 | e700 09ca 
  0x0000000114663ff4: e8f4 7e92 | c800 00b4 | c904 40f9 | 2901 7fb2 | c904 00f9 | 0200 0014 | c704 00f9 

  0x0000000114664010: ;   {metadata(method data for {method} {0x000000013940e2b0} 'invokeExact_MT' '(Ljava/lang/Object;Ljava/lang/Object;Ljava/lang/Object;Ljava/lang/Object;Ljava/lang/Object;)Ljava/lang/Object;' in 'java/lang/invoke/LambdaForm$MH+0x00001ff001004800')}
  0x0000000114664010: 06a0 9cd2 | 0628 a7f2 | 2600 c0f2 | c620 0a91 | e703 00aa | a700 00b5 | c900 40f9 | 2901 40b2 
  0x0000000114664030: c900 00f9 | 1600 0014 | e708 40b9 | e720 5cd2 | c900 40f9 | e700 09ca | e8f4 7e92 | 0802 00b4 
  0x0000000114664050: e701 0837 | a901 00b4 | 3f05 00f1 | 6001 0054 | bf39 03d5 | e700 09ca | c900 40f9 | e700 09ca 
  0x0000000114664070: e8f4 7e92 | c800 00b4 | c900 40f9 | 2901 7fb2 | c900 00f9 | 0200 0014 | c700 00f9 | e703 02aa 
  0x0000000114664090: a700 00b5 | c908 40f9 | 2901 40b2 | c908 00f9 | 1600 0014 | e708 40b9 | e720 5cd2 | c908 40f9 
  0x00000001146640b0: e700 09ca | e8f4 7e92 | 0802 00b4 | e701 0837 | a901 00b4 | 3f05 00f1 | 6001 0054 | bf39 03d5 
  0x00000001146640d0: e700 09ca | c908 40f9 | e700 09ca | e8f4 7e92 | c800 00b4 | c908 40f9 | 2901 7fb2 | c908 00f9 
  0x00000001146640f0: 0200 0014 | c708 00f9 

  0x00000001146640f8: ;   {metadata(method data for {method} {0x00001ff000440f18} 'invokeImpl' '(Ljava/lang/Object;[Ljava/lang/Object;)Ljava/lang/Object;' in 'jdk/internal/reflect/DirectMethodHandleAccessor')}
  0x00000001146640f8: 060e 92d2 | 8643 a7f2 | 2600 c0f2 | c818 41f9 | 0805 0091 | c818 01f9 

  0x0000000114664110: ;   {metadata(method data for {method} {0x000000013940e2b0} 'invokeExact_MT' '(Ljava/lang/Object;Ljava/lang/Object;Ljava/lang/Object;Ljava/lang/Object;Ljava/lang/Object;)Ljava/lang/Object;' in 'java/lang/invoke/LambdaForm$MH+0x00001ff001004800')}
  0x0000000114664110: 06a0 9cd2 | 0628 a7f2 | 2600 c0f2 | c7ac 40b9 | e708 0011 | c7ac 00b9 | e74c 1f12 | ff00 0071 
  0x0000000114664130: 4097 0054 

  0x0000000114664134: ;   {metadata(method data for {method} {0x000000013940e2b0} 'invokeExact_MT' '(Ljava/lang/Object;Ljava/lang/Object;Ljava/lang/Object;Ljava/lang/Object;Ljava/lang/Object;)Ljava/lang/Object;' in 'java/lang/invoke/LambdaForm$MH+0x00001ff001004800')}
  0x0000000114664134: 06a0 9cd2 | 0628 a7f2 | 2600 c0f2 | c680 0591 | e703 00aa | a700 00b5 | c904 40f9 | 2901 40b2 
  0x0000000114664154: c904 00f9 | 1600 0014 | e708 40b9 | e720 5cd2 | c904 40f9 | e700 09ca | e8f4 7e92 | 0802 00b4 
  0x0000000114664174: e701 0837 | a901 00b4 | 3f05 00f1 | 6001 0054 | bf39 03d5 | e700 09ca | c904 40f9 | e700 09ca 
  0x0000000114664194: e8f4 7e92 | c800 00b4 | c904 40f9 | 2901 7fb2 | c904 00f9 | 0200 0014 | c704 00f9 

  0x00000001146641b0: ;   {metadata(method data for {method} {0x000000013940e2b0} 'invokeExact_MT' '(Ljava/lang/Object;Ljava/lang/Object;Ljava/lang/Object;Ljava/lang/Object;Ljava/lang/Object;)Ljava/lang/Object;' in 'java/lang/invoke/LambdaForm$MH+0x00001ff001004800')}
  0x00000001146641b0: 06a0 9cd2 | 0628 a7f2 | 2600 c0f2 | c8a8 40f9 | 0805 0091 | c8a8 00f9 

  0x00000001146641c8: ;   {metadata(method data for {method} {0x00001ff000454120} 'checkExactType' '(Ljava/lang/invoke/MethodHandle;Ljava/lang/invoke/MethodType;)V' in 'java/lang/invoke/Invokers')}
  0x00000001146641c8: 0655 82d2 | 462b a7f2 | 2600 c0f2 | c7ac 40b9 | e708 0011 | c7ac 00b9 | e74c 1f12 | ff00 0071 
  0x00000001146641e8: 8092 0054 

  0x00000001146641ec: ; implicit exception: dispatches to 0x0000000114665458
  0x00000001146641ec: 1f00 40f9 | e603 00aa 

  0x00000001146641f4: ;   {metadata(method data for {method} {0x00001ff000454120} 'checkExactType' '(Ljava/lang/invoke/MethodHandle;Ljava/lang/invoke/MethodType;)V' in 'java/lang/invoke/Invokers')}
  0x00000001146641f4: 0755 82d2 | 472b a7f2 | 2700 c0f2 | c608 40b9 | c620 5cd2 | e9e0 0391 | 2801 40f9 | df00 08eb 
  0x0000000114664214: a100 0054 | e880 40f9 | 0805 0091 | e880 00f9 | 1c00 0014 | e920 0491 | 2801 40f9 | df00 08eb 
  0x0000000114664234: a100 0054 | e888 40f9 | 0805 0091 | e888 00f9 | 1400 0014 | e9e0 0391 | 2801 40f9 | c800 00b5 
  0x0000000114664254: 2601 00f9 | e803 40b2 | e900 0491 | 2801 00f9 | 0c00 0014 | e920 0491 | 2801 40f9 | c800 00b5 
  0x0000000114664274: 2601 00f9 | e803 40b2 | e940 0491 | 2801 00f9 | 0400 0014 | e878 40f9 | 0805 0091 | e878 00f9 
  0x0000000114664294: 0610 40b9 | 4600 00b4 | 660f 068b 

  0x00000001146642a0: ;   {oop(a 'java/lang/invoke/MethodType'{0x0000007000800a00} = (Ljava/lang/Object;Ljava/lang/Object;Ljava/lang/Object;)Ljava/lang/Object;)}
  0x00000001146642a0: 0740 81d2 | 0710 a0f2 | 070e c0f2 | df00 07eb 

  0x00000001146642b0: ;   {metadata(method data for {method} {0x00001ff000454120} 'checkExactType' '(Ljava/lang/invoke/MethodHandle;Ljava/lang/invoke/MethodType;)V' in 'java/lang/invoke/Invokers')}
  0x00000001146642b0: 0755 82d2 | 472b a7f2 | 2700 c0f2 | 0826 80d2 | 0924 80d2 | 0a11 899a | eb68 6af8 | 6b05 0091 
  0x00000001146642d0: eb68 2af8 | 415e 0054 

  0x00000001146642d8: ;   {metadata(method data for {method} {0x000000013940e2b0} 'invokeExact_MT' '(Ljava/lang/Object;Ljava/lang/Object;Ljava/lang/Object;Ljava/lang/Object;Ljava/lang/Object;)Ljava/lang/Object;' in 'java/lang/invoke/LambdaForm$MH+0x00001ff001004800')}
  0x00000001146642d8: 06a0 9cd2 | 0628 a7f2 | 2600 c0f2 | c660 0691 | e703 00aa | e708 40b9 | e720 5cd2 | c904 40f9 
  0x00000001146642f8: e700 09ca | e8f4 7e92 | 0802 00b4 | e701 0837 | a901 00b4 | 3f05 00f1 | 6001 0054 | bf39 03d5 
  0x0000000114664318: e700 09ca | c904 40f9 | e700 09ca | e8f4 7e92 | c800 00b4 | c904 40f9 | 2901 7fb2 | c904 00f9 
  0x0000000114664338: 0200 0014 | c704 00f9 

  0x0000000114664340: ;   {metadata(method data for {method} {0x000000013940e2b0} 'invokeExact_MT' '(Ljava/lang/Object;Ljava/lang/Object;Ljava/lang/Object;Ljava/lang/Object;Ljava/lang/Object;)Ljava/lang/Object;' in 'java/lang/invoke/LambdaForm$MH+0x00001ff001004800')}
  0x0000000114664340: 06a0 9cd2 | 0628 a7f2 | 2600 c0f2 | c8c4 40f9 | 0805 0091 | c8c4 00f9 

  0x0000000114664358: ;   {metadata(method data for {method} {0x00001ff000454018} 'checkCustomized' '(Ljava/lang/invoke/MethodHandle;)V' in 'java/lang/invoke/Invokers')}
  0x0000000114664358: 06d1 82d2 | 462b a7f2 | 2600 c0f2 | c7ac 40b9 | e708 0011 | c7ac 00b9 | e74c 1f12 | ff00 0071 
  0x0000000114664378: 2087 0054 

  0x000000011466437c: ;   {metadata(method data for {method} {0x00001ff000454018} 'checkCustomized' '(Ljava/lang/invoke/MethodHandle;)V' in 'java/lang/invoke/Invokers')}
  0x000000011466437c: 06d1 82d2 | 462b a7f2 | 2600 c0f2 | c878 40f9 | 0805 0091 | c878 00f9 

  0x0000000114664394: ;   {metadata(method data for {method} {0x00001ff0001e5650} 'isCompileConstant' '(Ljava/lang/Object;)Z' in 'java/lang/invoke/MethodHandleImpl')}
  0x0000000114664394: 0603 83d2 | 462b a7f2 | 2600 c0f2 | c7ac 40b9 | e708 0011 | c7ac 00b9 | e74c 1f12 | ff00 0071 
  0x00000001146643b4: 4086 0054 

  0x00000001146643b8: ;   {metadata(method data for {method} {0x00001ff000454018} 'checkCustomized' '(Ljava/lang/invoke/MethodHandle;)V' in 'java/lang/invoke/Invokers')}
  0x00000001146643b8: 06d1 82d2 | 462b a7f2 | 2600 c0f2 | c780 40f9 | e704 0091 | c780 00f9 | 0614 40b9 | 4600 00b4 
  0x00000001146643d8: 660f 068b 

  0x00000001146643dc: ; implicit exception: dispatches to 0x000000011466549c
  0x00000001146643dc: c61c 40b9 | 4600 00b4 | 660f 068b | e703 1faa | df00 07eb 

  0x00000001146643f0: ;   {metadata(method data for {method} {0x00001ff000454018} 'checkCustomized' '(Ljava/lang/invoke/MethodHandle;)V' in 'java/lang/invoke/Invokers')}
  0x00000001146643f0: 06d1 82d2 | 462b a7f2 | 2600 c0f2 | 0824 80d2 | 0926 80d2 | 0711 899a | ca68 67f8 | 4a05 0091 
  0x0000000114664410: ca68 27f8 | 8101 0054 

  0x0000000114664418: ;   {metadata(method data for {method} {0x00001ff000454018} 'checkCustomized' '(Ljava/lang/invoke/MethodHandle;)V' in 'java/lang/invoke/Invokers')}
  0x0000000114664418: 06d1 82d2 | 462b a7f2 | 2600 c0f2 | c8a0 40f9 | 0805 0091 | c8a0 00f9 | e103 00aa 

  0x0000000114664434: ; ImmutableOopMap {[168]=Oop [176]=Oop [184]=Oop [192]=Oop [200]=Oop [208]=Oop }
                      ;*invokestatic maybeCustomize {reexecute=0 rethrow=0 return_oop=0}
                      ; - java.lang.invoke.Invokers::checkCustomized@19 (line 626)
                      ; - java.lang.invoke.LambdaForm$MH/0x00001ff001004800::invokeExact_MT@15
                      ; - jdk.internal.reflect.DirectMethodHandleAccessor::invokeImpl@72 (line 156)
                      ; - jdk.internal.reflect.DirectMethodHandleAccessor::invoke@23 (line 104)
                      ;   {static_call}
  0x0000000114664434: 233d b295 

  0x0000000114664438: ;   {post_call_nop}
  0x0000000114664438: 1f20 03d5 | 1f2e 82f2 | 1fc0 80f2 | e293 4ba9 

  0x0000000114664448: ;   {metadata(method data for {method} {0x000000013940e2b0} 'invokeExact_MT' '(Ljava/lang/Object;Ljava/lang/Object;Ljava/lang/Object;Ljava/lang/Object;Ljava/lang/Object;)Ljava/lang/Object;' in 'java/lang/invoke/LambdaForm$MH+0x00001ff001004800')}
  0x0000000114664448: 03a0 9cd2 | 0328 a7f2 | 2300 c0f2 | 6380 0791 | e103 02aa | a100 00b5 | 6904 40f9 | 2901 40b2 
  0x0000000114664468: 6904 00f9 | 1600 0014 | 2108 40b9 | 2120 5cd2 | 6904 40f9 | 2100 09ca | 28f4 7e92 | 0802 00b4 
  0x0000000114664488: e101 0837 | a901 00b4 | 3f05 00f1 | 6001 0054 | bf39 03d5 | 2100 09ca | 6904 40f9 | 2100 09ca 
  0x00000001146644a8: 28f4 7e92 | c800 00b4 | 6904 40f9 | 2901 7fb2 | 6904 00f9 | 0200 0014 | 6104 00f9 | e103 04aa 
  0x00000001146644c8: a100 00b5 | 690c 40f9 | 2901 40b2 | 690c 00f9 | 1600 0014 | 2108 40b9 | 2120 5cd2 | 690c 40f9 
  0x00000001146644e8: 2100 09ca | 28f4 7e92 | 0802 00b4 | e101 0837 | a901 00b4 | 3f05 00f1 | 6001 0054 | bf39 03d5 
  0x0000000114664508: 2100 09ca | 690c 40f9 | 2100 09ca | 28f4 7e92 | c800 00b4 | 690c 40f9 | 2901 7fb2 | 690c 00f9 
  0x0000000114664528: 0200 0014 | 610c 00f9 | e067 40f9 

  0x0000000114664534: ;   {metadata(method data for {method} {0x000000013940e2b0} 'invokeExact_MT' '(Ljava/lang/Object;Ljava/lang/Object;Ljava/lang/Object;Ljava/lang/Object;Ljava/lang/Object;)Ljava/lang/Object;' in 'java/lang/invoke/LambdaForm$MH+0x00001ff001004800')}
  0x0000000114664534: 03a0 9cd2 | 0328 a7f2 | 2300 c0f2 | 0008 40b9 | 0020 5cd2 | 69e0 0691 | 2801 40f9 | 1f00 08eb 
  0x0000000114664554: a100 0054 | 68e0 40f9 | 0805 0091 | 68e0 00f9 | 1c00 0014 | 6920 0791 | 2801 40f9 | 1f00 08eb 
  0x0000000114664574: a100 0054 | 68e8 40f9 | 0805 0091 | 68e8 00f9 | 1400 0014 | 69e0 0691 | 2801 40f9 | c800 00b5 
  0x0000000114664594: 2001 00f9 | e803 40b2 | 6900 0791 | 2801 00f9 | 0c00 0014 | 6920 0791 | 2801 40f9 | c800 00b5 
  0x00000001146645b4: 2001 00f9 | e803 40b2 | 6940 0791 | 2801 00f9 | 0400 0014 | 68d8 40f9 | 0805 0091 | 68d8 00f9 
  0x00000001146645d4: e003 02aa | e203 00aa | e303 04aa | e193 4ca9 

  0x00000001146645e4: ; ImmutableOopMap {[168]=Oop [176]=Oop [184]=Oop [192]=Oop [200]=Oop [208]=Oop }
                      ;*invokevirtual invokeBasic {reexecute=0 rethrow=0 return_oop=0}
                      ; - java.lang.invoke.LambdaForm$MH/0x00001ff001004800::invokeExact_MT@22
                      ; - jdk.internal.reflect.DirectMethodHandleAccessor::invokeImpl@72 (line 156)
                      ; - jdk.internal.reflect.DirectMethodHandleAccessor::invoke@23 (line 104)
                      ;   {optimized virtual_call}
  0x00000001146645e4: b73b b295 

  0x00000001146645e8: ;   {post_call_nop}
  0x00000001146645e8: 1f20 03d5 | 1f64 82f2 | 1fe0 80f2 

  0x00000001146645f4: ;   {metadata(method data for {method} {0x000000013940e2b0} 'invokeExact_MT' '(Ljava/lang/Object;Ljava/lang/Object;Ljava/lang/Object;Ljava/lang/Object;Ljava/lang/Object;)Ljava/lang/Object;' in 'java/lang/invoke/LambdaForm$MH+0x00001ff001004800')}
  0x00000001146645f4: 02a0 9cd2 | 0228 a7f2 | 2200 c0f2 | 4200 0891 | e303 00aa | a300 00b5 | 4900 40f9 | 2901 40b2 
  0x0000000114664614: 4900 00f9 | 1600 0014 | 6308 40b9 | 6320 5cd2 | 4900 40f9 | 6300 09ca | 68f4 7e92 | 0802 00b4 
  0x0000000114664634: e301 0837 | a901 00b4 | 3f05 00f1 | 6001 0054 | bf39 03d5 | 6300 09ca | 4900 40f9 | 6300 09ca 
  0x0000000114664654: 68f4 7e92 | c800 00b4 | 4900 40f9 | 2901 7fb2 | 4900 00f9 | 0200 0014 | 4300 00f9 

  0x0000000114664670: ;   {metadata(method data for {method} {0x00001ff000440f18} 'invokeImpl' '(Ljava/lang/Object;[Ljava/lang/Object;)Ljava/lang/Object;' in 'jdk/internal/reflect/DirectMethodHandleAccessor')}
  0x0000000114664670: 020e 92d2 | 8243 a7f2 | 2200 c0f2 | 4200 0a91 | e303 00aa | a300 00b5 | 4900 40f9 | 2901 40b2 
  0x0000000114664690: 4900 00f9 | 1600 0014 | 6308 40b9 | 6320 5cd2 | 4900 40f9 | 6300 09ca | 68f4 7e92 | 0802 00b4 
  0x00000001146646b0: e301 0837 | a901 00b4 | 3f05 00f1 | 6001 0054 | bf39 03d5 | 6300 09ca | 4900 40f9 | 6300 09ca 
  0x00000001146646d0: 68f4 7e92 | c800 00b4 | 4900 40f9 | 2901 7fb2 | 4900 00f9 | 0200 0014 | 4300 00f9 

  0x00000001146646ec: ;   {metadata(method data for {method} {0x00001ff000440f18} 'invokeImpl' '(Ljava/lang/Object;[Ljava/lang/Object;)Ljava/lang/Object;' in 'jdk/internal/reflect/DirectMethodHandleAccessor')}
  0x00000001146646ec: 020e 92d2 | 8243 a7f2 | 2200 c0f2 | 4348 41f9 | 6304 0091 | 4348 01f9 | fd7b 54a9 | ff43 0591 
  0x000000011466470c: ;   {poll_return}
  0x000000011466470c: 8817 40f9 | ff63 28eb | 686c 0054 | c003 5fd6 | e30b 4ba9 | 2018 40b9 | 4000 00b4 | 600f 008b 
  0x000000011466472c: ; implicit exception: dispatches to 0x00000001146654ac
  0x000000011466472c: 640c 40b9 | 9f00 0071 | e96b 0054 | 6410 40b9 | 4400 00b4 | 640f 048b 

  0x0000000114664744: ; ImmutableOopMap {c_rarg3=Oop c_rarg1=Oop c_rarg2=Oop c_rarg0=Oop c_rarg4=Oop [168]=Oop [176]=Oop [184]=Oop }
                      ;*invokevirtual invokeExact {reexecute=0 rethrow=0 return_oop=0}
                      ; - jdk.internal.reflect.DirectMethodHandleAccessor::invokeImpl@55 (line 155)
                      ; - jdk.internal.reflect.DirectMethodHandleAccessor::invoke@23 (line 104)
                      ;   {runtime_call C1 Runtime load_appendix_patching_blob}
  0x0000000114664744: bfa5 b595 

  0x0000000114664748: ; implicit exception: dispatches to 0x00000001146654c8
  0x0000000114664748: 1f00 40f9 

  0x000000011466474c: ;   {metadata(method data for {method} {0x00001ff000440f18} 'invokeImpl' '(Ljava/lang/Object;[Ljava/lang/Object;)Ljava/lang/Object;' in 'jdk/internal/reflect/DirectMethodHandleAccessor')}
  0x000000011466474c: 060e 92d2 | 8643 a7f2 | 2600 c0f2 | c6a0 0791 | e703 02aa | a700 00b5 | c904 40f9 | 2901 40b2 
  0x000000011466476c: c904 00f9 | 1600 0014 | e708 40b9 | e720 5cd2 | c904 40f9 | e700 09ca | e8f4 7e92 | 0802 00b4 
  0x000000011466478c: e701 0837 | a901 00b4 | 3f05 00f1 | 6001 0054 | bf39 03d5 | e700 09ca | c904 40f9 | e700 09ca 
  0x00000001146647ac: e8f4 7e92 | c800 00b4 | c904 40f9 | 2901 7fb2 | c904 00f9 | 0200 0014 | c704 00f9 | e703 04aa 
  0x00000001146647cc: a700 00b5 | c90c 40f9 | 2901 40b2 | c90c 00f9 | 1600 0014 | e708 40b9 | e720 5cd2 | c90c 40f9 
  0x00000001146647ec: e700 09ca | e8f4 7e92 | 0802 00b4 | e701 0837 | a901 00b4 | 3f05 00f1 | 6001 0054 | bf39 03d5 
  0x000000011466480c: e700 09ca | c90c 40f9 | e700 09ca | e8f4 7e92 | c800 00b4 | c90c 40f9 | 2901 7fb2 | c90c 00f9 
  0x000000011466482c: 0200 0014 | c70c 00f9 | e603 00aa 

  0x0000000114664838: ;   {metadata(method data for {method} {0x00001ff000440f18} 'invokeImpl' '(Ljava/lang/Object;[Ljava/lang/Object;)Ljava/lang/Object;' in 'jdk/internal/reflect/DirectMethodHandleAccessor')}
  0x0000000114664838: 070e 92d2 | 8743 a7f2 | 2700 c0f2 | c608 40b9 | c620 5cd2 | e900 0791 | 2801 40f9 | df00 08eb 
  0x0000000114664858: a100 0054 | e8e4 40f9 | 0805 0091 | e8e4 00f9 | 1c00 0014 | e940 0791 | 2801 40f9 | df00 08eb 
  0x0000000114664878: a100 0054 | e8ec 40f9 | 0805 0091 | e8ec 00f9 | 1400 0014 | e900 0791 | 2801 40f9 | c800 00b5 
  0x0000000114664898: 2601 00f9 | e803 40b2 | e920 0791 | 2801 00f9 | 0c00 0014 | e940 0791 | 2801 40f9 | c800 00b5 
  0x00000001146648b8: 2601 00f9 | e803 40b2 | e960 0791 | 2801 00f9 | 0400 0014 | e8dc 40f9 | 0805 0091 | e8dc 00f9 
  0x00000001146648d8: e603 02aa | e203 06aa | e303 04aa | e403 05aa | e103 00aa 

  0x00000001146648ec: ; ImmutableOopMap {[168]=Oop [176]=Oop [184]=Oop }
                      ;*invokevirtual invokeExact {reexecute=0 rethrow=0 return_oop=0}
                      ; - jdk.internal.reflect.DirectMethodHandleAccessor::invokeImpl@55 (line 155)
                      ; - jdk.internal.reflect.DirectMethodHandleAccessor::invoke@23 (line 104)
                      ;   {optimized virtual_call}
  0x00000001146648ec: f53a b295 

  0x00000001146648f0: ;   {post_call_nop}
  0x00000001146648f0: 1f20 03d5 | 1fc5 82f2 | 1f20 81f2 

  0x00000001146648fc: ;   {metadata(method data for {method} {0x00001ff000440f18} 'invokeImpl' '(Ljava/lang/Object;[Ljava/lang/Object;)Ljava/lang/Object;' in 'jdk/internal/reflect/DirectMethodHandleAccessor')}
  0x00000001146648fc: 010e 92d2 | 8143 a7f2 | 2100 c0f2 | 2120 0891 | e203 00aa | a200 00b5 | 2900 40f9 | 2901 40b2 
  0x000000011466491c: 2900 00f9 | 1600 0014 | 4208 40b9 | 4220 5cd2 | 2900 40f9 | 4200 09ca | 48f4 7e92 | 0802 00b4 
  0x000000011466493c: e201 0837 | a901 00b4 | 3f05 00f1 | 6001 0054 | bf39 03d5 | 4200 09ca | 2900 40f9 | 4200 09ca 
  0x000000011466495c: 48f4 7e92 | c800 00b4 | 2900 40f9 | 2901 7fb2 | 2900 00f9 | 0200 0014 | 2200 00f9 

  0x0000000114664978: ;   {metadata(method data for {method} {0x00001ff000440f18} 'invokeImpl' '(Ljava/lang/Object;[Ljava/lang/Object;)Ljava/lang/Object;' in 'jdk/internal/reflect/DirectMethodHandleAccessor')}
  0x0000000114664978: 010e 92d2 | 8143 a7f2 | 2100 c0f2 | 220c 41f9 | 4204 0091 | 220c 01f9 | fd7b 54a9 | ff43 0591 
  0x0000000114664998: ;   {poll_return}
  0x0000000114664998: 8817 40f9 | ff63 28eb | 6859 0054 | c003 5fd6 | e25f 40f9 | 2018 40b9 | 4000 00b4 | 600f 008b 
  0x00000001146649b8: e06f 00f9 

  0x00000001146649bc: ;   {metadata(method data for {method} {0x00001ff000440f18} 'invokeImpl' '(Ljava/lang/Object;[Ljava/lang/Object;)Ljava/lang/Object;' in 'jdk/internal/reflect/DirectMethodHandleAccessor')}
  0x00000001146649bc: 030e 92d2 | 8343 a7f2 | 2300 c0f2 | 6300 0691 | e403 02aa | a400 00b5 | 6904 40f9 | 2901 40b2 
  0x00000001146649dc: 6904 00f9 | 1600 0014 | 8408 40b9 | 8420 5cd2 | 6904 40f9 | 8400 09ca | 88f4 7e92 | 0802 00b4 
  0x00000001146649fc: e401 0837 | a901 00b4 | 3f05 00f1 | 6001 0054 | bf39 03d5 | 8400 09ca | 6904 40f9 | 8400 09ca 
  0x0000000114664a1c: 88f4 7e92 | c800 00b4 | 6904 40f9 | 2901 7fb2 | 6904 00f9 | 0200 0014 | 6404 00f9 

  0x0000000114664a38: ;   {metadata(method data for {method} {0x00001ff0001fc6d8} 'invokeExact_MT' '(Ljava/lang/Object;Ljava/lang/Object;Ljava/lang/Object;)Ljava/lang/Object;' in 'java/lang/invoke/Invokers$Holder')}
  0x0000000114664a38: 0363 85d2 | 832b a7f2 | 2300 c0f2 | 63a0 0991 | e403 00aa | 8400 00b5 | 6900 40f9 | 2901 40b2 
  0x0000000114664a58: 6900 00f9 

  0x0000000114664a5c: ;   {metadata(method data for {method} {0x00001ff000440f18} 'invokeImpl' '(Ljava/lang/Object;[Ljava/lang/Object;)Ljava/lang/Object;' in 'jdk/internal/reflect/DirectMethodHandleAccessor')}
  0x0000000114664a5c: 030e 92d2 | 8343 a7f2 | 2300 c0f2 | 68a8 40f9 | 0805 0091 | 68a8 00f9 

  0x0000000114664a74: ;   {metadata(method data for {method} {0x00001ff0001fc6d8} 'invokeExact_MT' '(Ljava/lang/Object;Ljava/lang/Object;Ljava/lang/Object;)Ljava/lang/Object;' in 'java/lang/invoke/Invokers$Holder')}
  0x0000000114664a74: 0363 85d2 | 832b a7f2 | 2300 c0f2 | 64ac 40b9 | 8408 0011 | 64ac 00b9 | 844c 1f12 | 9f00 0071 
  0x0000000114664a94: 2052 0054 

  0x0000000114664a98: ;   {metadata(method data for {method} {0x00001ff0001fc6d8} 'invokeExact_MT' '(Ljava/lang/Object;Ljava/lang/Object;Ljava/lang/Object;)Ljava/lang/Object;' in 'java/lang/invoke/Invokers$Holder')}
  0x0000000114664a98: 0363 85d2 | 832b a7f2 | 2300 c0f2 | 6380 0591 | e403 00aa | 8400 00b5 | 6904 40f9 | 2901 40b2 
  0x0000000114664ab8: 6904 00f9 

  0x0000000114664abc: ;   {metadata(method data for {method} {0x00001ff0001fc6d8} 'invokeExact_MT' '(Ljava/lang/Object;Ljava/lang/Object;Ljava/lang/Object;)Ljava/lang/Object;' in 'java/lang/invoke/Invokers$Holder')}
  0x0000000114664abc: 0363 85d2 | 832b a7f2 | 2300 c0f2 | 68a8 40f9 | 0805 0091 | 68a8 00f9 

  0x0000000114664ad4: ;   {metadata(method data for {method} {0x00001ff000454120} 'checkExactType' '(Ljava/lang/invoke/MethodHandle;Ljava/lang/invoke/MethodType;)V' in 'java/lang/invoke/Invokers')}
  0x0000000114664ad4: 0355 82d2 | 432b a7f2 | 2300 c0f2 | 64ac 40b9 | 8408 0011 | 64ac 00b9 | 844c 1f12 | 9f00 0071 
  0x0000000114664af4: 2050 0054 

  0x0000000114664af8: ; implicit exception: dispatches to 0x0000000114665518
  0x0000000114664af8: 1f00 40f9 | e303 00aa 

  0x0000000114664b00: ;   {metadata(method data for {method} {0x00001ff000454120} 'checkExactType' '(Ljava/lang/invoke/MethodHandle;Ljava/lang/invoke/MethodType;)V' in 'java/lang/invoke/Invokers')}
  0x0000000114664b00: 0455 82d2 | 442b a7f2 | 2400 c0f2 | 6308 40b9 | 6320 5cd2 | 89e0 0391 | 2801 40f9 | 7f00 08eb 
  0x0000000114664b20: a100 0054 | 8880 40f9 | 0805 0091 | 8880 00f9 | 1c00 0014 | 8920 0491 | 2801 40f9 | 7f00 08eb 
  0x0000000114664b40: a100 0054 | 8888 40f9 | 0805 0091 | 8888 00f9 | 1400 0014 | 89e0 0391 | 2801 40f9 | c800 00b5 
  0x0000000114664b60: 2301 00f9 | e803 40b2 | 8900 0491 | 2801 00f9 | 0c00 0014 | 8920 0491 | 2801 40f9 | c800 00b5 
  0x0000000114664b80: 2301 00f9 | e803 40b2 | 8940 0491 | 2801 00f9 | 0400 0014 | 8878 40f9 | 0805 0091 | 8878 00f9 
  0x0000000114664ba0: 0310 40b9 | 4300 00b4 | 630f 038b 

  0x0000000114664bac: ;   {oop(a 'java/lang/invoke/MethodType'{0x0000007000800a28} = (Ljava/lang/Object;)Ljava/lang/Object;)}
  0x0000000114664bac: 0445 81d2 | 0410 a0f2 | 040e c0f2 | 7f00 04eb 

  0x0000000114664bbc: ;   {metadata(method data for {method} {0x00001ff000454120} 'checkExactType' '(Ljava/lang/invoke/MethodHandle;Ljava/lang/invoke/MethodType;)V' in 'java/lang/invoke/Invokers')}
  0x0000000114664bbc: 0455 82d2 | 442b a7f2 | 2400 c0f2 | 0826 80d2 | 0924 80d2 | 0511 899a | 8668 65f8 | c604 0091 
  0x0000000114664bdc: 8668 25f8 | 8113 0054 

  0x0000000114664be4: ;   {metadata(method data for {method} {0x00001ff0001fc6d8} 'invokeExact_MT' '(Ljava/lang/Object;Ljava/lang/Object;Ljava/lang/Object;)Ljava/lang/Object;' in 'java/lang/invoke/Invokers$Holder')}
  0x0000000114664be4: 0363 85d2 | 832b a7f2 | 2300 c0f2 | 68c4 40f9 | 0805 0091 | 68c4 00f9 

  0x0000000114664bfc: ;   {metadata(method data for {method} {0x00001ff000454018} 'checkCustomized' '(Ljava/lang/invoke/MethodHandle;)V' in 'java/lang/invoke/Invokers')}
  0x0000000114664bfc: 03d1 82d2 | 432b a7f2 | 2300 c0f2 | 64ac 40b9 | 8408 0011 | 64ac 00b9 | 844c 1f12 | 9f00 0071 
  0x0000000114664c1c: 0048 0054 

  0x0000000114664c20: ;   {metadata(method data for {method} {0x00001ff000454018} 'checkCustomized' '(Ljava/lang/invoke/MethodHandle;)V' in 'java/lang/invoke/Invokers')}
  0x0000000114664c20: 03d1 82d2 | 432b a7f2 | 2300 c0f2 | 6878 40f9 | 0805 0091 | 6878 00f9 

  0x0000000114664c38: ;   {metadata(method data for {method} {0x00001ff0001e5650} 'isCompileConstant' '(Ljava/lang/Object;)Z' in 'java/lang/invoke/MethodHandleImpl')}
  0x0000000114664c38: 0303 83d2 | 432b a7f2 | 2300 c0f2 | 64ac 40b9 | 8408 0011 | 64ac 00b9 | 844c 1f12 | 9f00 0071 
  0x0000000114664c58: 2047 0054 

  0x0000000114664c5c: ;   {metadata(method data for {method} {0x00001ff000454018} 'checkCustomized' '(Ljava/lang/invoke/MethodHandle;)V' in 'java/lang/invoke/Invokers')}
  0x0000000114664c5c: 03d1 82d2 | 432b a7f2 | 2300 c0f2 | 6480 40f9 | 8404 0091 | 6480 00f9 | 0314 40b9 | 4300 00b4 
  0x0000000114664c7c: 630f 038b 

  0x0000000114664c80: ; implicit exception: dispatches to 0x000000011466555c
  0x0000000114664c80: 631c 40b9 | 4300 00b4 | 630f 038b | e403 1faa | 7f00 04eb 

  0x0000000114664c94: ;   {metadata(method data for {method} {0x00001ff000454018} 'checkCustomized' '(Ljava/lang/invoke/MethodHandle;)V' in 'java/lang/invoke/Invokers')}
  0x0000000114664c94: 03d1 82d2 | 432b a7f2 | 2300 c0f2 | 0824 80d2 | 0926 80d2 | 0411 899a | 6568 64f8 | a504 0091 
  0x0000000114664cb4: 6568 24f8 | 8101 0054 

  0x0000000114664cbc: ;   {metadata(method data for {method} {0x00001ff000454018} 'checkCustomized' '(Ljava/lang/invoke/MethodHandle;)V' in 'java/lang/invoke/Invokers')}
  0x0000000114664cbc: 03d1 82d2 | 432b a7f2 | 2300 c0f2 | 68a0 40f9 | 0805 0091 | 68a0 00f9 | e103 00aa 

  0x0000000114664cd8: ; ImmutableOopMap {[168]=Oop [176]=Oop [184]=Oop [216]=Oop }
                      ;*invokestatic maybeCustomize {reexecute=0 rethrow=0 return_oop=0}
                      ; - java.lang.invoke.Invokers::checkCustomized@19 (line 626)
                      ; - java.lang.invoke.Invokers$Holder::invokeExact_MT@14
                      ; - jdk.internal.reflect.DirectMethodHandleAccessor::invokeImpl@41 (line 154)
                      ; - jdk.internal.reflect.DirectMethodHandleAccessor::invoke@23 (line 104)
                      ;   {static_call}
  0x0000000114664cd8: bae2 e797 

  0x0000000114664cdc: ;   {post_call_nop}
  0x0000000114664cdc: 1f20 03d5 | 9f42 83f2 | 1f40 81f2 | e06f 40f9 

  0x0000000114664cec: ;   {metadata(method data for {method} {0x00001ff0001fc6d8} 'invokeExact_MT' '(Ljava/lang/Object;Ljava/lang/Object;Ljava/lang/Object;)Ljava/lang/Object;' in 'java/lang/invoke/Invokers$Holder')}
  0x0000000114664cec: 0263 85d2 | 822b a7f2 | 2200 c0f2 | 0008 40b9 | 0020 5cd2 | 49e0 0691 | 2801 40f9 | 1f00 08eb 
  0x0000000114664d0c: a100 0054 | 48e0 40f9 | 0805 0091 | 48e0 00f9 | 1c00 0014 | 4920 0791 | 2801 40f9 | 1f00 08eb 
  0x0000000114664d2c: a100 0054 | 48e8 40f9 | 0805 0091 | 48e8 00f9 | 1400 0014 | 49e0 0691 | 2801 40f9 | c800 00b5 
  0x0000000114664d4c: 2001 00f9 | e803 40b2 | 4900 0791 | 2801 00f9 | 0c00 0014 | 4920 0791 | 2801 40f9 | c800 00b5 
  0x0000000114664d6c: 2001 00f9 | e803 40b2 | 4940 0791 | 2801 00f9 | 0400 0014 | 48d8 40f9 | 0805 0091 | 48d8 00f9 
  0x0000000114664d8c: e25f 40f9 | e16f 40f9 

  0x0000000114664d94: ; ImmutableOopMap {[168]=Oop [176]=Oop [184]=Oop [216]=Oop }
                      ;*invokevirtual invokeBasic {reexecute=0 rethrow=0 return_oop=0}
                      ; - java.lang.invoke.Invokers$Holder::invokeExact_MT@19
                      ; - jdk.internal.reflect.DirectMethodHandleAccessor::invokeImpl@41 (line 154)
                      ; - jdk.internal.reflect.DirectMethodHandleAccessor::invoke@23 (line 104)
                      ;   {optimized virtual_call}
  0x0000000114664d94: db94 c795 

  0x0000000114664d98: ;   {post_call_nop}
  0x0000000114664d98: 1f20 03d5 | 1f5a 83f2 | 1f60 81f2 

  0x0000000114664da4: ;   {metadata(method data for {method} {0x00001ff000440f18} 'invokeImpl' '(Ljava/lang/Object;[Ljava/lang/Object;)Ljava/lang/Object;' in 'jdk/internal/reflect/DirectMethodHandleAccessor')}
  0x0000000114664da4: 010e 92d2 | 8143 a7f2 | 2100 c0f2 | 2140 0691 | e203 00aa | a200 00b5 | 2900 40f9 | 2901 40b2 
  0x0000000114664dc4: 2900 00f9 | 1600 0014 | 4208 40b9 | 4220 5cd2 | 2900 40f9 | 4200 09ca | 48f4 7e92 | 0802 00b4 
  0x0000000114664de4: e201 0837 | a901 00b4 | 3f05 00f1 | 6001 0054 | bf39 03d5 | 4200 09ca | 2900 40f9 | 4200 09ca 
  0x0000000114664e04: 48f4 7e92 | c800 00b4 | 2900 40f9 | 2901 7fb2 | 2900 00f9 | 0200 0014 | 2200 00f9 

  0x0000000114664e20: ;   {metadata(method data for {method} {0x00001ff000440f18} 'invokeImpl' '(Ljava/lang/Object;[Ljava/lang/Object;)Ljava/lang/Object;' in 'jdk/internal/reflect/DirectMethodHandleAccessor')}
  0x0000000114664e20: 010e 92d2 | 8143 a7f2 | 2100 c0f2 | 22d0 40f9 | 4204 0091 | 22d0 00f9 | fd7b 54a9 | ff43 0591 
  0x0000000114664e40: ;   {poll_return}
  0x0000000114664e40: 8817 40f9 | ff63 28eb | c838 0054 | c003 5fd6 

  0x0000000114664e50: ;   {metadata(method data for {method} {0x00001ff000454120} 'checkExactType' '(Ljava/lang/invoke/MethodHandle;Ljava/lang/invoke/MethodType;)V' in 'java/lang/invoke/Invokers')}
  0x0000000114664e50: 0155 82d2 | 412b a7f2 | 2100 c0f2 | 28a0 40f9 | 0805 0091 | 28a0 00f9 

  0x0000000114664e68: ;   {oop(a 'java/lang/invoke/MethodType'{0x0000007000800a28} = (Ljava/lang/Object;)Ljava/lang/Object;)}
  0x0000000114664e68: 0245 81d2 | 0210 a0f2 | 020e c0f2 | e103 03aa | e373 00f9 

  0x0000000114664e7c: ; ImmutableOopMap {[168]=Oop [176]=Oop [184]=Oop [216]=Oop [224]=Oop }
                      ;*invokestatic newWrongMethodTypeException {reexecute=0 rethrow=0 return_oop=0}
                      ; - java.lang.invoke.Invokers::checkExactType@12 (line 531)
                      ; - java.lang.invoke.Invokers$Holder::invokeExact_MT@10
                      ; - jdk.internal.reflect.DirectMethodHandleAccessor::invokeImpl@41 (line 154)
                      ; - jdk.internal.reflect.DirectMethodHandleAccessor::invoke@23 (line 104)
                      ;   {static_call}
  0x0000000114664e7c: 913a b295 

  0x0000000114664e80: ;   {post_call_nop}
  0x0000000114664e80: 1f20 03d5 | 1f77 83f2 | 1f80 81f2 

  0x0000000114664e8c: ; implicit exception: dispatches to 0x000000011466556c
                      ; ImmutableOopMap {c_rarg0=Oop [168]=Oop [176]=Oop [184]=Oop [216]=Oop [224]=Oop }
                      ;*athrow {reexecute=1 rethrow=0 return_oop=0}
                      ; - (reexecute) java.lang.invoke.Invokers::checkExactType@15 (line 531)
                      ; - java.lang.invoke.Invokers$Holder::invokeExact_MT@10
                      ; - jdk.internal.reflect.DirectMethodHandleAccessor::invokeImpl@41 (line 154)
                      ; - jdk.internal.reflect.DirectMethodHandleAccessor::invoke@23 (line 104)
  0x0000000114664e8c: 1f00 40f9 

  0x0000000114664e90: ;   {section_word}
  0x0000000114664e90: 0300 0010 

  0x0000000114664e94: ;   {runtime_call C1 Runtime handle_exception_nofpu_blob}
  0x0000000114664e94: 0b9d b595 | 1f20 03d5 

  0x0000000114664e9c: ;   {metadata(method data for {method} {0x00001ff000454120} 'checkExactType' '(Ljava/lang/invoke/MethodHandle;Ljava/lang/invoke/MethodType;)V' in 'java/lang/invoke/Invokers')}
  0x0000000114664e9c: 0155 82d2 | 412b a7f2 | 2100 c0f2 | 28a0 40f9 | 0805 0091 | 28a0 00f9 

  0x0000000114664eb4: ;   {oop(a 'java/lang/invoke/MethodType'{0x0000007000800a00} = (Ljava/lang/Object;Ljava/lang/Object;Ljava/lang/Object;)Ljava/lang/Object;)}
  0x0000000114664eb4: 0240 81d2 | 0210 a0f2 | 020e c0f2 | e103 06aa | e677 00f9 

  0x0000000114664ec8: ; ImmutableOopMap {[168]=Oop [176]=Oop [184]=Oop [192]=Oop [200]=Oop [208]=Oop [232]=Oop }
                      ;*invokestatic newWrongMethodTypeException {reexecute=0 rethrow=0 return_oop=0}
                      ; - java.lang.invoke.Invokers::checkExactType@12 (line 531)
                      ; - java.lang.invoke.LambdaForm$MH/0x00001ff001004800::invokeExact_MT@11
                      ; - jdk.internal.reflect.DirectMethodHandleAccessor::invokeImpl@72 (line 156)
                      ; - jdk.internal.reflect.DirectMethodHandleAccessor::invoke@23 (line 104)
                      ;   {static_call}
  0x0000000114664ec8: 7e3a b295 

  0x0000000114664ecc: ;   {post_call_nop}
  0x0000000114664ecc: 1f20 03d5 | 9f80 83f2 | 1fc0 81f2 

  0x0000000114664ed8: ; implicit exception: dispatches to 0x0000000114665570
                      ; ImmutableOopMap {c_rarg0=Oop [168]=Oop [176]=Oop [184]=Oop [192]=Oop [200]=Oop [208]=Oop [232]=Oop }
                      ;*athrow {reexecute=1 rethrow=0 return_oop=0}
                      ; - (reexecute) java.lang.invoke.Invokers::checkExactType@15 (line 531)
                      ; - java.lang.invoke.LambdaForm$MH/0x00001ff001004800::invokeExact_MT@11
                      ; - jdk.internal.reflect.DirectMethodHandleAccessor::invokeImpl@72 (line 156)
                      ; - jdk.internal.reflect.DirectMethodHandleAccessor::invoke@23 (line 104)
  0x0000000114664ed8: 1f00 40f9 

  0x0000000114664edc: ;   {section_word}
  0x0000000114664edc: 0300 0010 

  0x0000000114664ee0: ;   {runtime_call C1 Runtime handle_exception_nofpu_blob}
  0x0000000114664ee0: f89c b595 | 1f20 03d5 | 8087 42f9 | 9f87 02f9 | 9f8b 02f9 | e07b 00f9 | e157 40f9 

  0x0000000114664efc: ;   {metadata(method data for {method} {0x00001ff0002a5db0} 'invoke' '(Ljava/lang/Object;[Ljava/lang/Object;)Ljava/lang/Object;' in 'jdk/internal/reflect/DirectMethodHandleAccessor')}
  0x0000000114664efc: 022e 91d2 | 8243 a7f2 | 2200 c0f2 | 4810 41f9 | 0805 0091 | 4810 01f9 

  0x0000000114664f14: ;   {metadata(method data for {method} {0x00001ff000440ec0} 'isIllegalArgument' '(Ljava/lang/RuntimeException;)Z' in 'jdk/internal/reflect/DirectMethodHandleAccessor')}
  0x0000000114664f14: 0188 92d2 | 8143 a7f2 | 2100 c0f2 | 22ac 40b9 | 4208 0011 | 22ac 00b9 | 424c 1f12 | 5f00 0071 
  0x0000000114664f34: 0032 0054 

  0x0000000114664f38: ;   {oop(a 'java/lang/Class'{0x0000007000800a50} = 'jdk/internal/reflect/DirectMethodHandleAccessor')}
  0x0000000114664f38: 014a 81d2 | 0110 a0f2 | 010e c0f2 | e203 00aa 

  0x0000000114664f48: ; ImmutableOopMap {[168]=Oop [176]=Oop [184]=Oop [240]=Oop }
                      ;*invokestatic isIllegalArgument {reexecute=0 rethrow=0 return_oop=0}
                      ; - jdk.internal.reflect.DirectMethodHandleAccessor::isIllegalArgument@3 (line 192)
                      ; - jdk.internal.reflect.DirectMethodHandleAccessor::invoke@58 (line 113)
                      ;   {static_call}
  0x0000000114664f48: 5e3a b295 

  0x0000000114664f4c: ;   {post_call_nop}
  0x0000000114664f4c: 1f20 03d5 | 9f90 83f2 | 1f00 82f2 | 0000 0012 | 1f00 0071 

  0x0000000114664f60: ;   {metadata(method data for {method} {0x00001ff0002a5db0} 'invoke' '(Ljava/lang/Object;[Ljava/lang/Object;)Ljava/lang/Object;' in 'jdk/internal/reflect/DirectMethodHandleAccessor')}
  0x0000000114664f60: 002e 91d2 | 8043 a7f2 | 2000 c0f2 | 084a 80d2 | 094c 80d2 | 0101 899a | 0268 61f8 | 4204 0091 
  0x0000000114664f80: 0268 21f8 | a012 0054 | 7300 0014 | 8087 42f9 | 9f87 02f9 | 9f8b 02f9 | e07f 00f9 | e157 40f9 
  0x0000000114664fa0: ;   {metadata(method data for {method} {0x00001ff0002a5db0} 'invoke' '(Ljava/lang/Object;[Ljava/lang/Object;)Ljava/lang/Object;' in 'jdk/internal/reflect/DirectMethodHandleAccessor')}
  0x0000000114664fa0: 022e 91d2 | 8243 a7f2 | 2200 c0f2 | 48d8 40f9 | 0805 0091 | 48d8 00f9 

  0x0000000114664fb8: ;   {metadata(method data for {method} {0x00001ff000440ec0} 'isIllegalArgument' '(Ljava/lang/RuntimeException;)Z' in 'jdk/internal/reflect/DirectMethodHandleAccessor')}
  0x0000000114664fb8: 0188 92d2 | 8143 a7f2 | 2100 c0f2 | 22ac 40b9 | 4208 0011 | 22ac 00b9 | 424c 1f12 | 5f00 0071 
  0x0000000114664fd8: e02d 0054 

  0x0000000114664fdc: ;   {oop(a 'java/lang/Class'{0x0000007000800a50} = 'jdk/internal/reflect/DirectMethodHandleAccessor')}
  0x0000000114664fdc: 014a 81d2 | 0110 a0f2 | 010e c0f2 | e203 00aa 

  0x0000000114664fec: ; ImmutableOopMap {[168]=Oop [176]=Oop [184]=Oop [248]=Oop }
                      ;*invokestatic isIllegalArgument {reexecute=0 rethrow=0 return_oop=0}
                      ; - jdk.internal.reflect.DirectMethodHandleAccessor::isIllegalArgument@3 (line 192)
                      ; - jdk.internal.reflect.DirectMethodHandleAccessor::invoke@30 (line 106)
                      ;   {static_call}
  0x0000000114664fec: 353a b295 

  0x0000000114664ff0: ;   {post_call_nop}
  0x0000000114664ff0: 1f20 03d5 | 1fa5 83f2 | 1f20 82f2 | 0300 0012 | 7f00 0071 

  0x0000000114665004: ;   {metadata(method data for {method} {0x00001ff0002a5db0} 'invoke' '(Ljava/lang/Object;[Ljava/lang/Object;)Ljava/lang/Object;' in 'jdk/internal/reflect/DirectMethodHandleAccessor')}
  0x0000000114665004: 032e 91d2 | 8343 a7f2 | 2300 c0f2 | e80f 7bb2 | e913 7cb2 | 0001 899a | 6468 60f8 | 8404 0091 
  0x0000000114665024: 6468 20f8 | 8004 0054 

  0x000000011466502c: ; ImmutableOopMap {[168]=Oop [176]=Oop [184]=Oop [248]=Oop }
                      ;*new {reexecute=0 rethrow=0 return_oop=0}
                      ; - jdk.internal.reflect.DirectMethodHandleAccessor::invoke@36 (line 108)
                      ;   {runtime_call C1 Runtime load_mirror_patching_blob}
  0x000000011466502c: 15a3 b595 | 80e7 40f9 | 0ba0 0091 | 88ef 40f9 | 7f01 08eb | a82b 0054 | 8be7 00f9 | ea03 40b2 
  0x000000011466504c: 0a00 00f9 | 6a20 5cd2 | 0a7c 0129 | 0a40 0091 | 5f01 00f9 | 5ffd 00a9 | bf3a 03d5 | e203 00aa 
  0x000000011466506c: ;   {metadata(method data for {method} {0x00001ff0002a5db0} 'invoke' '(Ljava/lang/Object;[Ljava/lang/Object;)Ljava/lang/Object;' in 'jdk/internal/reflect/DirectMethodHandleAccessor')}
  0x000000011466506c: 012e 91d2 | 8143 a7f2 | 2100 c0f2 | 2800 41f9 | 0805 0091 | 2800 01f9 

  0x0000000114665084: ;   {oop("argument type mismatch"{0x0000007000800ad8})}
  0x0000000114665084: 025b 81d2 | 0210 a0f2 | 020e c0f2 | e103 00aa | e083 00f9 

  0x0000000114665098: ; ImmutableOopMap {[168]=Oop [176]=Oop [184]=Oop [248]=Oop [256]=Oop }
                      ;*invokespecial <init> {reexecute=0 rethrow=0 return_oop=0}
                      ; - jdk.internal.reflect.DirectMethodHandleAccessor::invoke@42 (line 108)
                      ;   {optimized virtual_call}
  0x0000000114665098: 0a39 b295 

  0x000000011466509c: ;   {post_call_nop}
  0x000000011466509c: 1f20 03d5 | 9fba 83f2 | 1f60 82f2 

  0x00000001146650a8: ; ImmutableOopMap {c_rarg0=Oop [168]=Oop [176]=Oop [184]=Oop [248]=Oop }
                      ;*athrow {reexecute=1 rethrow=0 return_oop=0}
                      ; - (reexecute) jdk.internal.reflect.DirectMethodHandleAccessor::invoke@45 (line 108)
  0x00000001146650a8: e083 40f9 

  0x00000001146650ac: ;   {section_word}
  0x00000001146650ac: 0300 0010 

  0x00000001146650b0: ;   {runtime_call C1 Runtime handle_exception_nofpu_blob}
  0x00000001146650b0: 849c b595 | 1f20 03d5 | e07f 40f9 

  0x00000001146650bc: ; ImmutableOopMap {c_rarg0=Oop [168]=Oop [176]=Oop [184]=Oop [248]=Oop }
                      ;*new {reexecute=0 rethrow=0 return_oop=0}
                      ; - jdk.internal.reflect.DirectMethodHandleAccessor::invoke@46 (line 110)
                      ;   {runtime_call C1 Runtime load_mirror_patching_blob}
  0x00000001146650bc: f1a2 b595 | e503 00aa | 6800 0591 | 08fd df08 | 1f11 0071 

  0x00000001146650d0: ; implicit exception: dispatches to 0x00000001146655bc
  0x00000001146650d0: 8127 0054 | 80e7 40f9 | 0ba0 0091 | 88ef 40f9 | 7f01 08eb | e826 0054 | 8be7 00f9 | ea03 40b2 
  0x00000001146650f0: 0a00 00f9 | 6a20 5cd2 | 0a7c 0129 | 0a40 0091 | 5f01 00f9 | 5ffd 00a9 | bf3a 03d5 | e203 00aa 
  0x0000000114665110: ;   {metadata(method data for {method} {0x00001ff0002a5db0} 'invoke' '(Ljava/lang/Object;[Ljava/lang/Object;)Ljava/lang/Object;' in 'jdk/internal/reflect/DirectMethodHandleAccessor')}
  0x0000000114665110: 012e 91d2 | 8143 a7f2 | 2100 c0f2 | 2808 41f9 | 0805 0091 | 2808 01f9 | e203 05aa | e103 00aa 
  0x0000000114665130: e087 00f9 

  0x0000000114665134: ; ImmutableOopMap {[168]=Oop [176]=Oop [184]=Oop [248]=Oop [264]=Oop }
                      ;*invokespecial <init> {reexecute=0 rethrow=0 return_oop=0}
                      ; - jdk.internal.reflect.DirectMethodHandleAccessor::invoke@51 (line 110)
                      ;   {optimized virtual_call}
  0x0000000114665134: e338 b295 

  0x0000000114665138: ;   {post_call_nop}
  0x0000000114665138: 1f20 03d5 | 1fce 83f2 | 1fc0 82f2 

  0x0000000114665144: ; ImmutableOopMap {c_rarg0=Oop [168]=Oop [176]=Oop [184]=Oop [248]=Oop }
                      ;*athrow {reexecute=1 rethrow=0 return_oop=0}
                      ; - (reexecute) jdk.internal.reflect.DirectMethodHandleAccessor::invoke@54 (line 110)
  0x0000000114665144: e087 40f9 

  0x0000000114665148: ;   {section_word}
  0x0000000114665148: 0300 0010 

  0x000000011466514c: ;   {runtime_call C1 Runtime handle_exception_nofpu_blob}
  0x000000011466514c: 5d9c b595 | 1f20 03d5 

  0x0000000114665154: ; ImmutableOopMap {[168]=Oop [176]=Oop [184]=Oop [240]=Oop }
                      ;*new {reexecute=0 rethrow=0 return_oop=0}
                      ; - jdk.internal.reflect.DirectMethodHandleAccessor::invoke@64 (line 114)
                      ;   {runtime_call C1 Runtime load_mirror_patching_blob}
  0x0000000114665154: cba2 b595 | 80e7 40f9 | 0ba0 0091 | 88ef 40f9 | 7f01 08eb | 0823 0054 | 8be7 00f9 | ea03 40b2 
  0x0000000114665174: 0a00 00f9 | 6a20 5cd2 | 0a7c 0129 | 0a40 0091 | 5f01 00f9 | 5ffd 00a9 | bf3a 03d5 | e203 00aa 
  0x0000000114665194: ;   {metadata(method data for {method} {0x00001ff0002a5db0} 'invoke' '(Ljava/lang/Object;[Ljava/lang/Object;)Ljava/lang/Object;' in 'jdk/internal/reflect/DirectMethodHandleAccessor')}
  0x0000000114665194: 012e 91d2 | 8143 a7f2 | 2100 c0f2 | 2838 41f9 | 0805 0091 | 2838 01f9 | e27b 40f9 | e103 00aa 
  0x00000001146651b4: e08b 00f9 

  0x00000001146651b8: ; ImmutableOopMap {[168]=Oop [176]=Oop [184]=Oop [240]=Oop [272]=Oop }
                      ;*invokespecial <init> {reexecute=0 rethrow=0 return_oop=0}
                      ; - jdk.internal.reflect.DirectMethodHandleAccessor::invoke@69 (line 114)
                      ;   {optimized virtual_call}
  0x00000001146651b8: c238 b295 

  0x00000001146651bc: ;   {post_call_nop}
  0x00000001146651bc: 1f20 03d5 | 9fde 83f2 | 1f20 83f2 

  0x00000001146651c8: ; ImmutableOopMap {c_rarg0=Oop [168]=Oop [176]=Oop [184]=Oop [240]=Oop }
                      ;*athrow {reexecute=1 rethrow=0 return_oop=0}
                      ; - (reexecute) jdk.internal.reflect.DirectMethodHandleAccessor::invoke@72 (line 114)
  0x00000001146651c8: e08b 40f9 

  0x00000001146651cc: ;   {section_word}
  0x00000001146651cc: 0300 0010 

  0x00000001146651d0: ;   {runtime_call C1 Runtime handle_exception_nofpu_blob}
  0x00000001146651d0: 3c9c b595 | 1f20 03d5 | e07b 40f9 

  0x00000001146651dc: ; ImmutableOopMap {c_rarg0=Oop [168]=Oop [176]=Oop [184]=Oop [240]=Oop }
                      ;*new {reexecute=0 rethrow=0 return_oop=0}
                      ; - jdk.internal.reflect.DirectMethodHandleAccessor::invoke@73 (line 116)
                      ;   {runtime_call C1 Runtime load_mirror_patching_blob}
  0x00000001146651dc: a9a2 b595 | e503 00aa | 6800 0591 | 08fd df08 | 1f11 0071 

  0x00000001146651f0: ; implicit exception: dispatches to 0x00000001146655d0
  0x00000001146651f0: 211f 0054 | 80e7 40f9 | 0ba0 0091 | 88ef 40f9 | 7f01 08eb | 881e 0054 | 8be7 00f9 | ea03 40b2 
  0x0000000114665210: 0a00 00f9 | 6a20 5cd2 | 0a7c 0129 | 0a40 0091 | 5f01 00f9 | 5ffd 00a9 | bf3a 03d5 | e203 00aa 
  0x0000000114665230: ;   {metadata(method data for {method} {0x00001ff0002a5db0} 'invoke' '(Ljava/lang/Object;[Ljava/lang/Object;)Ljava/lang/Object;' in 'jdk/internal/reflect/DirectMethodHandleAccessor')}
  0x0000000114665230: 012e 91d2 | 8143 a7f2 | 2100 c0f2 | 2840 41f9 | 0805 0091 | 2840 01f9 | e203 05aa | e103 00aa 
  0x0000000114665250: e08f 00f9 

  0x0000000114665254: ; ImmutableOopMap {[168]=Oop [176]=Oop [184]=Oop [240]=Oop [280]=Oop }
                      ;*invokespecial <init> {reexecute=0 rethrow=0 return_oop=0}
                      ; - jdk.internal.reflect.DirectMethodHandleAccessor::invoke@78 (line 116)
                      ;   {optimized virtual_call}
  0x0000000114665254: 9b38 b295 

  0x0000000114665258: ;   {post_call_nop}
  0x0000000114665258: 1f20 03d5 | 1ff2 83f2 | 1f80 83f2 

  0x0000000114665264: ; ImmutableOopMap {c_rarg0=Oop [168]=Oop [176]=Oop [184]=Oop [240]=Oop }
                      ;*athrow {reexecute=1 rethrow=0 return_oop=0}
                      ; - (reexecute) jdk.internal.reflect.DirectMethodHandleAccessor::invoke@81 (line 116)
  0x0000000114665264: e08f 40f9 

  0x0000000114665268: ;   {section_word}
  0x0000000114665268: 0300 0010 

  0x000000011466526c: ;   {runtime_call C1 Runtime handle_exception_nofpu_blob}
  0x000000011466526c: 159c b595 | 1f20 03d5 | 8087 42f9 | 9f87 02f9 | 9f8b 02f9 

  0x0000000114665280: ; ImmutableOopMap {c_rarg0=Oop [168]=Oop [176]=Oop [184]=Oop }
                      ;*new {reexecute=0 rethrow=0 return_oop=0}
                      ; - jdk.internal.reflect.DirectMethodHandleAccessor::invoke@83 (line 119)
                      ;   {runtime_call C1 Runtime load_mirror_patching_blob}
  0x0000000114665280: 80a2 b595 | e603 00aa | 6800 0591 | 08fd df08 | 1f11 0071 

  0x0000000114665294: ; implicit exception: dispatches to 0x00000001146655dc
  0x0000000114665294: 611a 0054 | 80e7 40f9 | 0ba0 0091 | 88ef 40f9 | 7f01 08eb | c819 0054 | 8be7 00f9 | ea03 40b2 
  0x00000001146652b4: 0a00 00f9 | 6a20 5cd2 | 0a7c 0129 | 0a40 0091 | 5f01 00f9 | 5ffd 00a9 | bf3a 03d5 | e303 00aa 
  0x00000001146652d4: ;   {metadata(method data for {method} {0x00001ff0002a5db0} 'invoke' '(Ljava/lang/Object;[Ljava/lang/Object;)Ljava/lang/Object;' in 'jdk/internal/reflect/DirectMethodHandleAccessor')}
  0x00000001146652d4: 042e 91d2 | 8443 a7f2 | 2400 c0f2 | 8848 41f9 | 0805 0091 | 8848 01f9 | e203 06aa | e103 00aa 
  0x00000001146652f4: e01b 12a9 

  0x00000001146652f8: ; ImmutableOopMap {[168]=Oop [176]=Oop [184]=Oop [288]=Oop [296]=Oop }
                      ;*invokespecial <init> {reexecute=0 rethrow=0 return_oop=0}
                      ; - jdk.internal.reflect.DirectMethodHandleAccessor::invoke@88 (line 119)
                      ;   {optimized virtual_call}
  0x00000001146652f8: 7238 b295 

  0x00000001146652fc: ;   {post_call_nop}
  0x00000001146652fc: 1f20 03d5 | 9f06 84f2 | 1fe0 83f2 

  0x0000000114665308: ; ImmutableOopMap {c_rarg0=Oop [168]=Oop [176]=Oop [184]=Oop [296]=Oop }
                      ;*athrow {reexecute=1 rethrow=0 return_oop=0}
                      ; - (reexecute) jdk.internal.reflect.DirectMethodHandleAccessor::invoke@91 (line 119)
  0x0000000114665308: e093 40f9 

  0x000000011466530c: ;   {section_word}
  0x000000011466530c: 0300 0010 

  0x0000000114665310: ;   {runtime_call C1 Runtime handle_exception_nofpu_blob}
  0x0000000114665310: ec9b b595 | 1f20 03d5 

  0x0000000114665318: ;   {metadata({method} {0x00001ff0002a5db0} 'invoke' '(Ljava/lang/Object;[Ljava/lang/Object;)Ljava/lang/Object;' in 'jdk/internal/reflect/DirectMethodHandleAccessor')}
  0x0000000114665318: 08b6 8bd2 | 4805 a0f2 | 08fe c3f2 | e807 00f9 | 0800 8092 | e803 00f9 

  0x0000000114665330: ; ImmutableOopMap {c_rarg1=Oop c_rarg2=Oop c_rarg3=Oop [168]=Oop [176]=Oop [184]=Oop }
                      ;*synchronization entry
                      ; - jdk.internal.reflect.DirectMethodHandleAccessor::invoke@-1 (line 99)
                      ;   {runtime_call C1 Runtime counter_overflow_blob}
  0x0000000114665330: 94a3 b595 | 3df9 ff17 

  0x0000000114665338: ;   {metadata({method} {0x00001ff000441230} 'isStatic' '()Z' in 'jdk/internal/reflect/DirectMethodHandleAccessor')}
  0x0000000114665338: 0846 82d2 | 8808 a0f2 | 08fe c3f2 | e807 00f9 | 0800 8092 | e803 00f9 

  0x0000000114665350: ; ImmutableOopMap {c_rarg1=Oop c_rarg2=Oop c_rarg3=Oop [168]=Oop [176]=Oop [184]=Oop }
                      ;*synchronization entry
                      ; - jdk.internal.reflect.DirectMethodHandleAccessor::isStatic@-1 (line 184)
                      ; - jdk.internal.reflect.DirectMethodHandleAccessor::invoke@1 (line 99)
                      ;   {runtime_call C1 Runtime counter_overflow_blob}
  0x0000000114665350: 8ca3 b595 | 45f9 ff17 

  0x0000000114665358: ;   {metadata({method} {0x00001ff000440f18} 'invokeImpl' '(Ljava/lang/Object;[Ljava/lang/Object;)Ljava/lang/Object;' in 'jdk/internal/reflect/DirectMethodHandleAccessor')}
  0x0000000114665358: 08e3 81d2 | 8808 a0f2 | 08fe c3f2 | e807 00f9 | 0800 8092 | e803 00f9 

  0x0000000114665370: ; ImmutableOopMap {c_rarg1=Oop [168]=Oop [176]=Oop [184]=Oop }
                      ;*synchronization entry
                      ; - jdk.internal.reflect.DirectMethodHandleAccessor::invokeImpl@-1 (line 153)
                      ; - jdk.internal.reflect.DirectMethodHandleAccessor::invoke@23 (line 104)
                      ;   {runtime_call C1 Runtime counter_overflow_blob}
  0x0000000114665370: 84a3 b595 | 8df9 ff17 

  0x0000000114665378: ; ImmutableOopMap {c_rarg1=Oop c_rarg3=Oop c_rarg2=Oop c_rarg0=Oop c_rarg4=Oop [168]=Oop [176]=Oop [184]=Oop }
                      ;*invokevirtual invokeExact {reexecute=0 rethrow=0 return_oop=0}
                      ; - jdk.internal.reflect.DirectMethodHandleAccessor::invokeImpl@104 (line 158)
                      ; - jdk.internal.reflect.DirectMethodHandleAccessor::invoke@23 (line 104)
                      ;   {runtime_call C1 Runtime throw_null_pointer_exception_blob}
  0x0000000114665378: a296 b595 

  0x000000011466537c: ;   {internal_word}
  0x000000011466537c: c847 ff10 | 8833 02f9 

  0x0000000114665384: ;   {runtime_call SafepointBlob}
  0x0000000114665384: bf51 b215 

  0x0000000114665388: ; ImmutableOopMap {c_rarg2=Oop c_rarg3=Oop c_rarg1=Oop c_rarg0=Oop [168]=Oop [176]=Oop [184]=Oop }
                      ;*aaload {reexecute=0 rethrow=0 return_oop=0}
                      ; - jdk.internal.reflect.DirectMethodHandleAccessor::invokeImpl@85 (line 157)
                      ; - jdk.internal.reflect.DirectMethodHandleAccessor::invoke@23 (line 104)
                      ;   {runtime_call C1 Runtime throw_null_pointer_exception_blob}
  0x0000000114665388: 9e96 b595 | 0800 80d2 | e903 03aa 

  0x0000000114665394: ;   {runtime_call C1 Runtime throw_range_check_failed_blob}
  0x0000000114665394: 1e30 95d2 | 9e67 a3f2 | 3e00 c0f2 

  0x00000001146653a0: ; ImmutableOopMap {c_rarg2=Oop c_rarg3=Oop c_rarg1=Oop c_rarg0=Oop [168]=Oop [176]=Oop [184]=Oop }
                      ;*aaload {reexecute=0 rethrow=0 return_oop=0}
                      ; - jdk.internal.reflect.DirectMethodHandleAccessor::invokeImpl@85 (line 157)
                      ; - jdk.internal.reflect.DirectMethodHandleAccessor::invoke@23 (line 104)
  0x00000001146653a0: c003 3fd6 | e803 40b2 | e903 03aa 

  0x00000001146653ac: ;   {runtime_call C1 Runtime throw_range_check_failed_blob}
  0x00000001146653ac: 1e30 95d2 | 9e67 a3f2 | 3e00 c0f2 

  0x00000001146653b8: ; ImmutableOopMap {c_rarg2=Oop c_rarg3=Oop c_rarg1=Oop c_rarg0=Oop c_rarg4=Oop [168]=Oop [176]=Oop [184]=Oop }
                      ;*aaload {reexecute=0 rethrow=0 return_oop=0}
                      ; - jdk.internal.reflect.DirectMethodHandleAccessor::invokeImpl@88 (line 157)
                      ; - jdk.internal.reflect.DirectMethodHandleAccessor::invoke@23 (line 104)
  0x00000001146653b8: c003 3fd6 | e803 7fb2 | e903 03aa 

  0x00000001146653c4: ;   {runtime_call C1 Runtime throw_range_check_failed_blob}
  0x00000001146653c4: 1e30 95d2 | 9e67 a3f2 | 3e00 c0f2 

  0x00000001146653d0: ; ImmutableOopMap {c_rarg2=Oop c_rarg3=Oop c_rarg1=Oop c_rarg0=Oop c_rarg4=Oop c_rarg5=Oop [168]=Oop [176]=Oop [184]=Oop }
                      ;*aaload {reexecute=0 rethrow=0 return_oop=0}
                      ; - jdk.internal.reflect.DirectMethodHandleAccessor::invokeImpl@91 (line 157)
                      ; - jdk.internal.reflect.DirectMethodHandleAccessor::invoke@23 (line 104)
  0x00000001146653d0: c003 3fd6 

  0x00000001146653d4: ; ImmutableOopMap {c_rarg2=Oop c_rarg3=Oop c_rarg1=Oop c_rarg0=Oop c_rarg4=Oop c_rarg5=Oop c_rarg6=Oop c_rarg7=Oop [168]=Oop [176]=Oop [184]=Oop }
                      ;*invokevirtual invokeExact {reexecute=0 rethrow=0 return_oop=0}
                      ; - jdk.internal.reflect.DirectMethodHandleAccessor::invokeImpl@92 (line 157)
                      ; - jdk.internal.reflect.DirectMethodHandleAccessor::invoke@23 (line 104)
                      ;   {runtime_call C1 Runtime throw_null_pointer_exception_blob}
  0x00000001146653d4: 8b96 b595 

  0x00000001146653d8: ;   {internal_word}
  0x00000001146653d8: 085b ff10 | 8833 02f9 

  0x00000001146653e0: ;   {runtime_call SafepointBlob}
  0x00000001146653e0: a851 b215 

  0x00000001146653e4: ; ImmutableOopMap {c_rarg3=Oop c_rarg1=Oop c_rarg2=Oop c_rarg0=Oop [168]=Oop [176]=Oop [184]=Oop [200]=Oop }
                      ;*aaload {reexecute=0 rethrow=0 return_oop=0}
                      ; - jdk.internal.reflect.DirectMethodHandleAccessor::invokeImpl@68 (line 156)
                      ; - jdk.internal.reflect.DirectMethodHandleAccessor::invoke@23 (line 104)
                      ;   {runtime_call C1 Runtime throw_null_pointer_exception_blob}
  0x00000001146653e4: 8796 b595 | 0800 80d2 | e903 03aa 

  0x00000001146653f0: ;   {runtime_call C1 Runtime throw_range_check_failed_blob}
  0x00000001146653f0: 1e30 95d2 | 9e67 a3f2 | 3e00 c0f2 

  0x00000001146653fc: ; ImmutableOopMap {c_rarg3=Oop c_rarg1=Oop c_rarg2=Oop c_rarg0=Oop [168]=Oop [176]=Oop [184]=Oop [200]=Oop }
                      ;*aaload {reexecute=0 rethrow=0 return_oop=0}
                      ; - jdk.internal.reflect.DirectMethodHandleAccessor::invokeImpl@68 (line 156)
                      ; - jdk.internal.reflect.DirectMethodHandleAccessor::invoke@23 (line 104)
  0x00000001146653fc: c003 3fd6 | e803 40b2 | e903 03aa 

  0x0000000114665408: ;   {runtime_call C1 Runtime throw_range_check_failed_blob}
  0x0000000114665408: 1e30 95d2 | 9e67 a3f2 | 3e00 c0f2 

  0x0000000114665414: ; ImmutableOopMap {c_rarg3=Oop c_rarg1=Oop c_rarg2=Oop c_rarg0=Oop c_rarg4=Oop [168]=Oop [176]=Oop [184]=Oop [192]=Oop [200]=Oop }
                      ;*aaload {reexecute=0 rethrow=0 return_oop=0}
                      ; - jdk.internal.reflect.DirectMethodHandleAccessor::invokeImpl@71 (line 156)
                      ; - jdk.internal.reflect.DirectMethodHandleAccessor::invoke@23 (line 104)
  0x0000000114665414: c003 3fd6 

  0x0000000114665418: ;   {metadata({method} {0x000000013940e2b0} 'invokeExact_MT' '(Ljava/lang/Object;Ljava/lang/Object;Ljava/lang/Object;Ljava/lang/Object;Ljava/lang/Object;)Ljava/lang/Object;' in 'java/lang/invoke/LambdaForm$MH+0x00001ff001004800')}
  0x0000000114665418: 0856 9cd2 | 0828 a7f2 | 2800 c0f2 | e807 00f9 | 0800 8092 | e803 00f9 

  0x0000000114665430: ; ImmutableOopMap {c_rarg3=Oop c_rarg1=Oop c_rarg2=Oop c_rarg0=Oop c_rarg4=Oop c_rarg5=Oop [168]=Oop [176]=Oop [184]=Oop [192]=Oop [200]=Oop [208]=Oop }
                      ;*synchronization entry
                      ; - java.lang.invoke.LambdaForm$MH/0x00001ff001004800::invokeExact_MT@-1
                      ; - jdk.internal.reflect.DirectMethodHandleAccessor::invokeImpl@72 (line 156)
                      ; - jdk.internal.reflect.DirectMethodHandleAccessor::invoke@23 (line 104)
                      ;   {runtime_call C1 Runtime counter_overflow_blob}
  0x0000000114665430: 54a3 b595 | 40fb ff17 

  0x0000000114665438: ;   {metadata({method} {0x00001ff000454120} 'checkExactType' '(Ljava/lang/invoke/MethodHandle;Ljava/lang/invoke/MethodType;)V' in 'java/lang/invoke/Invokers')}
  0x0000000114665438: 0824 88d2 | a808 a0f2 | 08fe c3f2 | e807 00f9 | 0800 8092 | e803 00f9 

  0x0000000114665450: ; ImmutableOopMap {c_rarg3=Oop c_rarg1=Oop c_rarg2=Oop c_rarg0=Oop c_rarg4=Oop c_rarg5=Oop [168]=Oop [176]=Oop [184]=Oop [192]=Oop [200]=Oop [208]=Oop }
                      ;*synchronization entry
                      ; - java.lang.invoke.Invokers::checkExactType@-1 (line 529)
                      ; - java.lang.invoke.LambdaForm$MH/0x00001ff001004800::invokeExact_MT@11
                      ; - jdk.internal.reflect.DirectMethodHandleAccessor::invokeImpl@72 (line 156)
                      ; - jdk.internal.reflect.DirectMethodHandleAccessor::invoke@23 (line 104)
                      ;   {runtime_call C1 Runtime counter_overflow_blob}
  0x0000000114665450: 4ca3 b595 | 66fb ff17 

  0x0000000114665458: ; ImmutableOopMap {c_rarg3=Oop c_rarg1=Oop c_rarg2=Oop c_rarg0=Oop c_rarg4=Oop c_rarg5=Oop [168]=Oop [176]=Oop [184]=Oop [192]=Oop [200]=Oop [208]=Oop }
                      ;*invokevirtual type {reexecute=0 rethrow=0 return_oop=0}
                      ; - java.lang.invoke.Invokers::checkExactType@1 (line 529)
                      ; - java.lang.invoke.LambdaForm$MH/0x00001ff001004800::invokeExact_MT@11
                      ; - jdk.internal.reflect.DirectMethodHandleAccessor::invokeImpl@72 (line 156)
                      ; - jdk.internal.reflect.DirectMethodHandleAccessor::invoke@23 (line 104)
                      ;   {runtime_call C1 Runtime throw_null_pointer_exception_blob}
  0x0000000114665458: 6a96 b595 

  0x000000011466545c: ;   {metadata({method} {0x00001ff000454018} 'checkCustomized' '(Ljava/lang/invoke/MethodHandle;)V' in 'java/lang/invoke/Invokers')}
  0x000000011466545c: 0803 88d2 | a808 a0f2 | 08fe c3f2 | e807 00f9 | 0800 8092 | e803 00f9 

  0x0000000114665474: ; ImmutableOopMap {c_rarg3=Oop c_rarg1=Oop c_rarg2=Oop c_rarg0=Oop c_rarg4=Oop c_rarg5=Oop [168]=Oop [176]=Oop [184]=Oop [192]=Oop [200]=Oop [208]=Oop }
                      ;*synchronization entry
                      ; - java.lang.invoke.Invokers::checkCustomized@-1 (line 622)
                      ; - java.lang.invoke.LambdaForm$MH/0x00001ff001004800::invokeExact_MT@15
                      ; - jdk.internal.reflect.DirectMethodHandleAccessor::invokeImpl@72 (line 156)
                      ; - jdk.internal.reflect.DirectMethodHandleAccessor::invoke@23 (line 104)
                      ;   {runtime_call C1 Runtime counter_overflow_blob}
  0x0000000114665474: 43a3 b595 | c1fb ff17 

  0x000000011466547c: ;   {metadata({method} {0x00001ff0001e5650} 'isCompileConstant' '(Ljava/lang/Object;)Z' in 'java/lang/invoke/MethodHandleImpl')}
  0x000000011466547c: 08ca 8ad2 | c803 a0f2 | 08fe c3f2 | e807 00f9 | 0800 8092 | e803 00f9 

  0x0000000114665494: ; ImmutableOopMap {c_rarg3=Oop c_rarg1=Oop c_rarg2=Oop c_rarg0=Oop c_rarg4=Oop c_rarg5=Oop [168]=Oop [176]=Oop [184]=Oop [192]=Oop [200]=Oop [208]=Oop }
                      ;*synchronization entry
                      ; - java.lang.invoke.MethodHandleImpl::isCompileConstant@-1 (line 624)
                      ; - java.lang.invoke.Invokers::checkCustomized@1 (line 622)
                      ; - java.lang.invoke.LambdaForm$MH/0x00001ff001004800::invokeExact_MT@15
                      ; - jdk.internal.reflect.DirectMethodHandleAccessor::invokeImpl@72 (line 156)
                      ; - jdk.internal.reflect.DirectMethodHandleAccessor::invoke@23 (line 104)
                      ;   {runtime_call C1 Runtime counter_overflow_blob}
  0x0000000114665494: 3ba3 b595 | c8fb ff17 

  0x000000011466549c: ; ImmutableOopMap {c_rarg3=Oop c_rarg1=Oop c_rarg2=Oop c_rarg0=Oop c_rarg4=Oop c_rarg5=Oop [168]=Oop [176]=Oop [184]=Oop [192]=Oop [200]=Oop [208]=Oop }
                      ;*getfield customized {reexecute=1 rethrow=0 return_oop=0}
                      ; - (reexecute) java.lang.invoke.Invokers::checkCustomized@12 (line 625)
                      ; - java.lang.invoke.LambdaForm$MH/0x00001ff001004800::invokeExact_MT@15
                      ; - jdk.internal.reflect.DirectMethodHandleAccessor::invokeImpl@72 (line 156)
                      ; - jdk.internal.reflect.DirectMethodHandleAccessor::invoke@23 (line 104)
                      ;   {runtime_call C1 Runtime throw_null_pointer_exception_blob}
  0x000000011466549c: 5996 b595 

  0x00000001146654a0: ;   {internal_word}
  0x00000001146654a0: 6893 ff10 | 8833 02f9 

  0x00000001146654a8: ;   {runtime_call SafepointBlob}
  0x00000001146654a8: 7651 b215 

  0x00000001146654ac: ; ImmutableOopMap {c_rarg3=Oop c_rarg1=Oop c_rarg2=Oop c_rarg0=Oop [168]=Oop [176]=Oop [184]=Oop }
                      ;*aaload {reexecute=0 rethrow=0 return_oop=0}
                      ; - jdk.internal.reflect.DirectMethodHandleAccessor::invokeImpl@54 (line 155)
                      ; - jdk.internal.reflect.DirectMethodHandleAccessor::invoke@23 (line 104)
                      ;   {runtime_call C1 Runtime throw_null_pointer_exception_blob}
  0x00000001146654ac: 5596 b595 | 0800 80d2 | e903 03aa 

  0x00000001146654b8: ;   {runtime_call C1 Runtime throw_range_check_failed_blob}
  0x00000001146654b8: 1e30 95d2 | 9e67 a3f2 | 3e00 c0f2 

  0x00000001146654c4: ; ImmutableOopMap {c_rarg3=Oop c_rarg1=Oop c_rarg2=Oop c_rarg0=Oop [168]=Oop [176]=Oop [184]=Oop }
                      ;*aaload {reexecute=0 rethrow=0 return_oop=0}
                      ; - jdk.internal.reflect.DirectMethodHandleAccessor::invokeImpl@54 (line 155)
                      ; - jdk.internal.reflect.DirectMethodHandleAccessor::invoke@23 (line 104)
  0x00000001146654c4: c003 3fd6 

  0x00000001146654c8: ; ImmutableOopMap {c_rarg3=Oop c_rarg1=Oop c_rarg2=Oop c_rarg0=Oop c_rarg4=Oop c_rarg5=Oop [168]=Oop [176]=Oop [184]=Oop }
                      ;*invokevirtual invokeExact {reexecute=0 rethrow=0 return_oop=0}
                      ; - jdk.internal.reflect.DirectMethodHandleAccessor::invokeImpl@55 (line 155)
                      ; - jdk.internal.reflect.DirectMethodHandleAccessor::invoke@23 (line 104)
                      ;   {runtime_call C1 Runtime throw_null_pointer_exception_blob}
  0x00000001146654c8: 4e96 b595 

  0x00000001146654cc: ;   {internal_word}
  0x00000001146654cc: 68a6 ff10 | 8833 02f9 

  0x00000001146654d4: ;   {runtime_call SafepointBlob}
  0x00000001146654d4: 6b51 b215 

  0x00000001146654d8: ;   {metadata({method} {0x00001ff0001fc6d8} 'invokeExact_MT' '(Ljava/lang/Object;Ljava/lang/Object;Ljava/lang/Object;)Ljava/lang/Object;' in 'java/lang/invoke/Invokers$Holder')}
  0x00000001146654d8: 08db 98d2 | e803 a0f2 | 08fe c3f2 | e807 00f9 | 0800 8092 | e803 00f9 

  0x00000001146654f0: ; ImmutableOopMap {c_rarg1=Oop c_rarg2=Oop c_rarg0=Oop [168]=Oop [176]=Oop [184]=Oop [216]=Oop }
                      ;*synchronization entry
                      ; - java.lang.invoke.Invokers$Holder::invokeExact_MT@-1
                      ; - jdk.internal.reflect.DirectMethodHandleAccessor::invokeImpl@41 (line 154)
                      ; - jdk.internal.reflect.DirectMethodHandleAccessor::invoke@23 (line 104)
                      ;   {runtime_call C1 Runtime counter_overflow_blob}
  0x00000001146654f0: 24a3 b595 | 69fd ff17 

  0x00000001146654f8: ;   {metadata({method} {0x00001ff000454120} 'checkExactType' '(Ljava/lang/invoke/MethodHandle;Ljava/lang/invoke/MethodType;)V' in 'java/lang/invoke/Invokers')}
  0x00000001146654f8: 0824 88d2 | a808 a0f2 | 08fe c3f2 | e807 00f9 | 0800 8092 | e803 00f9 

  0x0000000114665510: ; ImmutableOopMap {c_rarg1=Oop c_rarg2=Oop c_rarg0=Oop [168]=Oop [176]=Oop [184]=Oop [216]=Oop }
                      ;*synchronization entry
                      ; - java.lang.invoke.Invokers::checkExactType@-1 (line 529)
                      ; - java.lang.invoke.Invokers$Holder::invokeExact_MT@10
                      ; - jdk.internal.reflect.DirectMethodHandleAccessor::invokeImpl@41 (line 154)
                      ; - jdk.internal.reflect.DirectMethodHandleAccessor::invoke@23 (line 104)
                      ;   {runtime_call C1 Runtime counter_overflow_blob}
  0x0000000114665510: 1ca3 b595 | 79fd ff17 

  0x0000000114665518: ; ImmutableOopMap {c_rarg1=Oop c_rarg2=Oop c_rarg0=Oop [168]=Oop [176]=Oop [184]=Oop [216]=Oop }
                      ;*invokevirtual type {reexecute=0 rethrow=0 return_oop=0}
                      ; - java.lang.invoke.Invokers::checkExactType@1 (line 529)
                      ; - java.lang.invoke.Invokers$Holder::invokeExact_MT@10
                      ; - jdk.internal.reflect.DirectMethodHandleAccessor::invokeImpl@41 (line 154)
                      ; - jdk.internal.reflect.DirectMethodHandleAccessor::invoke@23 (line 104)
                      ;   {runtime_call C1 Runtime throw_null_pointer_exception_blob}
  0x0000000114665518: 3a96 b595 

  0x000000011466551c: ;   {metadata({method} {0x00001ff000454018} 'checkCustomized' '(Ljava/lang/invoke/MethodHandle;)V' in 'java/lang/invoke/Invokers')}
  0x000000011466551c: 0803 88d2 | a808 a0f2 | 08fe c3f2 | e807 00f9 | 0800 8092 | e803 00f9 

  0x0000000114665534: ; ImmutableOopMap {c_rarg1=Oop c_rarg2=Oop c_rarg0=Oop [168]=Oop [176]=Oop [184]=Oop [216]=Oop }
                      ;*synchronization entry
                      ; - java.lang.invoke.Invokers::checkCustomized@-1 (line 622)
                      ; - java.lang.invoke.Invokers$Holder::invokeExact_MT@14
                      ; - jdk.internal.reflect.DirectMethodHandleAccessor::invokeImpl@41 (line 154)
                      ; - jdk.internal.reflect.DirectMethodHandleAccessor::invoke@23 (line 104)
                      ;   {runtime_call C1 Runtime counter_overflow_blob}
  0x0000000114665534: 13a3 b595 | bafd ff17 

  0x000000011466553c: ;   {metadata({method} {0x00001ff0001e5650} 'isCompileConstant' '(Ljava/lang/Object;)Z' in 'java/lang/invoke/MethodHandleImpl')}
  0x000000011466553c: 08ca 8ad2 | c803 a0f2 | 08fe c3f2 | e807 00f9 | 0800 8092 | e803 00f9 

  0x0000000114665554: ; ImmutableOopMap {c_rarg1=Oop c_rarg2=Oop c_rarg0=Oop [168]=Oop [176]=Oop [184]=Oop [216]=Oop }
                      ;*synchronization entry
                      ; - java.lang.invoke.MethodHandleImpl::isCompileConstant@-1 (line 624)
                      ; - java.lang.invoke.Invokers::checkCustomized@1 (line 622)
                      ; - java.lang.invoke.Invokers$Holder::invokeExact_MT@14
                      ; - jdk.internal.reflect.DirectMethodHandleAccessor::invokeImpl@41 (line 154)
                      ; - jdk.internal.reflect.DirectMethodHandleAccessor::invoke@23 (line 104)
                      ;   {runtime_call C1 Runtime counter_overflow_blob}
  0x0000000114665554: 0ba3 b595 | c1fd ff17 

  0x000000011466555c: ; ImmutableOopMap {c_rarg1=Oop c_rarg2=Oop c_rarg0=Oop [168]=Oop [176]=Oop [184]=Oop [216]=Oop }
                      ;*getfield customized {reexecute=1 rethrow=0 return_oop=0}
                      ; - (reexecute) java.lang.invoke.Invokers::checkCustomized@12 (line 625)
                      ; - java.lang.invoke.Invokers$Holder::invokeExact_MT@14
                      ; - jdk.internal.reflect.DirectMethodHandleAccessor::invokeImpl@41 (line 154)
                      ; - jdk.internal.reflect.DirectMethodHandleAccessor::invoke@23 (line 104)
                      ;   {runtime_call C1 Runtime throw_null_pointer_exception_blob}
  0x000000011466555c: 2996 b595 

  0x0000000114665560: ;   {internal_word}
  0x0000000114665560: 08c7 ff10 | 8833 02f9 

  0x0000000114665568: ;   {runtime_call SafepointBlob}
  0x0000000114665568: 4651 b215 

  0x000000011466556c: ; ImmutableOopMap {c_rarg0=Oop [168]=Oop [176]=Oop [184]=Oop [216]=Oop [224]=Oop }
                      ;*athrow {reexecute=1 rethrow=0 return_oop=0}
                      ; - (reexecute) java.lang.invoke.Invokers::checkExactType@15 (line 531)
                      ; - java.lang.invoke.Invokers$Holder::invokeExact_MT@10
                      ; - jdk.internal.reflect.DirectMethodHandleAccessor::invokeImpl@41 (line 154)
                      ; - jdk.internal.reflect.DirectMethodHandleAccessor::invoke@23 (line 104)
                      ;   {runtime_call C1 Runtime throw_null_pointer_exception_blob}
  0x000000011466556c: 2596 b595 

  0x0000000114665570: ; ImmutableOopMap {c_rarg0=Oop [168]=Oop [176]=Oop [184]=Oop [192]=Oop [200]=Oop [208]=Oop [232]=Oop }
                      ;*athrow {reexecute=1 rethrow=0 return_oop=0}
                      ; - (reexecute) java.lang.invoke.Invokers::checkExactType@15 (line 531)
                      ; - java.lang.invoke.LambdaForm$MH/0x00001ff001004800::invokeExact_MT@11
                      ; - jdk.internal.reflect.DirectMethodHandleAccessor::invokeImpl@72 (line 156)
                      ; - jdk.internal.reflect.DirectMethodHandleAccessor::invoke@23 (line 104)
                      ;   {runtime_call C1 Runtime throw_null_pointer_exception_blob}
  0x0000000114665570: 2496 b595 

  0x0000000114665574: ;   {metadata({method} {0x00001ff000440ec0} 'isIllegalArgument' '(Ljava/lang/RuntimeException;)Z' in 'jdk/internal/reflect/DirectMethodHandleAccessor')}
  0x0000000114665574: 08d8 81d2 | 8808 a0f2 | 08fe c3f2 | e807 00f9 | 0800 8092 | e803 00f9 

  0x000000011466558c: ; ImmutableOopMap {c_rarg0=Oop [168]=Oop [176]=Oop [184]=Oop [240]=Oop }
                      ;*synchronization entry
                      ; - jdk.internal.reflect.DirectMethodHandleAccessor::isIllegalArgument@-1 (line 192)
                      ; - jdk.internal.reflect.DirectMethodHandleAccessor::invoke@58 (line 113)
                      ;   {runtime_call C1 Runtime counter_overflow_blob}
  0x000000011466558c: fda2 b595 | 6afe ff17 

  0x0000000114665594: ;   {metadata({method} {0x00001ff000440ec0} 'isIllegalArgument' '(Ljava/lang/RuntimeException;)Z' in 'jdk/internal/reflect/DirectMethodHandleAccessor')}
  0x0000000114665594: 08d8 81d2 | 8808 a0f2 | 08fe c3f2 | e807 00f9 | 0800 8092 | e803 00f9 

  0x00000001146655ac: ; ImmutableOopMap {c_rarg0=Oop [168]=Oop [176]=Oop [184]=Oop [248]=Oop }
                      ;*synchronization entry
                      ; - jdk.internal.reflect.DirectMethodHandleAccessor::isIllegalArgument@-1 (line 192)
                      ; - jdk.internal.reflect.DirectMethodHandleAccessor::invoke@30 (line 106)
                      ;   {runtime_call C1 Runtime counter_overflow_blob}
  0x00000001146655ac: f5a2 b595 | 8bfe ff17 

  0x00000001146655b4: ; ImmutableOopMap {[168]=Oop [176]=Oop [184]=Oop [248]=Oop }
                      ;*new {reexecute=0 rethrow=0 return_oop=0}
                      ; - jdk.internal.reflect.DirectMethodHandleAccessor::invoke@36 (line 108)
                      ;   {runtime_call C1 Runtime fast_new_instance_blob}
  0x00000001146655b4: 6397 b595 | acfe ff17 

  0x00000001146655bc: ; ImmutableOopMap {c_rarg5=Oop [168]=Oop [176]=Oop [184]=Oop [248]=Oop }
                      ;*new {reexecute=0 rethrow=0 return_oop=0}
                      ; - jdk.internal.reflect.DirectMethodHandleAccessor::invoke@46 (line 110)
                      ;   {runtime_call C1 Runtime throw_null_pointer_exception_blob}
  0x00000001146655bc: 1196 b595 

  0x00000001146655c0: ; ImmutableOopMap {c_rarg5=Oop [168]=Oop [176]=Oop [184]=Oop [248]=Oop }
                      ;*new {reexecute=0 rethrow=0 return_oop=0}
                      ; - jdk.internal.reflect.DirectMethodHandleAccessor::invoke@46 (line 110)
                      ;   {runtime_call C1 Runtime fast_new_instance_init_check_blob}
  0x00000001146655c0: d097 b595 | d2fe ff17 

  0x00000001146655c8: ; ImmutableOopMap {[168]=Oop [176]=Oop [184]=Oop [240]=Oop }
                      ;*new {reexecute=0 rethrow=0 return_oop=0}
                      ; - jdk.internal.reflect.DirectMethodHandleAccessor::invoke@64 (line 114)
                      ;   {runtime_call C1 Runtime fast_new_instance_blob}
  0x00000001146655c8: 5e97 b595 | f1fe ff17 

  0x00000001146655d0: ; ImmutableOopMap {c_rarg5=Oop [168]=Oop [176]=Oop [184]=Oop [240]=Oop }
                      ;*new {reexecute=0 rethrow=0 return_oop=0}
                      ; - jdk.internal.reflect.DirectMethodHandleAccessor::invoke@73 (line 116)
                      ;   {runtime_call C1 Runtime throw_null_pointer_exception_blob}
  0x00000001146655d0: 0c96 b595 

  0x00000001146655d4: ; ImmutableOopMap {c_rarg5=Oop [168]=Oop [176]=Oop [184]=Oop [240]=Oop }
                      ;*new {reexecute=0 rethrow=0 return_oop=0}
                      ; - jdk.internal.reflect.DirectMethodHandleAccessor::invoke@73 (line 116)
                      ;   {runtime_call C1 Runtime fast_new_instance_init_check_blob}
  0x00000001146655d4: cb97 b595 | 15ff ff17 

  0x00000001146655dc: ; ImmutableOopMap {c_rarg6=Oop [168]=Oop [176]=Oop [184]=Oop }
                      ;*new {reexecute=0 rethrow=0 return_oop=0}
                      ; - jdk.internal.reflect.DirectMethodHandleAccessor::invoke@83 (line 119)
                      ;   {runtime_call C1 Runtime throw_null_pointer_exception_blob}
  0x00000001146655dc: 0996 b595 

  0x00000001146655e0: ; ImmutableOopMap {c_rarg6=Oop [168]=Oop [176]=Oop [184]=Oop }
                      ;*new {reexecute=0 rethrow=0 return_oop=0}
                      ; - jdk.internal.reflect.DirectMethodHandleAccessor::invoke@83 (line 119)
                      ;   {runtime_call C1 Runtime fast_new_instance_init_check_blob}
  0x00000001146655e0: c897 b595 | 3bff ff17 | 8087 42f9 | 9f87 02f9 | 9f8b 02f9 | fd7b 54a9 | ff43 0591 

  0x00000001146655fc: ;   {runtime_call C1 Runtime unwind_exception_blob}
  0x00000001146655fc: 1194 b515 
[Stub Code]
  0x0000000114665600: ;   {no_reloc}
  0x0000000114665600: 4800 0058 | 0001 1fd6 | 0003 5f14 | 0100 0000 

  0x0000000114665610: ;   {trampoline_stub}
  0x0000000114665610: 4800 0058 | 0001 1fd6 | c05f 6614 | 0100 0000 

  0x0000000114665620: ;   {static_stub}
  0x0000000114665620: df3f 03d5 

  0x0000000114665624: ;   {metadata(nullptr)}
  0x0000000114665624: 0c00 80d2 | 0c00 a0f2 | 0c00 c0f2 | 0800 80d2 | 0800 a0f2 | 0800 c0f2 | 0001 1fd6 

  0x0000000114665640: ;   {trampoline_stub}
  0x0000000114665640: 4800 0058 | 0001 1fd6 | c034 2f1b | 0100 0000 

  0x0000000114665650: ;   {static_stub}
  0x0000000114665650: df3f 03d5 

  0x0000000114665654: ;   {metadata(nullptr)}
  0x0000000114665654: 0c00 80d2 | 0c00 a0f2 | 0c00 c0f2 | 0800 80d2 | 0800 a0f2 | 0800 c0f2 | 0001 1fd6 

  0x0000000114665670: ;   {trampoline_stub}
  0x0000000114665670: 4800 0058 | 0001 1fd6 | c034 2f1b | 0100 0000 

  0x0000000114665680: ;   {trampoline_stub}
  0x0000000114665680: 4800 0058 | 0001 1fd6 | c038 2f1b | 0100 0000 

  0x0000000114665690: ;   {trampoline_stub}
  0x0000000114665690: 4800 0058 | 0001 1fd6 | c034 2f1b | 0100 0000 

  0x00000001146656a0: ;   {static_stub}
  0x00000001146656a0: df3f 03d5 

  0x00000001146656a4: ;   {metadata(nullptr)}
  0x00000001146656a4: 0c00 80d2 | 0c00 a0f2 | 0c00 c0f2 | 0800 80d2 | 0800 a0f2 | 0800 c0f2 | 0001 1fd6 

  0x00000001146656c0: ;   {trampoline_stub}
  0x00000001146656c0: 4800 0058 | 0001 1fd6 | c034 2f1b | 0100 0000 

  0x00000001146656d0: ;   {trampoline_stub}
  0x00000001146656d0: 4800 0058 | 0001 1fd6 | c0d7 0514 | 0100 0000 

  0x00000001146656e0: ;   {trampoline_stub}
  0x00000001146656e0: 4800 0058 | 0001 1fd6 | 00a1 841b | 0100 0000 

  0x00000001146656f0: ;   {trampoline_stub}
  0x00000001146656f0: 4800 0058 | 0001 1fd6 | c038 2f1b | 0100 0000 

  0x0000000114665700: ;   {trampoline_stub}
  0x0000000114665700: 4800 0058 | 0001 1fd6 | c038 2f1b | 0100 0000 

  0x0000000114665710: ;   {static_stub}
  0x0000000114665710: df3f 03d5 

  0x0000000114665714: ;   {metadata(nullptr)}
  0x0000000114665714: 0c00 80d2 | 0c00 a0f2 | 0c00 c0f2 | 0800 80d2 | 0800 a0f2 | 0800 c0f2 | 0001 1fd6 

  0x0000000114665730: ;   {trampoline_stub}
  0x0000000114665730: 4800 0058 | 0001 1fd6 | c038 2f1b | 0100 0000 

  0x0000000114665740: ;   {static_stub}
  0x0000000114665740: df3f 03d5 

  0x0000000114665744: ;   {metadata(nullptr)}
  0x0000000114665744: 0c00 80d2 | 0c00 a0f2 | 0c00 c0f2 | 0800 80d2 | 0800 a0f2 | 0800 c0f2 | 0001 1fd6 

  0x0000000114665760: ;   {trampoline_stub}
  0x0000000114665760: 4800 0058 | 0001 1fd6 | c038 2f1b | 0100 0000 

  0x0000000114665770: ;   {trampoline_stub}
  0x0000000114665770: 4800 0058 | 0001 1fd6 | c034 2f1b | 0100 0000 

  0x0000000114665780: ;   {static_stub}
  0x0000000114665780: df3f 03d5 

  0x0000000114665784: ;   {metadata(nullptr)}
  0x0000000114665784: 0c00 80d2 | 0c00 a0f2 | 0c00 c0f2 | 0800 80d2 | 0800 a0f2 | 0800 c0f2 | 0001 1fd6 

  0x00000001146657a0: ;   {trampoline_stub}
  0x00000001146657a0: 4800 0058 | 0001 1fd6 | c034 2f1b | 0100 0000 

  0x00000001146657b0: ;   {trampoline_stub}
  0x00000001146657b0: 4800 0058 | 0001 1fd6 | c034 2f1b | 0100 0000 

  0x00000001146657c0: ;   {static_stub}
  0x00000001146657c0: df3f 03d5 

  0x00000001146657c4: ;   {metadata(nullptr)}
  0x00000001146657c4: 0c00 80d2 | 0c00 a0f2 | 0c00 c0f2 | 0800 80d2 | 0800 a0f2 | 0800 c0f2 | 0001 1fd6 

  0x00000001146657e0: ;   {trampoline_stub}
  0x00000001146657e0: 4800 0058 | 0001 1fd6 | c034 2f1b | 0100 0000 

  0x00000001146657f0: ;   {static_stub}
  0x00000001146657f0: df3f 03d5 

  0x00000001146657f4: ;   {metadata(nullptr)}
  0x00000001146657f4: 0c00 80d2 | 0c00 a0f2 | 0c00 c0f2 | 0800 80d2 | 0800 a0f2 | 0800 c0f2 | 0001 1fd6 

  0x0000000114665810: ;   {trampoline_stub}
  0x0000000114665810: 4800 0058 | 0001 1fd6 | c034 2f1b | 0100 0000 

  0x0000000114665820: ;   {static_stub}
  0x0000000114665820: df3f 03d5 

  0x0000000114665824: ;   {metadata(nullptr)}
  0x0000000114665824: 0c00 80d2 | 0c00 a0f2 | 0c00 c0f2 | 0800 80d2 | 0800 a0f2 | 0800 c0f2 | 0001 1fd6 

  0x0000000114665840: ;   {static_stub}
  0x0000000114665840: df3f 03d5 

  0x0000000114665844: ;   {metadata({method} {0x00001ff000440fc8} 'checkArgumentCount' '(I[Ljava/lang/Object;)V' in 'jdk/internal/reflect/DirectMethodHandleAccessor')}
  0x0000000114665844: 0cf9 81d2 | 8c08 a0f2 | 0cfe c3f2 | 88c2 84d2 | c865 a3f2 | 2800 c0f2 | 0001 1fd6 

  0x0000000114665860: ;   {static_stub}
  0x0000000114665860: df3f 03d5 

  0x0000000114665864: ;   {metadata(nullptr)}
  0x0000000114665864: 0c00 80d2 | 0c00 a0f2 | 0c00 c0f2 | 0800 80d2 | 0800 a0f2 | 0800 c0f2 | 0001 1fd6 

  0x0000000114665880: ;   {static_stub}
  0x0000000114665880: df3f 03d5 

  0x0000000114665884: ;   {metadata(nullptr)}
  0x0000000114665884: 0c00 80d2 | 0c00 a0f2 | 0c00 c0f2 | 0800 80d2 | 0800 a0f2 | 0800 c0f2 | 0001 1fd6 

  0x00000001146658a0: ;   {static_stub}
  0x00000001146658a0: df3f 03d5 

  0x00000001146658a4: ;   {metadata(nullptr)}
  0x00000001146658a4: 0c00 80d2 | 0c00 a0f2 | 0c00 c0f2 | 0800 80d2 | 0800 a0f2 | 0800 c0f2 | 0001 1fd6 

  0x00000001146658c0: ;   {static_stub}
  0x00000001146658c0: df3f 03d5 

  0x00000001146658c4: ;   {metadata(nullptr)}
  0x00000001146658c4: 0c00 80d2 | 0c00 a0f2 | 0c00 c0f2 | 0800 80d2 | 0800 a0f2 | 0800 c0f2 | 0001 1fd6 

  0x00000001146658e0: ;   {static_stub}
  0x00000001146658e0: df3f 03d5 

  0x00000001146658e4: ;   {metadata(nullptr)}
  0x00000001146658e4: 0c00 80d2 | 0c00 a0f2 | 0c00 c0f2 | 0800 80d2 | 0800 a0f2 | 0800 c0f2 | 0001 1fd6 

  0x0000000114665900: ;   {static_stub}
  0x0000000114665900: df3f 03d5 

  0x0000000114665904: ;   {metadata(nullptr)}
  0x0000000114665904: 0c00 80d2 | 0c00 a0f2 | 0c00 c0f2 | 0800 80d2 | 0800 a0f2 | 0800 c0f2 | 0001 1fd6 
[Exception Handler]
  0x0000000114665920: ;   {runtime_call C1 Runtime handle_exception_from_callee_blob}
  0x0000000114665920: 389b b595 | c1d5 bbd4 | fd59 d10a | 0100 0000 
[Deopt Handler Code]
  0x0000000114665930: 1e00 0010 

  0x0000000114665934: ;   {runtime_call DeoptimizationBlob}
  0x0000000114665934: d350 b215 
[Deopt MH Handler Code]
  0x0000000114665938: 1e00 0010 

  0x000000011466593c: ;   {runtime_call DeoptimizationBlob}
  0x000000011466593c: d150 b215 
[/MachCode]


---------------  P R O C E S S  ---------------

Threads class SMR info:
_java_thread_list=0x0000000a0f590d00, length=21, elements={
0x0000000104fbafe0, 0x0000000a16840000, 0x0000000a16840800, 0x0000000a16841000,
0x0000000a16841800, 0x0000000a16842000, 0x0000000a16842800, 0x0000000a16843000,
0x0000000a16843800, 0x0000000a16e24000, 0x0000000a16e24800, 0x0000000a16e25000,
0x0000000a169a1800, 0x0000000a169a3000, 0x0000000a0f0ab000, 0x0000000a0f0aa000,
0x0000000a0f0ab800, 0x0000000a16e26800, 0x0000000a0f522000, 0x0000000a0f086000,
0x0000000a0f5ac000
}

Java Threads: ( => current thread )
=>0x0000000104fbafe0 JavaThread "main"                              [_thread_in_Java, id=6403, stack(0x000000016b7c8000,0x000000016b9cb000) (2060K)]
  0x0000000a16840000 JavaThread "Reference Handler"          daemon [_thread_blocked, id=30211, stack(0x000000016c940000,0x000000016cb43000) (2060K)]
  0x0000000a16840800 JavaThread "Finalizer"                  daemon [_thread_blocked, id=25859, stack(0x000000016cb4c000,0x000000016cd4f000) (2060K)]
  0x0000000a16841000 JavaThread "Signal Dispatcher"          daemon [_thread_blocked, id=29699, stack(0x000000016cd58000,0x000000016cf5b000) (2060K)]
  0x0000000a16841800 JavaThread "Service Thread"             daemon [_thread_blocked, id=29443, stack(0x000000016cf64000,0x000000016d167000) (2060K)]
  0x0000000a16842000 JavaThread "Monitor Deflation Thread"   daemon [_thread_blocked, id=29187, stack(0x000000016d170000,0x000000016d373000) (2060K)]
  0x0000000a16842800 JavaThread "C2 CompilerThread0"         daemon [_thread_blocked, id=26627, stack(0x000000016d37c000,0x000000016d57f000) (2060K)]
  0x0000000a16843000 JavaThread "C1 CompilerThread0"         daemon [_thread_blocked, id=27139, stack(0x000000016d588000,0x000000016d78b000) (2060K)]
  0x0000000a16843800 JavaThread "JDWP Transport Listener: dt_socket" daemon [_thread_blocked, id=28419, stack(0x000000016d794000,0x000000016d997000) (2060K)]
  0x0000000a16e24000 JavaThread "JDWP Event Helper Thread"   daemon [_thread_blocked, id=27651, stack(0x000000016d9a0000,0x000000016dba3000) (2060K)]
  0x0000000a16e24800 JavaThread "JDWP Command Reader"        daemon [_thread_in_native, id=28163, stack(0x000000016dbac000,0x000000016ddaf000) (2060K)]
  0x0000000a16e25000 JavaThread "Common-Cleaner"             daemon [_thread_blocked, id=33027, stack(0x000000016ddb8000,0x000000016dfbb000) (2060K)]
  0x0000000a169a1800 JavaThread "Notification Thread"        daemon [_thread_blocked, id=33795, stack(0x000000016e1d0000,0x000000016e3d3000) (2060K)]
  0x0000000a169a3000 JavaThread "ReaderThread"                      [_thread_in_native, id=34051, stack(0x000000016e3dc000,0x000000016e5df000) (2060K)]
  0x0000000a0f0ab000 JavaThread "VirtualThread-unblocker"    daemon [_thread_blocked, id=34331, stack(0x000000016dfc4000,0x000000016e1c7000) (2060K)]
  0x0000000a0f0aa000 JavaThread "Read-Poller"                daemon [_thread_in_native, id=39427, stack(0x000000016fe78000,0x000000017007b000) (2060K)]
  0x0000000a0f0ab800 JavaThread "Write-Poller"               daemon [_thread_in_native, id=37379, stack(0x0000000170084000,0x0000000170287000) (2060K)]
  0x0000000a16e26800 JavaThread "VirtualThread-unparker"     daemon [_thread_blocked, id=37891, stack(0x0000000170290000,0x0000000170493000) (2060K)]
  0x0000000a0f522000 JavaThread "tend"                       daemon [_thread_blocked, id=36643, stack(0x000000016fa60000,0x000000016fc63000) (2060K)]
  0x0000000a0f086000 JavaThread "indexMonitorThread"         daemon [_thread_blocked, id=38195, stack(0x000000016fc6c000,0x000000016fe6f000) (2060K)]
  0x0000000a0f5ac000 JavaThread "ForkJoinPool-1-worker-2"    daemon [_thread_blocked, id=34611, stack(0x000000016e5e8000,0x000000016e7eb000) (2060K)]
Total: 21

Other Threads:
  0x0000000a17065800 VMThread "VM Thread"                           [id=19715, stack(0x000000016c61c000,0x000000016c81f000) (2060K)]
  0x0000000a17066000 WatcherThread "VM Periodic Task Thread"        [id=17415, stack(0x000000016c410000,0x000000016c613000) (2060K)]
  0x0000000104fc8220 WorkerThread "GC Thread#0"                     [id=12291, stack(0x000000016b9d4000,0x000000016bbd7000) (2060K)]
  0x0000000a17297000 WorkerThread "GC Thread#1"                     [id=42499, stack(0x000000016e7f4000,0x000000016e9f7000) (2060K)]
  0x0000000a17297400 WorkerThread "GC Thread#2"                     [id=34819, stack(0x000000016ea00000,0x000000016ec03000) (2060K)]
  0x0000000a17297800 WorkerThread "GC Thread#3"                     [id=41987, stack(0x000000016ec0c000,0x000000016ee0f000) (2060K)]
  0x0000000a17297c00 WorkerThread "GC Thread#4"                     [id=35331, stack(0x000000016ee18000,0x000000016f01b000) (2060K)]
  0x0000000a174c2000 WorkerThread "GC Thread#5"                     [id=41475, stack(0x000000016f024000,0x000000016f227000) (2060K)]
  0x0000000a172e0000 WorkerThread "GC Thread#6"                     [id=40963, stack(0x000000016f230000,0x000000016f433000) (2060K)]
  0x0000000a172e0400 WorkerThread "GC Thread#7"                     [id=40707, stack(0x000000016f43c000,0x000000016f63f000) (2060K)]
  0x0000000a172e0800 WorkerThread "GC Thread#8"                     [id=36099, stack(0x000000016f648000,0x000000016f84b000) (2060K)]
  0x0000000104fc9010 ConcurrentGCThread "G1 Main Marker"            [id=12547, stack(0x000000016bbe0000,0x000000016bde3000) (2060K)]
  0x0000000104fc9a20 WorkerThread "G1 Conc#0"                       [id=12803, stack(0x000000016bdec000,0x000000016bfef000) (2060K)]
  0x0000000a175b4800 WorkerThread "G1 Conc#1"                       [id=36355, stack(0x000000016f854000,0x000000016fa57000) (2060K)]
  0x0000000104fcc5e0 ConcurrentGCThread "G1 Refine#0"               [id=16643, stack(0x000000016bff8000,0x000000016c1fb000) (2060K)]
  0x0000000a17064800 ConcurrentGCThread "G1 Service"                [id=21251, stack(0x000000016c204000,0x000000016c407000) (2060K)]
Total: 16

Threads with active compile tasks:
Total: 0

VM state: not at safepoint (normal execution)

VM Mutex/Monitor currently owned by a thread: None

Heap address: 0x0000007000800000, size: 16384 MB, Compressed Oops mode: Non-zero disjoint base: 0x0000007000000000, Oop shift amount: 3

CDS archive(s) mapped at: [0x00001ff000000000-0x00001ff000d18000-0x00001ff000d18000), size 13729792, SharedBaseAddress: 0x00001ff000000000, ArchiveRelocationMode: 1.
Compressed class space mapped at: 0x00001ff001000000-0x00001ff041000000, reserved size: 1073741824
UseCompressedClassPointers 1, UseCompactObjectHeaders 0
Narrow klass pointer bits 32, Max shift 3
Narrow klass base: 0x00001ff000000000, Narrow klass shift: 0
Encoding Range: [0x00001ff000000000 - 0x00001ff100000000), (4294967296 bytes)
Klass Range:    [0x00001ff000000000 - 0x00001ff041000000), (1090519040 bytes)
Klass ID Range:  [8 - 1090519033) (1090519025)

GC Precious Log:
 CardTable entry size: 512
 Card Set container configuration: InlinePtr #cards 4 size 8 Array Of Cards #cards 64 size 144 Howl #buckets 8 coarsen threshold 14745 Howl Bitmap #cards 2048 size 272 coarsen threshold 1843 Card regions per heap region 1 cards per card region 16384
 CPUs: 10 total, 10 available
 Memory: 65536M
 Large Page Support: Disabled
 NUMA Support: Disabled
 Compressed Oops: Enabled (Non-zero disjoint base)
 Heap Region Size: 8M
 Heap Min Capacity: 8M
 Heap Initial Capacity: 1G
 Heap Max Capacity: 16G
 Pre-touch: Disabled
 Parallel Workers: 9
 Concurrent Workers: 2
 Concurrent Refinement Workers: 9
 Periodic GC: Disabled

Heap:
 garbage-first heap   total reserved 16777216K, committed 147456K, used 33751K [0x0000007000800000, 0x0000007400800000)
  region size 8192K, 3 young (24576K), 2 survivors (16384K)
 Metaspace       used 23474K, committed 23872K, reserved 1114112K
  class space    used 2551K, committed 2752K, reserved 1048576K

Heap Regions: E=young(eden), S=young(survivor), O=old, HS=humongous(starts), HC=humongous(continues), CS=collection set, F=free, TAMS=top-at-mark-start, PB=parsable bottom
|   0|0x0000007000800000, 0x0000007001000000, 0x0000007001000000|100%| O|  |TAMS 0x0000007000800000| PB 0x0000007000800000| Untracked |  0
|   1|0x0000007001000000, 0x0000007001800000, 0x0000007001800000|100%| O|  |TAMS 0x0000007001000000| PB 0x0000007001000000| Untracked |  0
|   2|0x0000007001800000, 0x0000007002000000, 0x0000007002000000|100%| O|  |TAMS 0x0000007001800000| PB 0x0000007001800000| Untracked |  0
|   3|0x0000007002000000, 0x0000007002000000, 0x0000007002800000|  0%| F|  |TAMS 0x0000007002000000| PB 0x0000007002000000| Untracked |  0
|   4|0x0000007002800000, 0x0000007002800000, 0x0000007003000000|  0%| F|  |TAMS 0x0000007002800000| PB 0x0000007002800000| Untracked |  0
|   5|0x0000007003000000, 0x00000070030f5e68, 0x0000007003800000| 12%| S|CS|TAMS 0x0000007003000000| PB 0x0000007003000000| Complete |  0
|   6|0x0000007003800000, 0x0000007004000000, 0x0000007004000000|100%| S|CS|TAMS 0x0000007003800000| PB 0x0000007003800000| Complete |  0
|   7|0x0000007004000000, 0x0000007004000000, 0x0000007004800000|  0%| F|  |TAMS 0x0000007004000000| PB 0x0000007004000000| Untracked |  0
|   8|0x0000007004800000, 0x0000007004800000, 0x0000007005000000|  0%| F|  |TAMS 0x0000007004800000| PB 0x0000007004800000| Untracked |  0
|   9|0x0000007005000000, 0x0000007005000000, 0x0000007005800000|  0%| F|  |TAMS 0x0000007005000000| PB 0x0000007005000000| Untracked |  0
|  10|0x0000007005800000, 0x0000007005800000, 0x0000007006000000|  0%| F|  |TAMS 0x0000007005800000| PB 0x0000007005800000| Untracked |  0
|  11|0x0000007006000000, 0x0000007006000000, 0x0000007006800000|  0%| F|  |TAMS 0x0000007006000000| PB 0x0000007006000000| Untracked |  0
|  12|0x0000007006800000, 0x0000007006800000, 0x0000007007000000|  0%| F|  |TAMS 0x0000007006800000| PB 0x0000007006800000| Untracked |  0
| 123|0x000000703e000000, 0x000000703e000000, 0x000000703e800000|  0%| F|  |TAMS 0x000000703e000000| PB 0x000000703e000000| Untracked |  0
| 124|0x000000703e800000, 0x000000703e800000, 0x000000703f000000|  0%| F|  |TAMS 0x000000703e800000| PB 0x000000703e800000| Untracked |  0
| 125|0x000000703f000000, 0x000000703f000000, 0x000000703f800000|  0%| F|  |TAMS 0x000000703f000000| PB 0x000000703f000000| Untracked |  0
| 127|0x0000007040000000, 0x0000007040000000, 0x0000007040800000|  0%| F|  |TAMS 0x0000007040000000| PB 0x0000007040000000| Untracked |  0
|2047|0x0000007400000000, 0x00000074002433b8, 0x0000007400800000| 28%| E|  |TAMS 0x0000007400000000| PB 0x0000007400000000| Complete |  0

Card table byte_map: [0x0000000124d84000,0x0000000126d84000] _byte_map_base: 0x00000000ecd80000

Marking Bits: (CMBitMap*) 0x0000000104fc8830
 Bits: [0x0000000126d84000, 0x0000000136d84000)

Polling page: 0x00000001046ec000

Metaspace:

Usage:
  Non-class:     20.43 MB used.
      Class:      2.49 MB used.
       Both:     22.92 MB used.

Virtual space:
  Non-class space:       64.00 MB reserved,      20.62 MB ( 32%) committed,  1 nodes.
      Class space:        1.00 GB reserved,       2.69 MB ( <1%) committed,  1 nodes.
             Both:        1.06 GB reserved,      23.31 MB (  2%) committed. 

Chunk freelists:
   Non-Class:  10.59 MB
       Class:  13.35 MB
        Both:  23.94 MB

MaxMetaspaceSize: unlimited
CompressedClassSpaceSize: 1.00 GB
Initial GC threshold: 21.00 MB
Current GC threshold: 35.12 MB
CDS: on
 - commit_granule_bytes: 65536.
 - commit_granule_words: 8192.
 - virtual_space_node_default_size: 8388608.
 - enlarge_chunks_in_place: 1.
UseCompressedClassPointers 1, UseCompactObjectHeaders 0
Narrow klass pointer bits 32, Max shift 3
Narrow klass base: 0x00001ff000000000, Narrow klass shift: 0
Encoding Range: [0x00001ff000000000 - 0x00001ff100000000), (4294967296 bytes)
Klass Range:    [0x00001ff000000000 - 0x00001ff041000000), (1090519040 bytes)
Klass ID Range:  [8 - 1090519033) (1090519025)


Internal statistics:

num_allocs_failed_limit: 3.
num_arena_births: 400.
num_arena_deaths: 0.
num_vsnodes_births: 2.
num_vsnodes_deaths: 0.
num_space_committed: 373.
num_space_uncommitted: 0.
num_chunks_returned_to_freelist: 3.
num_chunks_taken_from_freelist: 1149.
num_chunk_merges: 3.
num_chunk_splits: 785.
num_chunks_enlarged: 578.
num_inconsistent_stats: 0.

CodeHeap 'non-profiled nmethods': size=120048Kb used=2908Kb max_used=2908Kb free=117139Kb
 bounds [0x000000011b848000, 0x000000011bb28000, 0x0000000122d84000]
CodeHeap 'profiled nmethods': size=120016Kb used=12351Kb max_used=12351Kb free=107664Kb
 bounds [0x0000000113d84000, 0x0000000114994000, 0x000000011b2b8000]
CodeHeap 'non-nmethods': size=5696Kb used=1395Kb max_used=1561Kb free=4300Kb
 bounds [0x000000011b2b8000, 0x000000011b528000, 0x000000011b848000]
CodeCache: size=245760Kb, used=16654Kb, max_used=16820Kb, free=229103Kb
 total_blobs=7271, nmethods=6686, adapters=494, full_count=0
Compilation: enabled, stopped_count=0, restarted_count=0

Compilation events (20 events):
Event: 1911.448 Thread 0x0000000a16843000 6717       3       java.util.stream.ReduceOps::makeInt (29 bytes)
Event: 1911.448 Thread 0x0000000a16843000 nmethod 6717 0x000000011498eb88 code [0x000000011498ed80, 0x000000011498f4c8]
Event: 1911.448 Thread 0x0000000a16843000 6718       3       java.util.stream.ReduceOps$8::<init> (22 bytes)
Event: 1911.448 Thread 0x0000000a16843000 nmethod 6718 0x000000011498f548 code [0x000000011498f680, 0x000000011498f9b8]
Event: 1911.450 Thread 0x0000000a16843000 6719       3       com.aerospike.client.sdk.info.InfoParser::parseInfoSingleItem (56 bytes)
Event: 1911.452 Thread 0x0000000a16843000 nmethod 6719 0x000000011498fa08 code [0x000000011498fd00, 0x0000000114990d10]
Event: 1911.452 Thread 0x0000000a16843000 6720   !   3       com.aerospike.client.sdk.info.InfoParser::mergeNodeValuesSingleItem (57 bytes)
Event: 1911.454 Thread 0x0000000a16843000 nmethod 6720 0x0000000114990ec8 code [0x00000001149912c0, 0x0000000114992e00]
Event: 1911.454 Thread 0x0000000a16843000 6721       3       java.util.stream.ReduceOps$6::makeSink (5 bytes)
Event: 1911.454 Thread 0x0000000a16843000 nmethod 6721 0x0000000114993008 code [0x0000000114993140, 0x0000000114993440]
Event: 1911.454 Thread 0x0000000a16843000 6722       3       java.util.stream.ReduceOps$6::makeSink (16 bytes)
Event: 1911.454 Thread 0x0000000a16843000 nmethod 6722 0x00000001149934c8 code [0x0000000114993600, 0x0000000114993888]
Event: 1911.454 Thread 0x0000000a16843000 6723       3       java.util.stream.ReduceOps$5ReducingSink::<init> (15 bytes)
Event: 1911.454 Thread 0x0000000a16843000 nmethod 6723 0x00000001149938c8 code [0x0000000114993a00, 0x0000000114993bd8]
Event: 1911.454 Thread 0x0000000a16843000 6724       3       java.util.stream.ReduceOps$5ReducingSink::begin (9 bytes)
Event: 1911.454 Thread 0x0000000a16843000 nmethod 6724 0x0000000114993c08 code [0x0000000114993d00, 0x0000000114993e20]
Event: 1961.816 Thread 0x0000000a16842800 6725       4       java.lang.StringUTF16::compress (66 bytes)
Event: 1961.820 Thread 0x0000000a16842800 nmethod 6725 0x000000011bb1e9c8 code [0x000000011bb1eb00, 0x000000011bb1edf0]
Event: 1966.825 Thread 0x0000000a16842800 6726       4       java.lang.StringUTF16::newString (62 bytes)
Event: 1966.828 Thread 0x0000000a16842800 nmethod 6726 0x000000011bb1ee48 code [0x000000011bb1ef80, 0x000000011bb1f320]

GC Heap History (10 events):
Event: 0.519 GC heap before
{Heap before GC invocations=0 (full 0):
 garbage-first heap   total reserved 16777216K, committed 1056768K, used 42078K [0x0000007000800000, 0x0000007400800000)
  region size 8192K, 6 young (49152K), 0 survivors (0K)
 Metaspace       used 9566K, committed 9728K, reserved 1114112K
  class space    used 1084K, committed 1152K, reserved 1048576K
}
Event: 0.522 GC heap after
{Heap after GC invocations=1 (full 0):
 garbage-first heap   total reserved 16777216K, committed 1056768K, used 7386K [0x0000007000800000, 0x0000007400800000)
  region size 8192K, 1 young (8192K), 1 survivors (8192K)
 Metaspace       used 9566K, committed 9728K, reserved 1114112K
  class space    used 1084K, committed 1152K, reserved 1048576K
}
Event: 1.580 GC heap before
{Heap before GC invocations=1 (full 0):
 garbage-first heap   total reserved 16777216K, committed 1056768K, used 441562K [0x0000007000800000, 0x0000007400800000)
  region size 8192K, 54 young (442368K), 1 survivors (8192K)
 Metaspace       used 21180K, committed 21440K, reserved 1114112K
  class space    used 2241K, committed 2368K, reserved 1048576K
}
Event: 1.588 GC heap after
{Heap after GC invocations=2 (full 0):
 garbage-first heap   total reserved 16777216K, committed 1056768K, used 25531K [0x0000007000800000, 0x0000007400800000)
  region size 8192K, 3 young (24576K), 3 survivors (24576K)
 Metaspace       used 21180K, committed 21440K, reserved 1114112K
  class space    used 2241K, committed 2368K, reserved 1048576K
}
Event: 1.618 GC heap before
{Heap before GC invocations=2 (full 0):
 garbage-first heap   total reserved 16777216K, committed 1056768K, used 33723K [0x0000007000800000, 0x0000007400800000)
  region size 8192K, 5 young (40960K), 3 survivors (24576K)
 Metaspace       used 21307K, committed 21504K, reserved 1114112K
  class space    used 2252K, committed 2368K, reserved 1048576K
}
Event: 1.625 GC heap after
{Heap after GC invocations=3 (full 0):
 garbage-first heap   total reserved 16777216K, committed 1056768K, used 25694K [0x0000007000800000, 0x0000007400800000)
  region size 8192K, 3 young (24576K), 3 survivors (24576K)
 Metaspace       used 21307K, committed 21504K, reserved 1114112K
  class space    used 2252K, committed 2368K, reserved 1048576K
}
Event: 2.818 GC heap before
{Heap before GC invocations=4 (full 0):
 garbage-first heap   total reserved 16777216K, committed 114688K, used 107614K [0x0000007000800000, 0x0000007400800000)
  region size 8192K, 13 young (106496K), 3 survivors (24576K)
 Metaspace       used 22530K, committed 22848K, reserved 1114112K
  class space    used 2451K, committed 2560K, reserved 1048576K
}
Event: 2.828 GC heap after
{Heap after GC invocations=5 (full 0):
 garbage-first heap   total reserved 16777216K, committed 147456K, used 33165K [0x0000007000800000, 0x0000007400800000)
  region size 8192K, 4 young (32768K), 4 survivors (32768K)
 Metaspace       used 22530K, committed 22848K, reserved 1114112K
  class space    used 2451K, committed 2560K, reserved 1048576K
}
Event: 1971.834 GC heap before
{Heap before GC invocations=5 (full 0):
 garbage-first heap   total reserved 16777216K, committed 147456K, used 82317K [0x0000007000800000, 0x0000007400800000)
  region size 8192K, 10 young (81920K), 4 survivors (32768K)
 Metaspace       used 23472K, committed 23872K, reserved 1114112K
  class space    used 2550K, committed 2752K, reserved 1048576K
}
Event: 1971.847 GC heap after
{Heap after GC invocations=6 (full 0):
 garbage-first heap   total reserved 16777216K, committed 147456K, used 33751K [0x0000007000800000, 0x0000007400800000)
  region size 8192K, 2 young (16384K), 2 survivors (16384K)
 Metaspace       used 23472K, committed 23872K, reserved 1114112K
  class space    used 2550K, committed 2752K, reserved 1048576K
}

Dll operation events (8 events):
Event: 0.006 Loaded shared library /opt/homebrew/Cellar/openjdk/24.0.1/libexec/openjdk.jdk/Contents/Home/lib/libjava.dylib
Event: 0.093 Loaded shared library /opt/homebrew/Cellar/openjdk/24.0.1/libexec/openjdk.jdk/Contents/Home/lib/libzip.dylib
Event: 0.094 Loaded shared library /opt/homebrew/Cellar/openjdk/24.0.1/libexec/openjdk.jdk/Contents/Home/lib/libinstrument.dylib
Event: 0.097 Loaded shared library /opt/homebrew/Cellar/openjdk/24.0.1/libexec/openjdk.jdk/Contents/Home/lib/libnio.dylib
Event: 0.099 Loaded shared library /opt/homebrew/Cellar/openjdk/24.0.1/libexec/openjdk.jdk/Contents/Home/lib/libzip.dylib
Event: 0.127 Loaded shared library /opt/homebrew/Cellar/openjdk/24.0.1/libexec/openjdk.jdk/Contents/Home/lib/libnet.dylib
Event: 0.178 Loaded shared library /opt/homebrew/Cellar/openjdk/24.0.1/libexec/openjdk.jdk/Contents/Home/lib/libjimage.dylib
Event: 0.229 Loaded shared library /opt/homebrew/Cellar/openjdk/24.0.1/libexec/openjdk.jdk/Contents/Home/lib/libextnet.dylib

Deoptimization events (20 events):
Event: 1976.850 Thread 0x0000000a0f086000 Uncommon trap: trap_request=0xffffff97 fr.pc=0x000000011bad320c relative=0x00000000000007cc
Event: 1976.850 Thread 0x0000000a0f086000 Uncommon trap: reason=unhandled action=none pc=0x000000011bad320c method=java.lang.Enum.valueOf(Ljava/lang/Class;Ljava/lang/String;)Ljava/lang/Enum; @ 72 c2
Event: 1976.850 Thread 0x0000000a0f086000 DEOPT PACKING pc=0x000000011bad320c sp=0x000000016fe6e110
Event: 1976.850 Thread 0x0000000a0f086000 DEOPT UNPACKING pc=0x000000011b3d025c sp=0x000000016fe6e0d0 mode 2
Event: 1976.850 Thread 0x0000000a0f086000 DEOPT PACKING pc=0x00000001148da2fc sp=0x000000016fe6e190
Event: 1976.850 Thread 0x0000000a0f086000 DEOPT UNPACKING pc=0x000000011b2f9ebc sp=0x000000016fe6ded0 mode 1
Event: 1981.853 Thread 0x0000000a0f086000 Uncommon trap: trap_request=0xffffff97 fr.pc=0x000000011bad320c relative=0x00000000000007cc
Event: 1981.853 Thread 0x0000000a0f086000 Uncommon trap: reason=unhandled action=none pc=0x000000011bad320c method=java.lang.Enum.valueOf(Ljava/lang/Class;Ljava/lang/String;)Ljava/lang/Enum; @ 72 c2
Event: 1981.853 Thread 0x0000000a0f086000 DEOPT PACKING pc=0x000000011bad320c sp=0x000000016fe6e110
Event: 1981.853 Thread 0x0000000a0f086000 DEOPT UNPACKING pc=0x000000011b3d025c sp=0x000000016fe6e0d0 mode 2
Event: 1981.853 Thread 0x0000000a0f086000 DEOPT PACKING pc=0x00000001148da2fc sp=0x000000016fe6e190
Event: 1981.853 Thread 0x0000000a0f086000 DEOPT UNPACKING pc=0x000000011b2f9ebc sp=0x000000016fe6ded0 mode 1
Event: 1986.861 Thread 0x0000000a0f086000 Uncommon trap: trap_request=0xffffff97 fr.pc=0x000000011bad320c relative=0x00000000000007cc
Event: 1986.861 Thread 0x0000000a0f086000 Uncommon trap: reason=unhandled action=none pc=0x000000011bad320c method=java.lang.Enum.valueOf(Ljava/lang/Class;Ljava/lang/String;)Ljava/lang/Enum; @ 72 c2
Event: 1986.861 Thread 0x0000000a0f086000 DEOPT PACKING pc=0x000000011bad320c sp=0x000000016fe6e110
Event: 1986.861 Thread 0x0000000a0f086000 DEOPT UNPACKING pc=0x000000011b3d025c sp=0x000000016fe6e0d0 mode 2
Event: 1986.861 Thread 0x0000000a0f086000 DEOPT PACKING pc=0x00000001148da2fc sp=0x000000016fe6e190
Event: 1986.861 Thread 0x0000000a0f086000 DEOPT UNPACKING pc=0x000000011b2f9ebc sp=0x000000016fe6ded0 mode 1
Event: 1991.112 Thread 0x0000000104fbafe0 DEOPT PACKING pc=0x0000000114888a84 sp=0x000000016b9c7960
Event: 1991.112 Thread 0x0000000104fbafe0 DEOPT UNPACKING pc=0x000000011b2f9ebc sp=0x000000016b9c7620 mode 0

Classes loaded (20 events):
Event: 3.914 Loading class sun/nio/ch/DefaultPollerProvider
Event: 3.914 Loading class sun/nio/ch/DefaultPollerProvider done
Event: 3.914 Loading class sun/nio/ch/Poller$Mode
Event: 3.914 Loading class sun/nio/ch/Poller$Mode done
Event: 3.914 Loading class sun/nio/ch/KQueuePoller
Event: 3.914 Loading class sun/nio/ch/KQueuePoller done
Event: 3.915 Loading class sun/nio/ch/KQueue
Event: 3.915 Loading class sun/nio/ch/KQueue done
Event: 3.918 Loading class java/util/concurrent/ScheduledThreadPoolExecutor$ScheduledFutureTask
Event: 3.918 Loading class java/util/concurrent/FutureTask
Event: 3.918 Loading class java/util/concurrent/FutureTask done
Event: 3.918 Loading class java/util/concurrent/ScheduledThreadPoolExecutor$ScheduledFutureTask done
Event: 3.918 Loading class java/util/concurrent/FutureTask$WaitNode
Event: 3.918 Loading class java/util/concurrent/FutureTask$WaitNode done
Event: 3.918 Loading class java/util/concurrent/Executors$RunnableAdapter
Event: 3.918 Loading class java/util/concurrent/Executors$RunnableAdapter done
Event: 3.918 Loading class java/util/concurrent/ThreadPoolExecutor$Worker
Event: 3.918 Loading class java/util/concurrent/ThreadPoolExecutor$Worker done
Event: 3.930 Loading class jdk/internal/event/VirtualThreadEndEvent
Event: 3.930 Loading class jdk/internal/event/VirtualThreadEndEvent done

Classes unloaded (0 events):
No events

Classes redefined (0 events):
No events

Internal exceptions (20 events):
Event: 1.819 Thread 0x0000000a0f085800 Exception <a 'java/lang/NoSuchMethodError'{0x00000070009cf0a0}: 'long java.lang.invoke.Invokers$Holder.invokeExact_MT(java.lang.Object, java.lang.Object, java.lang.Object)'> (0x00000070009cf0a0) 
thrown [src/hotspot/share/interpreter/linkResolver.cpp, line 805]
Event: 1.819 Thread 0x0000000a0f085800 Exception <a 'java/lang/NoSuchMethodError'{0x00000070009d74f0}: 'long java.lang.invoke.DirectMethodHandle$Holder.invokeStatic(java.lang.Object, java.lang.Object)'> (0x00000070009d74f0) 
thrown [src/hotspot/share/interpreter/linkResolver.cpp, line 805]
Event: 1.821 Thread 0x0000000a0f085800 Exception <a 'java/lang/NoSuchMethodError'{0x00000070009e6e40}: 'long java.lang.invoke.DirectMethodHandle$Holder.invokeStatic(java.lang.Object, long, long)'> (0x00000070009e6e40) 
thrown [src/hotspot/share/interpreter/linkResolver.cpp, line 805]
Event: 3.905 Thread 0x0000000104fbafe0 Exception <a 'java/lang/NoSuchMethodError'{0x000000703f49c530}: 'long java.lang.invoke.DirectMethodHandle$Holder.invokeStatic(java.lang.Object, int)'> (0x000000703f49c530) 
thrown [src/hotspot/share/interpreter/linkResolver.cpp, line 805]
Event: 3.905 Thread 0x0000000104fbafe0 Exception <a 'java/lang/NoSuchMethodError'{0x000000703f4acce8}: 'long java.lang.invoke.DelegatingMethodHandle$Holder.reinvoke_L(java.lang.Object, java.lang.Object, java.lang.Object, long)'> (0x000000703f4acce8) 
thrown [src/hotspot/share/interpreter/linkResolver.cpp, line 805]
Event: 3.906 Thread 0x0000000104fbafe0 Exception <a 'java/lang/NoSuchMethodError'{0x000000703f4b5b70}: 'long java.lang.invoke.DirectMethodHandle$Holder.invokeSpecial(java.lang.Object, java.lang.Object, int)'> (0x000000703f4b5b70) 
thrown [src/hotspot/share/interpreter/linkResolver.cpp, line 805]
Event: 3.931 Thread 0x0000000104fbafe0 Exception <a 'java/lang/IncompatibleClassChangeError'{0x000000703f502088}: Found class java.lang.Object, but interface was expected> (0x000000703f502088) 
thrown [src/hotspot/share/interpreter/linkResolver.cpp, line 872]
Event: 3.933 Thread 0x0000000a0f084800 Exception <a 'java/lang/InterruptedException'{0x000000703e800480}: sleep interrupted> (0x000000703e800480) 
thrown [src/hotspot/share/prims/jvm.cpp, line 2955]
Event: 3.933 Thread 0x0000000a0f085800 Exception <a 'java/lang/InterruptedException'{0x000000703ed74b70}: sleep interrupted> (0x000000703ed74b70) 
thrown [src/hotspot/share/prims/jvm.cpp, line 2955]
Event: 6.011 Thread 0x0000000104fbafe0 Exception <a 'java/lang/NoSuchMethodError'{0x000000703f5b04d0}: 'java.lang.Object java.lang.invoke.DelegatingMethodHandle$Holder.reinvoke_L(java.lang.Object, java.lang.Object, java.lang.Object, java.lang.Object, int, int)'> (0x000000703f5b04d0) 
thrown [src/hotspot/share/interpreter/linkResolver.cpp, line 805]
Event: 6.021 Thread 0x0000000a0f084800 Exception <a 'java/lang/InterruptedException'{0x000000703e00b150}: sleep interrupted> (0x000000703e00b150) 
thrown [src/hotspot/share/prims/jvm.cpp, line 2955]
Event: 6.021 Thread 0x0000000a0f086000 Exception <a 'java/lang/InterruptedException'{0x000000703e05c7c8}: sleep interrupted> (0x000000703e05c7c8) 
thrown [src/hotspot/share/prims/jvm.cpp, line 2955]
Event: 8.085 Thread 0x0000000a0f084800 Exception <a 'java/lang/InterruptedException'{0x000000703e100570}: sleep interrupted> (0x000000703e100570) 
thrown [src/hotspot/share/prims/jvm.cpp, line 2955]
Event: 8.085 Thread 0x0000000a0f086000 Exception <a 'java/lang/InterruptedException'{0x000000703e0aeef8}: sleep interrupted> (0x000000703e0aeef8) 
thrown [src/hotspot/share/prims/jvm.cpp, line 2955]
Event: 10.120 Thread 0x0000000104fbafe0 Exception <a 'java/lang/NoSuchMethodError'{0x000000703f7534f8}: 'java.lang.Object java.lang.invoke.DirectMethodHandle$Holder.newInvokeSpecial(java.lang.Object, java.lang.Object, int, java.lang.Object)'> (0x000000703f7534f8) 
thrown [src/hotspot/share/interpreter/linkResolver.cpp, line 805]
Event: 10.174 Thread 0x0000000a0f0f4000 Exception <a 'java/lang/InterruptedException'{0x000000703e1f61f0}: sleep interrupted> (0x000000703e1f61f0) 
thrown [src/hotspot/share/prims/jvm.cpp, line 2955]
Event: 10.174 Thread 0x0000000a0f522000 Exception <a 'java/lang/InterruptedException'{0x000000703e1a4b78}: sleep interrupted> (0x000000703e1a4b78) 
thrown [src/hotspot/share/prims/jvm.cpp, line 2955]
Event: 11.197 Thread 0x0000000104fbafe0 Exception <a 'java/lang/IncompatibleClassChangeError'{0x000000703e2fe7e0}: Found class java.lang.Object, but interface was expected> (0x000000703e2fe7e0) 
thrown [src/hotspot/share/interpreter/linkResolver.cpp, line 872]
Event: 1580.556 Thread 0x0000000a0f086000 Implicit null exception at 0x000000011bafca1c to 0x000000011bb01df8
Event: 1620.643 Thread 0x0000000a0f086000 Implicit null exception at 0x000000011bb06160 to 0x000000011bb0b594

VM Operations (20 events):
Event: 1986.720 Executing VM operation: get/set locals
Event: 1986.720 Executing VM operation: get/set locals done
Event: 1986.721 Executing VM operation: get/set locals
Event: 1986.721 Executing VM operation: get/set locals done
Event: 1986.721 Executing VM operation: get/set locals
Event: 1986.721 Executing VM operation: get/set locals done
Event: 1986.721 Executing VM operation: get/set locals
Event: 1986.721 Executing VM operation: get/set locals done
Event: 1986.721 Executing VM operation: get/set locals
Event: 1986.721 Executing VM operation: get/set locals done
Event: 1986.721 Executing VM operation: get/set locals
Event: 1986.721 Executing VM operation: get/set locals done
Event: 1986.721 Executing VM operation: get/set locals
Event: 1986.721 Executing VM operation: get/set locals done
Event: 1991.112 Executing VM operation: ChangeSingleStep
Event: 1991.112 Executing VM operation: ChangeSingleStep done
Event: 1991.112 Executing VM operation: ChangeSingleStep
Event: 1991.112 Executing VM operation: ChangeSingleStep done
Event: 1991.114 Executing VM operation: ChangeSingleStep
Event: 1991.114 Executing VM operation: ChangeSingleStep done

Memory protections (20 events):
Event: 6.021 Protecting memory [0x000000016fc6c000,0x000000016fc78000] with protection modes 3
Event: 6.024 Protecting memory [0x000000016fa60000,0x000000016fa6c000] with protection modes 0
Event: 6.024 Protecting memory [0x000000016fc6c000,0x000000016fc78000] with protection modes 0
Event: 7.029 Protecting memory [0x000000017049c000,0x00000001704a8000] with protection modes 3
Event: 8.085 Protecting memory [0x000000016fc6c000,0x000000016fc78000] with protection modes 3
Event: 8.085 Protecting memory [0x000000016fa60000,0x000000016fa6c000] with protection modes 3
Event: 8.088 Protecting memory [0x000000016fa60000,0x000000016fa6c000] with protection modes 0
Event: 8.092 Protecting memory [0x000000016fc6c000,0x000000016fc78000] with protection modes 0
Event: 8.092 Protecting memory [0x000000017049c000,0x00000001704a8000] with protection modes 0
Event: 9.098 Protecting memory [0x000000016fa60000,0x000000016fa6c000] with protection modes 3
Event: 10.174 Protecting memory [0x000000016fc6c000,0x000000016fc78000] with protection modes 3
Event: 10.174 Protecting memory [0x000000017049c000,0x00000001704a8000] with protection modes 3
Event: 10.178 Protecting memory [0x000000016fa60000,0x000000016fa6c000] with protection modes 0
Event: 10.178 Protecting memory [0x000000016fc6c000,0x000000016fc78000] with protection modes 0
Event: 10.190 Protecting memory [0x000000017049c000,0x00000001704a8000] with protection modes 0
Event: 11.186 Protecting memory [0x000000017049c000,0x00000001704a8000] with protection modes 3
Event: 40.175 Protecting memory [0x000000016e5e8000,0x000000016e5f4000] with protection modes 3
Event: 306.891 Protecting memory [0x000000016e5e8000,0x000000016e5f4000] with protection modes 0
Event: 311.908 Protecting memory [0x000000016e5e8000,0x000000016e5f4000] with protection modes 3
Event: 1973.021 Protecting memory [0x000000016e5e8000,0x000000016e5f4000] with protection modes 0

Nmethod flushes (0 events):
No events

Events (20 events):
Event: 6.021 Thread 0x0000000a0f086000 Thread exited: 0x0000000a0f086000
Event: 6.024 Thread 0x0000000104fbafe0 Thread added: 0x0000000a0f086000
Event: 6.024 Thread 0x0000000104fbafe0 Thread added: 0x0000000a0f084800
Event: 7.029 Thread 0x0000000a0f085000 Thread exited: 0x0000000a0f085000
Event: 8.085 Thread 0x0000000a0f084800 Thread exited: 0x0000000a0f084800
Event: 8.085 Thread 0x0000000a0f086000 Thread exited: 0x0000000a0f086000
Event: 8.088 Thread 0x0000000a16843000 Thread added: 0x0000000a0f086000
Event: 8.092 Thread 0x0000000104fbafe0 Thread added: 0x0000000a0f522000
Event: 8.092 Thread 0x0000000104fbafe0 Thread added: 0x0000000a0f0f4000
Event: 9.098 Thread 0x0000000a0f086000 Thread exited: 0x0000000a0f086000
Event: 10.174 Thread 0x0000000a0f0f4000 Thread exited: 0x0000000a0f0f4000
Event: 10.174 Thread 0x0000000a0f522000 Thread exited: 0x0000000a0f522000
Event: 10.178 Thread 0x0000000104fbafe0 Thread added: 0x0000000a0f522000
Event: 10.178 Thread 0x0000000104fbafe0 Thread added: 0x0000000a0f086000
Event: 10.190 Thread 0x0000000a16842800 Thread added: 0x0000000a0f0f4000
Event: 11.186 Thread 0x0000000a0f0f4000 Thread exited: 0x0000000a0f0f4000
Event: 40.175 Thread 0x0000000a0f0a9800 Thread exited: 0x0000000a0f0a9800
Event: 306.891 Thread 0x0000000a16843000 Thread added: 0x0000000a0f0f7800
Event: 311.908 Thread 0x0000000a0f0f7800 Thread exited: 0x0000000a0f0f7800
Event: 1973.021 Thread 0x0000000104fbafe0 Thread added: 0x0000000a0f5ac000


Dynamic libraries:
0x0000000104700000 	/opt/homebrew/Cellar/openjdk/24.0.1/libexec/openjdk.jdk/Contents/Home/lib/libjli.dylib
0x00000001922a6000 	/usr/lib/libz.1.dylib
0x000000019235c000 	/usr/lib/libSystem.B.dylib
0x0000000192356000 	/usr/lib/system/libcache.dylib
0x0000000192311000 	/usr/lib/system/libcommonCrypto.dylib
0x000000019233c000 	/usr/lib/system/libcompiler_rt.dylib
0x0000000192331000 	/usr/lib/system/libcopyfile.dylib
0x0000000182251000 	/usr/lib/system/libcorecrypto.dylib
0x0000000182351000 	/usr/lib/system/libdispatch.dylib
0x00000001820fb000 	/usr/lib/system/libdyld.dylib
0x000000019234c000 	/usr/lib/system/libkeymgr.dylib
0x00000001922f4000 	/usr/lib/system/libmacho.dylib
0x000000019158b000 	/usr/lib/system/libquarantine.dylib
0x0000000192349000 	/usr/lib/system/libremovefile.dylib
0x0000000188cb9000 	/usr/lib/system/libsystem_asl.dylib
0x00000001821d7000 	/usr/lib/system/libsystem_blocks.dylib
0x000000018239c000 	/usr/lib/system/libsystem_c.dylib
0x0000000192340000 	/usr/lib/system/libsystem_collections.dylib
0x000000018ff2c000 	/usr/lib/system/libsystem_configuration.dylib
0x000000018eb1b000 	/usr/lib/system/libsystem_containermanager.dylib
0x0000000191d2a000 	/usr/lib/system/libsystem_coreservices.dylib
0x00000001864e4000 	/usr/lib/system/libsystem_darwin.dylib
0x00000002871b0000 	/usr/lib/system/libsystem_darwindirectory.dylib
0x000000019234d000 	/usr/lib/system/libsystem_dnssd.dylib
0x00000002871b4000 	/usr/lib/system/libsystem_eligibility.dylib
0x0000000182399000 	/usr/lib/system/libsystem_featureflags.dylib
0x000000018251d000 	/usr/lib/system/libsystem_info.dylib
0x00000001922b5000 	/usr/lib/system/libsystem_m.dylib
0x0000000182300000 	/usr/lib/system/libsystem_malloc.dylib
0x0000000188c1c000 	/usr/lib/system/libsystem_networkextension.dylib
0x000000018694f000 	/usr/lib/system/libsystem_notify.dylib
0x000000018ff31000 	/usr/lib/system/libsystem_sandbox.dylib
0x00000002871be000 	/usr/lib/system/libsystem_sanitizers.dylib
0x0000000192345000 	/usr/lib/system/libsystem_secinit.dylib
0x00000001824c9000 	/usr/lib/system/libsystem_kernel.dylib
0x0000000182514000 	/usr/lib/system/libsystem_platform.dylib
0x0000000182507000 	/usr/lib/system/libsystem_pthread.dylib
0x000000018a877000 	/usr/lib/system/libsystem_symptoms.dylib
0x0000000182230000 	/usr/lib/system/libsystem_trace.dylib
0x00000002871c6000 	/usr/lib/system/libsystem_trial.dylib
0x000000019231f000 	/usr/lib/system/libunwind.dylib
0x00000001821db000 	/usr/lib/system/libxpc.dylib
0x00000001820a8000 	/usr/lib/libobjc.A.dylib
0x000000018254d000 	/System/Library/Frameworks/CoreFoundation.framework/Versions/A/CoreFoundation
0x0000000195bcc000 	/usr/lib/swift/libswiftCore.dylib
0x00000001824ae000 	/usr/lib/libc++abi.dylib
0x0000000285593000 	/usr/lib/libRosetta.dylib
0x000000018241d000 	/usr/lib/libc++.1.dylib
0x0000000183dba000 	/System/Library/Frameworks/Foundation.framework/Versions/C/Foundation
0x000000019f76d000 	/usr/lib/swift/libswiftObjectiveC.dylib
0x0000000286a19000 	/usr/lib/libswiftPrespecialized.dylib
0x0000000183a29000 	/System/Library/Frameworks/SystemConfiguration.framework/Versions/A/SystemConfiguration
0x000000018cd99000 	/System/Library/PrivateFrameworks/CoreAutoLayout.framework/Versions/A/CoreAutoLayout
0x000000019235e000 	/usr/lib/libfakelink.dylib
0x0000000192584000 	/usr/lib/libcompression.dylib
0x0000000188866000 	/System/Library/Frameworks/CFNetwork.framework/Versions/A/CFNetwork
0x000000018c1c9000 	/System/Library/Frameworks/DiskArbitration.framework/Versions/A/DiskArbitration
0x00000001923b1000 	/usr/lib/libarchive.2.dylib
0x000000018c0ce000 	/usr/lib/libDiagnosticMessagesClient.dylib
0x000000018620e000 	/usr/lib/libicucore.A.dylib
0x000000018cde2000 	/usr/lib/libxml2.2.dylib
0x000000019aa29000 	/System/Library/Frameworks/CoreServices.framework/Versions/A/CoreServices
0x000000018ff3f000 	/usr/lib/liblangid.dylib
0x0000000186866000 	/System/Library/Frameworks/IOKit.framework/Versions/A/IOKit
0x00000001986c3000 	/System/Library/Frameworks/Combine.framework/Versions/A/Combine
0x000000023ad97000 	/System/Library/PrivateFrameworks/CollectionsInternal.framework/Versions/A/CollectionsInternal
0x0000000266c96000 	/System/Library/PrivateFrameworks/ReflectionInternal.framework/Versions/A/ReflectionInternal
0x0000000267be9000 	/System/Library/PrivateFrameworks/RuntimeInternal.framework/Versions/A/RuntimeInternal
0x0000000192360000 	/System/Library/PrivateFrameworks/SoftLinking.framework/Versions/A/SoftLinking
0x00000001af81a000 	/usr/lib/swift/libswiftCoreFoundation.dylib
0x00000001ac6b2000 	/usr/lib/swift/libswiftDarwin.dylib
0x000000019c795000 	/usr/lib/swift/libswiftDispatch.dylib
0x00000001af87b000 	/usr/lib/swift/libswiftIOKit.dylib
0x0000000286e5c000 	/usr/lib/swift/libswiftSystem.dylib
0x00000001af82d000 	/usr/lib/swift/libswiftXPC.dylib
0x0000000286e8e000 	/usr/lib/swift/libswift_Builtin_float.dylib
0x0000000286e8f000 	/usr/lib/swift/libswift_Concurrency.dylib
0x0000000286f1b000 	/usr/lib/swift/libswift_DarwinFoundation1.dylib
0x0000000286fbf000 	/usr/lib/swift/libswift_StringProcessing.dylib
0x000000019f771000 	/usr/lib/swift/libswiftos.dylib
0x00000001867e6000 	/System/Library/PrivateFrameworks/CoreServicesInternal.framework/Versions/A/CoreServicesInternal
0x0000000192329000 	/usr/lib/liboah.dylib
0x0000000185def000 	/System/Library/Frameworks/Security.framework/Versions/A/Security
0x000000019eba1000 	/System/Library/PrivateFrameworks/DiskImages.framework/Versions/A/DiskImages
0x00000001ac157000 	/System/Library/Frameworks/NetFS.framework/Versions/A/NetFS
0x000000018cd5e000 	/System/Library/Frameworks/CoreServices.framework/Versions/A/Frameworks/FSEvents.framework/Versions/A/FSEvents
0x00000001864ee000 	/System/Library/Frameworks/CoreServices.framework/Versions/A/Frameworks/CarbonCore.framework/Versions/A/CarbonCore
0x000000018c13d000 	/System/Library/Frameworks/CoreServices.framework/Versions/A/Frameworks/Metadata.framework/Versions/A/Metadata
0x0000000191d31000 	/System/Library/Frameworks/CoreServices.framework/Versions/A/Frameworks/OSServices.framework/Versions/A/OSServices
0x00000001924a9000 	/System/Library/Frameworks/CoreServices.framework/Versions/A/Frameworks/SearchKit.framework/Versions/A/SearchKit
0x000000018a7f1000 	/System/Library/Frameworks/CoreServices.framework/Versions/A/Frameworks/AE.framework/Versions/A/AE
0x0000000182aac000 	/System/Library/Frameworks/CoreServices.framework/Versions/A/Frameworks/LaunchServices.framework/Versions/A/LaunchServices
0x000000019382f000 	/System/Library/Frameworks/CoreServices.framework/Versions/A/Frameworks/DictionaryServices.framework/Versions/A/DictionaryServices
0x000000018cd6b000 	/System/Library/Frameworks/CoreServices.framework/Versions/A/Frameworks/SharedFileList.framework/Versions/A/SharedFileList
0x000000019253c000 	/usr/lib/libapple_nghttp2.dylib
0x000000018a408000 	/usr/lib/libsqlite3.dylib
0x000000018a5f1000 	/System/Library/Frameworks/Accounts.framework/Versions/A/Accounts
0x000000019ede3000 	/System/Library/PrivateFrameworks/AppSupport.framework/Versions/A/AppSupport
0x00000001ae5de000 	/System/Library/Frameworks/AVFoundation.framework/Versions/A/AVFoundation
0x000000018c09e000 	/System/Library/PrivateFrameworks/CoreAnalytics.framework/Versions/A/CoreAnalytics
0x00000001892ac000 	/System/Library/Frameworks/CoreGraphics.framework/Versions/A/CoreGraphics
0x00000001968fe000 	/System/Library/Frameworks/GSS.framework/Versions/A/GSS
0x0000000194cf0000 	/System/Library/PrivateFrameworks/InternationalSupport.framework/Versions/A/InternationalSupport
0x000000018a785000 	/System/Library/PrivateFrameworks/RunningBoardServices.framework/Versions/A/RunningBoardServices
0x000000019f6f5000 	/System/Library/PrivateFrameworks/StreamingZip.framework/Versions/A/StreamingZip
0x0000000188c37000 	/usr/lib/libenergytrace.dylib
0x000000018a880000 	/System/Library/Frameworks/Network.framework/Versions/A/Network
0x00000001915b3000 	/usr/lib/libbsm.0.dylib
0x00000001922f8000 	/usr/lib/system/libkxld.dylib
0x0000000236377000 	/System/Library/PrivateFrameworks/AppleKeyStore.framework/Versions/A/AppleKeyStore
0x0000000285295000 	/usr/lib/libCoreEntitlements.dylib
0x000000025b379000 	/System/Library/PrivateFrameworks/MessageSecurity.framework/Versions/A/MessageSecurity
0x000000018a3ec000 	/System/Library/PrivateFrameworks/ProtocolBuffer.framework/Versions/A/ProtocolBuffer
0x000000019bba4000 	/System/Library/PrivateFrameworks/SymptomDiagnosticReporter.framework/Versions/A/SymptomDiagnosticReporter
0x0000000193a74000 	/System/Library/PrivateFrameworks/CrashReporterSupport.framework/Versions/A/CrashReporterSupport
0x0000000188c39000 	/usr/lib/libMobileGestalt.dylib
0x0000000191d11000 	/System/Library/PrivateFrameworks/AppleFSCompression.framework/Versions/A/AppleFSCompression
0x000000019159b000 	/usr/lib/libcoretls.dylib
0x00000001938a5000 	/usr/lib/libcoretls_cfhelpers.dylib
0x000000019257e000 	/usr/lib/libpam.2.dylib
0x000000019391b000 	/usr/lib/libxar.1.dylib
0x00000001938a7000 	/System/Library/PrivateFrameworks/APFS.framework/Versions/A/APFS
0x0000000273316000 	/System/Library/PrivateFrameworks/SwiftASN1Internal.framework/Versions/A/SwiftASN1Internal
0x000000019392a000 	/usr/lib/libutil.dylib
0x000000018ff3a000 	/System/Library/PrivateFrameworks/AppleSystemInfo.framework/Versions/A/AppleSystemInfo
0x0000000191262000 	/System/Library/PrivateFrameworks/IOMobileFramebuffer.framework/Versions/A/IOMobileFramebuffer
0x000000018eb54000 	/System/Library/Frameworks/IOSurface.framework/Versions/A/IOSurface
0x000000019e501000 	/System/Library/PrivateFrameworks/CoreWiFi.framework/Versions/A/CoreWiFi
0x00000001af6dc000 	/System/Library/PrivateFrameworks/LoggingSupport.framework/Versions/A/LoggingSupport
0x0000000196961000 	/System/Library/PrivateFrameworks/MobileAsset.framework/Versions/A/MobileAsset
0x000000019bbb4000 	/System/Library/PrivateFrameworks/PowerLog.framework/Versions/A/PowerLog
0x000000019d076000 	/System/Library/PrivateFrameworks/Rapport.framework/Versions/A/Rapport
0x000000022ef9a000 	/System/Library/Frameworks/SwiftData.framework/Versions/A/SwiftData
0x000000018829b000 	/System/Library/Frameworks/UniformTypeIdentifiers.framework/Versions/A/UniformTypeIdentifiers
0x000000018cf8b000 	/System/Library/PrivateFrameworks/UserManagement.framework/Versions/A/UserManagement
0x000000018878d000 	/usr/lib/libboringssl.dylib
0x000000018a865000 	/usr/lib/libdns_services.dylib
0x00000001ae712000 	/usr/lib/libquic.dylib
0x0000000195b5d000 	/usr/lib/libusrtcp.dylib
0x0000000237230000 	/System/Library/PrivateFrameworks/AtomicsInternal.framework/Versions/A/AtomicsInternal
0x00000001d59a3000 	/System/Library/PrivateFrameworks/InternalSwiftProtobuf.framework/Versions/A/InternalSwiftProtobuf
0x0000000286ce3000 	/usr/lib/swift/libswiftDistributed.dylib
0x0000000286d0c000 	/usr/lib/swift/libswiftObservation.dylib
0x0000000286e48000 	/usr/lib/swift/libswiftSynchronization.dylib
0x000000018ff38000 	/System/Library/PrivateFrameworks/AggregateDictionary.framework/Versions/A/AggregateDictionary
0x0000000237a5e000 	/System/Library/PrivateFrameworks/BiomeLibrary.framework/Versions/A/BiomeLibrary
0x00000001be826000 	/System/Library/PrivateFrameworks/BiomeStreams.framework/Versions/A/BiomeStreams
0x00000001ba88c000 	/System/Library/PrivateFrameworks/BiomeFoundation.framework/Versions/A/BiomeFoundation
0x00000001c4aa8000 	/System/Library/PrivateFrameworks/BiomePubSub.framework/Versions/A/BiomePubSub
0x0000000189ffe000 	/System/Library/Frameworks/CoreData.framework/Versions/A/CoreData
0x00000001a06d8000 	/System/Library/PrivateFrameworks/ProactiveSupport.framework/Versions/A/ProactiveSupport
0x0000000230ff5000 	/System/Library/Frameworks/_LocationEssentials.framework/Versions/A/_LocationEssentials
0x0000000193886000 	/usr/lib/liblzma.5.dylib
0x000000019aca8000 	/System/Library/Frameworks/Accelerate.framework/Versions/A/Accelerate
0x0000000191494000 	/System/Library/PrivateFrameworks/MobileKeyBag.framework/Versions/A/MobileKeyBag
0x000000019f0f7000 	/System/Library/PrivateFrameworks/InternationalTextSearch.framework/Versions/A/InternationalTextSearch
0x00000001b6d68000 	/System/Library/PrivateFrameworks/SoftwareUpdateCoreSupport.framework/Versions/A/SoftwareUpdateCoreSupport
0x00000001bf2c4000 	/System/Library/PrivateFrameworks/SoftwareUpdateCoreConnect.framework/Versions/A/SoftwareUpdateCoreConnect
0x000000019ec9b000 	/System/Library/PrivateFrameworks/RemoteServiceDiscovery.framework/Versions/A/RemoteServiceDiscovery
0x00000001b6940000 	/System/Library/PrivateFrameworks/MSUDataAccessor.framework/Versions/A/MSUDataAccessor
0x00000001b18a8000 	/usr/lib/libbootpolicy.dylib
0x000000019ecb2000 	/System/Library/PrivateFrameworks/RemoteXPC.framework/Versions/A/RemoteXPC
0x00000001be6fa000 	/usr/lib/libFDR.dylib
0x00000001c46aa000 	/usr/lib/libamsupport.dylib
0x000000028558b000 	/usr/lib/libReverseProxyDevice.dylib
0x0000000235be7000 	/System/Library/PrivateFrameworks/AppleDeviceQuerySupport.framework/Versions/A/AppleDeviceQuerySupport
0x00000001c786c000 	/usr/lib/libpartition2_dynamic.dylib
0x0000000192518000 	/System/Library/PrivateFrameworks/AppleSauce.framework/Versions/A/AppleSauce
0x0000000285140000 	/usr/lib/libAppleArchive.dylib
0x0000000191d1d000 	/usr/lib/libbz2.1.0.dylib
0x000000018c1d3000 	/System/Library/Frameworks/Accelerate.framework/Versions/A/Frameworks/vImage.framework/Versions/A/vImage
0x000000019aa04000 	/System/Library/Frameworks/Accelerate.framework/Versions/A/Frameworks/vecLib.framework/Versions/A/vecLib
0x0000000193961000 	/System/Library/Frameworks/Accelerate.framework/Versions/A/Frameworks/vecLib.framework/Versions/A/libvMisc.dylib
0x0000000182fb0000 	/System/Library/Frameworks/Accelerate.framework/Versions/A/Frameworks/vecLib.framework/Versions/A/libBLAS.dylib
0x000000019f0f6000 	/System/Library/Frameworks/ApplicationServices.framework/Versions/A/ApplicationServices
0x000000018cec9000 	/System/Library/Frameworks/CoreVideo.framework/Versions/A/CoreVideo
0x0000000189a02000 	/System/Library/Frameworks/ColorSync.framework/Versions/A/ColorSync
0x0000000185430000 	/System/Library/Frameworks/CoreText.framework/Versions/A/CoreText
0x000000018f647000 	/System/Library/Frameworks/ImageIO.framework/Versions/A/ImageIO
0x0000000196515000 	/System/Library/Frameworks/ApplicationServices.framework/Versions/A/Frameworks/ATS.framework/Versions/A/ATS
0x0000000189baa000 	/System/Library/Frameworks/ApplicationServices.framework/Versions/A/Frameworks/HIServices.framework/Versions/A/HIServices
0x0000000194be6000 	/System/Library/Frameworks/ApplicationServices.framework/Versions/A/Frameworks/PrintCore.framework/Versions/A/PrintCore
0x00000001968c7000 	/System/Library/Frameworks/ApplicationServices.framework/Versions/A/Frameworks/QD.framework/Versions/A/QD
0x00000001968c2000 	/System/Library/Frameworks/ApplicationServices.framework/Versions/A/Frameworks/ColorSyncLegacy.framework/Versions/A/ColorSyncLegacy
0x00000001964e7000 	/System/Library/Frameworks/ApplicationServices.framework/Versions/A/Frameworks/SpeechSynthesis.framework/Versions/A/SpeechSynthesis
0x0000000188cf5000 	/System/Library/PrivateFrameworks/SkyLight.framework/Versions/A/SkyLight
0x000000018f022000 	/System/Library/PrivateFrameworks/FontServices.framework/libFontParser.dylib
0x000000018a693000 	/System/Library/PrivateFrameworks/BaseBoard.framework/Versions/A/BaseBoard
0x000000019caf6000 	/System/Library/PrivateFrameworks/BoardServices.framework/Versions/A/BoardServices
0x000000019e9c3000 	/System/Library/PrivateFrameworks/BackBoardServices.framework/Versions/A/BackBoardServices
0x0000000237963000 	/System/Library/PrivateFrameworks/BackBoardHIDEventFoundation.framework/Versions/A/BackBoardHIDEventFoundation
0x0000000184f4c000 	/System/Library/Frameworks/CoreDisplay.framework/Versions/A/CoreDisplay
0x000000019453f000 	/System/Library/Frameworks/VideoToolbox.framework/Versions/A/VideoToolbox
0x000000019257c000 	/System/Library/Frameworks/MetalPerformanceShaders.framework/Versions/A/MetalPerformanceShaders
0x0000000265ba0000 	/System/Library/PrivateFrameworks/ProDisplayLibrary.framework/Versions/A/ProDisplayLibrary
0x00000001a27f4000 	/System/Library/PrivateFrameworks/IOSurfaceAccelerator.framework/Versions/A/IOSurfaceAccelerator
0x000000018eb7c000 	/System/Library/Frameworks/Metal.framework/Versions/A/Metal
0x000000018eb71000 	/System/Library/PrivateFrameworks/IOAccelerator.framework/Versions/A/IOAccelerator
0x000000018ee80000 	/System/Library/Frameworks/CoreMedia.framework/Versions/A/CoreMedia
0x0000000188cd1000 	/System/Library/PrivateFrameworks/TCC.framework/Versions/A/TCC
0x00000001944f7000 	/System/Library/PrivateFrameworks/WatchdogClient.framework/Versions/A/WatchdogClient
0x000000018c5f8000 	/System/Library/Frameworks/QuartzCore.framework/Versions/A/QuartzCore
0x00000001944f9000 	/System/Library/PrivateFrameworks/MultitouchSupport.framework/Versions/A/MultitouchSupport
0x00000001c7652000 	/usr/lib/swift/libswiftAccelerate.dylib
0x00000001af7fa000 	/usr/lib/swift/libswiftCoreAudio.dylib
0x00000001cb7cd000 	/usr/lib/swift/libswiftCoreMedia.dylib
0x00000001bd7bb000 	/usr/lib/swift/libswiftMetal.dylib
0x00000001ccf80000 	/usr/lib/swift/libswiftOSLog.dylib
0x00000001c2baf000 	/usr/lib/swift/libswiftQuartzCore.dylib
0x00000001c7642000 	/usr/lib/swift/libswiftUniformTypeIdentifiers.dylib
0x0000000286e76000 	/usr/lib/swift/libswiftVideoToolbox.dylib
0x00000001b336c000 	/usr/lib/swift/libswiftsimd.dylib
0x00000001c4b09000 	/System/Library/PrivateFrameworks/BiomeStorage.framework/Versions/A/BiomeStorage
0x00000002540bd000 	/System/Library/PrivateFrameworks/IntelligencePlatformLibrary.framework/Versions/A/IntelligencePlatformLibrary
0x0000000264964000 	/System/Library/PrivateFrameworks/PoirotSchematizer.framework/Versions/A/PoirotSchematizer
0x0000000238311000 	/System/Library/PrivateFrameworks/BiomeSync.framework/Versions/A/BiomeSync
0x0000000237a44000 	/System/Library/PrivateFrameworks/BiomeDSL.framework/Versions/A/BiomeDSL
0x00000001ddb6c000 	/System/Library/PrivateFrameworks/FeatureFlags.framework/Versions/A/FeatureFlags
0x00000002649d2000 	/System/Library/PrivateFrameworks/PoirotUDFs.framework/Versions/A/PoirotUDFs
0x0000000286f1e000 	/usr/lib/swift/libswift_DarwinFoundation2.dylib
0x0000000286f1f000 	/usr/lib/swift/libswift_DarwinFoundation3.dylib
0x000000019d06b000 	/System/Library/PrivateFrameworks/CoreTime.framework/Versions/A/CoreTime
0x0000000192396000 	/usr/lib/libiconv.2.dylib
0x00000001922f3000 	/usr/lib/libcharset.1.dylib
0x0000000264927000 	/System/Library/PrivateFrameworks/PoirotSQLite.framework/Versions/A/PoirotSQLite
0x0000000286f20000 	/usr/lib/swift/libswift_RegexParser.dylib
0x0000000239947000 	/System/Library/PrivateFrameworks/CascadeSets.framework/Versions/A/CascadeSets
0x0000000196ad8000 	/System/Library/PrivateFrameworks/CorePhoneNumbers.framework/Versions/A/CorePhoneNumbers
0x00000001942f1000 	/System/Library/PrivateFrameworks/AppleJPEG.framework/Versions/A/AppleJPEG
0x0000000193ccb000 	/usr/lib/libexpat.1.dylib
0x0000000194abc000 	/System/Library/Frameworks/ImageIO.framework/Versions/A/Resources/libPng.dylib
0x0000000194ae7000 	/System/Library/Frameworks/ImageIO.framework/Versions/A/Resources/libTIFF.dylib
0x0000000194bcf000 	/System/Library/Frameworks/ImageIO.framework/Versions/A/Resources/libGIF.dylib
0x0000000194336000 	/System/Library/Frameworks/ImageIO.framework/Versions/A/Resources/libJP2.dylib
0x00000001939db000 	/usr/lib/libate.dylib
0x0000000194b76000 	/System/Library/Frameworks/ImageIO.framework/Versions/A/Resources/libJPEG.dylib
0x0000000194b6d000 	/System/Library/Frameworks/ImageIO.framework/Versions/A/Resources/libRadiance.dylib
0x0000000249d74000 	/System/Library/PrivateFrameworks/GPUCompiler.framework/Versions/32023/Libraries/libllvm-flatbuffers.dylib
0x00000002447d3000 	/System/Library/PrivateFrameworks/FramePacing.framework/Versions/A/FramePacing
0x00000002279e6000 	/System/Library/Frameworks/OpenGL.framework/Versions/A/Libraries/libCoreFSCache.dylib
0x0000000245901000 	/System/Library/PrivateFrameworks/GPUCompiler.framework/Versions/32023/Libraries/libGPUCompilerUtils.dylib
0x000000019cbc3000 	/System/Library/PrivateFrameworks/GraphicsServices.framework/Versions/A/GraphicsServices
0x00000002279f4000 	/System/Library/Frameworks/OpenGL.framework/Versions/A/OpenGL
0x0000000227a45000 	/System/Library/Frameworks/OpenGL.framework/Versions/A/Libraries/libGLU.dylib
0x0000000227a08000 	/System/Library/Frameworks/OpenGL.framework/Versions/A/Libraries/libGFXShared.dylib
0x0000000227bd5000 	/System/Library/Frameworks/OpenGL.framework/Versions/A/Libraries/libGL.dylib
0x0000000227a11000 	/System/Library/Frameworks/OpenGL.framework/Versions/A/Libraries/libGLImage.dylib
0x0000000227a05000 	/System/Library/Frameworks/OpenGL.framework/Versions/A/Libraries/libCVMSPluginSupport.dylib
0x00000002279ee000 	/System/Library/Frameworks/OpenGL.framework/Versions/A/Libraries/libCoreVMClient.dylib
0x0000000194b68000 	/System/Library/PrivateFrameworks/GPUWrangler.framework/Versions/A/GPUWrangler
0x0000000194b48000 	/System/Library/PrivateFrameworks/IOPresentment.framework/Versions/A/IOPresentment
0x0000000194b70000 	/System/Library/PrivateFrameworks/DSExternalDisplay.framework/Versions/A/DSExternalDisplay
0x000000027aed9000 	/System/Library/PrivateFrameworks/VideoToolboxParavirtualizationSupport.framework/Versions/A/VideoToolboxParavirtualizationSupport
0x0000000193c82000 	/System/Library/PrivateFrameworks/AppleVA.framework/Versions/A/AppleVA
0x0000000229a70000 	/System/Library/Frameworks/ExtensionFoundation.framework/Versions/A/ExtensionFoundation
0x0000000194bd5000 	/System/Library/PrivateFrameworks/CMCaptureCore.framework/Versions/A/CMCaptureCore
0x0000000193f5b000 	/usr/lib/libspindump.dylib
0x0000000185659000 	/System/Library/Frameworks/CoreAudio.framework/Versions/A/CoreAudio
0x0000000193f4e000 	/System/Library/PrivateFrameworks/AppServerSupport.framework/Versions/A/AppServerSupport
0x00000001968d0000 	/System/Library/PrivateFrameworks/perfdata.framework/Versions/A/perfdata
0x000000018506d000 	/System/Library/PrivateFrameworks/AudioToolboxCore.framework/Versions/A/AudioToolboxCore
0x000000018ee56000 	/System/Library/PrivateFrameworks/caulk.framework/Versions/A/caulk
0x00000001964cd000 	/usr/lib/libAudioStatistics.dylib
0x00000001ae807000 	/System/Library/PrivateFrameworks/SystemPolicy.framework/Versions/A/SystemPolicy
0x0000000196775000 	/usr/lib/libSMC.dylib
0x00000001b6154000 	/usr/lib/swift/libswiftCoreMIDI.dylib
0x00000001a1ae6000 	/System/Library/Frameworks/CoreMIDI.framework/Versions/A/CoreMIDI
0x0000000194a96000 	/usr/lib/libAudioToolboxUtility.dylib
0x00000001968de000 	/usr/lib/libperfcheck.dylib
0x00000002372ff000 	/System/Library/PrivateFrameworks/AudioAnalytics.framework/Versions/A/AudioAnalytics
0x00000001d5691000 	/System/Library/Frameworks/OSLog.framework/Versions/A/OSLog
0x00000002603da000 	/System/Library/PrivateFrameworks/OSEligibility.framework/Versions/A/OSEligibility
0x0000000193d51000 	/System/Library/PrivateFrameworks/IconServices.framework/Versions/A/IconServices
0x000000022ae54000 	/System/Library/Frameworks/LightweightCodeRequirements.framework/Versions/A/LightweightCodeRequirements
0x0000000193bcb000 	/System/Library/PrivateFrameworks/PlugInKit.framework/Versions/A/PlugInKit
0x00000001914ac000 	/System/Library/PrivateFrameworks/AssertionServices.framework/Versions/A/AssertionServices
0x0000000193cf0000 	/System/Library/PrivateFrameworks/IconFoundation.framework/Versions/A/IconFoundation
0x0000000250c4b000 	/System/Library/PrivateFrameworks/IconRendering.framework/Versions/A/IconRendering
0x000000018ca60000 	/System/Library/PrivateFrameworks/CoreUI.framework/Versions/A/CoreUI
0x000000018f987000 	/System/Library/Frameworks/CoreImage.framework/Versions/A/CoreImage
0x0000000267db5000 	/System/Library/PrivateFrameworks/SFSymbols.framework/Versions/A/SFSymbols
0x0000000229926000 	/System/Library/Frameworks/DeveloperToolsSupport.framework/Versions/A/DeveloperToolsSupport
0x00000001a6969000 	/System/Library/PrivateFrameworks/RenderBox.framework/Versions/A/RenderBox
0x000000018f609000 	/System/Library/PrivateFrameworks/CoreSVG.framework/Versions/A/CoreSVG
0x0000000194c59000 	/System/Library/PrivateFrameworks/TextureIO.framework/Versions/A/TextureIO
0x00000001af87a000 	/usr/lib/swift/libswiftCoreImage.dylib
0x0000000193efe000 	/System/Library/PrivateFrameworks/GraphVisualizer.framework/Versions/A/GraphVisualizer
0x00000002446de000 	/System/Library/PrivateFrameworks/FontServices.framework/Versions/A/FontServices
0x0000000193f0e000 	/System/Library/PrivateFrameworks/OTSVG.framework/Versions/A/OTSVG
0x000000018ca0e000 	/System/Library/Frameworks/ApplicationServices.framework/Versions/A/Frameworks/ATS.framework/Versions/A/Resources/libFontRegistry.dylib
0x0000000286053000 	/usr/lib/libhvf.dylib
0x0000000261066000 	/System/Library/PrivateFrameworks/ParsingInternal.framework/Versions/A/ParsingInternal
0x00000002446e2000 	/System/Library/PrivateFrameworks/FontServices.framework/libXTFontStaticRegistryData.dylib
0x000000018fe72000 	/System/Library/Frameworks/MetalPerformanceShaders.framework/Versions/A/Frameworks/MPSCore.framework/Versions/A/MPSCore
0x0000000191c7c000 	/System/Library/Frameworks/MetalPerformanceShaders.framework/Versions/A/Frameworks/MPSImage.framework/Versions/A/MPSImage
0x000000019163b000 	/System/Library/Frameworks/MetalPerformanceShaders.framework/Versions/A/Frameworks/MPSNeuralNetwork.framework/Versions/A/MPSNeuralNetwork
0x0000000191a7a000 	/System/Library/Frameworks/MetalPerformanceShaders.framework/Versions/A/Frameworks/MPSMatrix.framework/Versions/A/MPSMatrix
0x0000000191892000 	/System/Library/Frameworks/MetalPerformanceShaders.framework/Versions/A/Frameworks/MPSRayIntersector.framework/Versions/A/MPSRayIntersector
0x0000000191aac000 	/System/Library/Frameworks/MetalPerformanceShaders.framework/Versions/A/Frameworks/MPSNDArray.framework/Versions/A/MPSNDArray
0x000000022bcd9000 	/System/Library/Frameworks/MetalPerformanceShaders.framework/Versions/A/Frameworks/MPSFunctions.framework/Versions/A/MPSFunctions
0x000000022bcba000 	/System/Library/Frameworks/MetalPerformanceShaders.framework/Versions/A/Frameworks/MPSBenchmarkLoop.framework/Versions/A/MPSBenchmarkLoop
0x000000022bced000 	/System/Library/Frameworks/MetalPerformanceShaders.framework/Versions/A/Frameworks/MPSHost.framework/Versions/A/MPSHost
0x0000000182dc7000 	/System/Library/PrivateFrameworks/MetalTools.framework/Versions/A/MetalTools
0x00000001b4a91000 	/System/Library/PrivateFrameworks/IOAccelMemoryInfo.framework/Versions/A/IOAccelMemoryInfo
0x00000001c2fa2000 	/System/Library/PrivateFrameworks/kperf.framework/Versions/A/kperf
0x00000001af7f6000 	/System/Library/PrivateFrameworks/GPURawCounter.framework/Versions/A/GPURawCounter
0x00000001a0863000 	/System/Library/PrivateFrameworks/ASEProcessing.framework/Versions/A/ASEProcessing
0x00000001d104f000 	/System/Library/PrivateFrameworks/Symbolication.framework/Versions/A/Symbolication
0x0000000264513000 	/System/Library/PrivateFrameworks/PhotosensitivityProcessing.framework/Versions/A/PhotosensitivityProcessing
0x0000000267e3b000 	/System/Library/PrivateFrameworks/SILManager.framework/Versions/A/SILManager
0x000000019cf0e000 	/System/Library/PrivateFrameworks/CoreSymbolication.framework/Versions/A/CoreSymbolication
0x00000001af76b000 	/System/Library/PrivateFrameworks/MallocStackLogging.framework/Versions/A/MallocStackLogging
0x000000019ceec000 	/System/Library/PrivateFrameworks/DebugSymbols.framework/Versions/A/DebugSymbols
0x00000001c1715000 	/System/Library/PrivateFrameworks/OSAnalytics.framework/Versions/A/OSAnalytics
0x0000000242440000 	/System/Library/PrivateFrameworks/DeviceRecovery.framework/Versions/A/DeviceRecovery
0x0000000276769000 	/System/Library/PrivateFrameworks/Tightbeam.framework/Versions/A/Tightbeam
0x00000001bd7c9000 	/usr/lib/swift/libswiftCompression.dylib
0x00000001c7dd9000 	/System/Library/PrivateFrameworks/AFKUser.framework/Versions/A/AFKUser
0x0000000194ba1000 	/System/Library/Frameworks/ApplicationServices.framework/Versions/A/Frameworks/ATSUI.framework/Versions/A/ATSUI
0x0000000196277000 	/System/Library/Frameworks/AudioToolbox.framework/Versions/A/AudioToolbox
0x00000001920ea000 	/System/Library/Frameworks/UserNotifications.framework/Versions/A/UserNotifications
0x00000001b5226000 	/System/Library/PrivateFrameworks/SiriInstrumentation.framework/Versions/A/SiriInstrumentation
0x000000026a296000 	/System/Library/PrivateFrameworks/SiriAnalytics.framework/Versions/A/SiriAnalytics
0x00000001b298e000 	/System/Library/PrivateFrameworks/FeedbackLogger.framework/Versions/A/FeedbackLogger
0x00000001cd219000 	/usr/lib/swift/libswiftAVFoundation.dylib
0x0000000278f91000 	/System/Library/PrivateFrameworks/UnifiedAssetFramework.framework/Versions/A/UnifiedAssetFramework
0x000000019644c000 	/System/Library/PrivateFrameworks/AudioSession.framework/Versions/A/AudioSession
0x0000000193e0f000 	/System/Library/PrivateFrameworks/MediaExperience.framework/Versions/A/MediaExperience
0x0000000196221000 	/System/Library/PrivateFrameworks/AudioSession.framework/libSessionUtility.dylib
0x000000019ba99000 	/System/Library/Frameworks/CoreBluetooth.framework/Versions/A/CoreBluetooth
0x000000019131f000 	/System/Library/PrivateFrameworks/CoreUtils.framework/Versions/A/CoreUtils
0x00000001a769c000 	/System/Library/PrivateFrameworks/HID.framework/Versions/A/HID
0x0000000241359000 	/System/Library/PrivateFrameworks/CoreUtilsExtras.framework/Versions/A/CoreUtilsExtras
0x0000000250ba0000 	/System/Library/PrivateFrameworks/IO80211.framework/Versions/A/IO80211
0x000000019840f000 	/System/Library/Frameworks/IOBluetooth.framework/Versions/A/IOBluetooth
0x0000000286d2b000 	/usr/lib/swift/libswiftRegexBuilder.dylib
0x0000000193a6b000 	/usr/lib/libIOReport.dylib
0x00000001ddbf0000 	/System/Library/PrivateFrameworks/WiFiPeerToPeer.framework/Versions/A/WiFiPeerToPeer
0x00000001914bb000 	/System/Library/Frameworks/SecurityFoundation.framework/Versions/A/SecurityFoundation
0x00000002399fb000 	/System/Library/PrivateFrameworks/Centauri.framework/Versions/A/Centauri
0x00000001837ab000 	/System/Library/PrivateFrameworks/Lexicon.framework/Versions/A/Lexicon
0x00000002864a3000 	/usr/lib/libmrc.dylib
0x0000000250c0b000 	/System/Library/PrivateFrameworks/IPConfiguration.framework/Versions/A/IPConfiguration
0x00000001d1826000 	/System/Library/PrivateFrameworks/Netrb.framework/Versions/A/Netrb
0x000000019ca1c000 	/System/Library/PrivateFrameworks/FrontBoardServices.framework/Versions/A/FrontBoardServices
0x0000000191624000 	/usr/lib/libgermantok.dylib
0x0000000190061000 	/System/Library/PrivateFrameworks/LinguisticData.framework/Versions/A/LinguisticData
0x000000019bca2000 	/System/Library/PrivateFrameworks/MediaKit.framework/Versions/A/MediaKit
0x000000019bbf0000 	/System/Library/Frameworks/DiscRecording.framework/Versions/A/DiscRecording
0x0000000193ce6000 	/usr/lib/libheimdal-asn1.dylib
0x000000019f6cb000 	/System/Library/Frameworks/AudioUnit.framework/Versions/A/AudioUnit
0x000000018cd26000 	/System/Library/Frameworks/OpenDirectory.framework/Versions/A/OpenDirectory
0x000000018cd34000 	/System/Library/Frameworks/OpenDirectory.framework/Versions/A/Frameworks/CFOpenDirectory.framework/Versions/A/CFOpenDirectory
0x00000001987b7000 	/System/Library/PrivateFrameworks/GeoServices.framework/Versions/A/GeoServices
0x00000001961e7000 	/System/Library/PrivateFrameworks/LocationSupport.framework/Versions/A/LocationSupport
0x000000024d8c7000 	/System/Library/PrivateFrameworks/GeoServicesCore.framework/Versions/A/GeoServicesCore
0x00000001a85a0000 	/System/Library/PrivateFrameworks/PhoneNumbers.framework/Versions/A/PhoneNumbers
0x000000025604f000 	/System/Library/PrivateFrameworks/LocationLogEncryption.framework/Versions/A/LocationLogEncryption
0x0000000227f61000 	/System/Library/Frameworks/AVFAudio.framework/Versions/A/AVFAudio
0x00000002280a5000 	/System/Library/Frameworks/AVRouting.framework/Versions/A/AVRouting
0x00000001a86b8000 	/usr/lib/libAccessibility.dylib
0x0000000254a39000 	/System/Library/PrivateFrameworks/IsolatedCoreAudioClient.framework/Versions/A/IsolatedCoreAudioClient
0x000000023d191000 	/System/Library/PrivateFrameworks/CoreAudioOrchestration.framework/Versions/A/CoreAudioOrchestration
0x00000001950bd000 	/System/Library/Frameworks/MediaToolbox.framework/Versions/A/MediaToolbox
0x000000019bdc8000 	/System/Library/PrivateFrameworks/CoreAVCHD.framework/Versions/A/CoreAVCHD
0x000000019acf7000 	/System/Library/Frameworks/MediaAccessibility.framework/Versions/A/MediaAccessibility
0x000000019bdc4000 	/System/Library/PrivateFrameworks/Mangrove.framework/Versions/A/Mangrove
0x0000000239037000 	/System/Library/PrivateFrameworks/CMPhoto.framework/Versions/A/CMPhoto
0x000000019c591000 	/System/Library/Frameworks/CoreTelephony.framework/Versions/A/CoreTelephony
0x000000019bdb7000 	/System/Library/PrivateFrameworks/CoreAUC.framework/Versions/A/CoreAUC
0x00000002361a8000 	/System/Library/PrivateFrameworks/AppleJPEGXL.framework/Versions/A/AppleJPEGXL
0x0000000196ae8000 	/usr/lib/libTelephonyUtilDynamic.dylib
0x00000001d8782000 	/System/Library/Frameworks/CryptoKit.framework/Versions/A/CryptoKit
0x000000019f6c6000 	/System/Library/PrivateFrameworks/CryptoKitCBridging.framework/Versions/A/CryptoKitCBridging
0x000000019cbd5000 	/System/Library/Frameworks/CryptoTokenKit.framework/Versions/A/CryptoTokenKit
0x0000000241eb1000 	/System/Library/PrivateFrameworks/Dendrite.framework/Versions/A/Dendrite
0x00000001af39e000 	/System/Library/Frameworks/NaturalLanguage.framework/Versions/A/NaturalLanguage
0x000000024d5ca000 	/System/Library/PrivateFrameworks/GenerativeModels.framework/Versions/A/GenerativeModels
0x00000001ddb78000 	/usr/lib/swift/libswiftNaturalLanguage.dylib
0x0000000236d1e000 	/System/Library/PrivateFrameworks/AppleMobileFileIntegrity.framework/Versions/A/AppleMobileFileIntegrity
0x0000000285602000 	/usr/lib/libTLE.dylib
0x00000001af79d000 	/usr/lib/libmis.dylib
0x00000001e727f000 	/System/Library/PrivateFrameworks/ConfigProfileHelper.framework/Versions/A/ConfigProfileHelper
0x000000019f855000 	/System/Library/PrivateFrameworks/Espresso.framework/Versions/A/Espresso
0x000000018d4b5000 	/System/Library/Frameworks/CoreML.framework/Versions/A/CoreML
0x00000001dba35000 	/usr/lib/libedit.3.dylib
0x0000000224d70000 	/System/Library/PrivateFrameworks/ANECompiler.framework/Versions/A/ANECompiler
0x00000001a192a000 	/System/Library/PrivateFrameworks/AppleNeuralEngine.framework/Versions/A/AppleNeuralEngine
0x000000025616d000 	/System/Library/PrivateFrameworks/MIL.framework/Versions/A/MIL
0x000000022bcf3000 	/System/Library/Frameworks/MetalPerformanceShadersGraph.framework/Versions/A/MetalPerformanceShadersGraph
0x00000002568dc000 	/System/Library/PrivateFrameworks/MLCompilerServices.framework/Versions/A/MLCompilerServices
0x00000001a06a7000 	/System/Library/PrivateFrameworks/ANEServices.framework/Versions/A/ANEServices
0x00000001b4a54000 	/usr/lib/libncurses.5.4.dylib
0x0000000186962000 	/usr/lib/libsandbox.1.dylib
0x0000000193c0c000 	/usr/lib/libMatch.1.dylib
0x000000026015c000 	/System/Library/PrivateFrameworks/ODIE.framework/Versions/A/ODIE
0x0000000259569000 	/System/Library/PrivateFrameworks/MLModelAsset.framework/Versions/A/MLModelAsset
0x0000000256882000 	/System/Library/PrivateFrameworks/MLCompilerRuntime.framework/Versions/A/MLCompilerRuntime
0x00000001918e7000 	/System/Library/Frameworks/MLCompute.framework/Versions/A/MLCompute
0x0000000256804000 	/System/Library/PrivateFrameworks/MLAssetIO.framework/Versions/A/MLAssetIO
0x0000000286cfd000 	/usr/lib/swift/libswiftMLCompute.dylib
0x000000019c7ac000 	/System/Library/PrivateFrameworks/AVFCore.framework/Versions/A/AVFCore
0x00000001a5fba000 	/System/Library/PrivateFrameworks/AVFCapture.framework/Versions/A/AVFCapture
0x0000000238e2e000 	/System/Library/PrivateFrameworks/CMImaging.framework/Versions/A/CMImaging
0x00000001a61fc000 	/System/Library/PrivateFrameworks/Quagga.framework/Versions/A/Quagga
0x00000001a632d000 	/System/Library/PrivateFrameworks/CMCapture.framework/Versions/A/CMCapture
0x0000000196672000 	/System/Library/Frameworks/CoreMediaIO.framework/Versions/A/CoreMediaIO
0x0000000238d69000 	/System/Library/PrivateFrameworks/CMCaptureDevice.framework/Versions/A/CMCaptureDevice
0x0000000194047000 	/System/Library/PrivateFrameworks/CoreBrightness.framework/Versions/A/CoreBrightness
0x0000000239ef2000 	/System/Library/PrivateFrameworks/CinematicFraming.framework/Versions/A/CinematicFraming
0x000000025c644000 	/System/Library/PrivateFrameworks/ModelManagerServices.framework/Versions/A/ModelManagerServices
0x00000001ca283000 	/System/Library/PrivateFrameworks/CPMS.framework/Versions/A/CPMS
0x0000000273e91000 	/System/Library/PrivateFrameworks/SystemStatus.framework/Versions/A/SystemStatus
0x00000001ae1dc000 	/System/Library/Frameworks/CoreMotion.framework/Versions/A/CoreMotion
0x00000001be7a5000 	/System/Library/PrivateFrameworks/TimeSync.framework/Versions/A/TimeSync
0x0000000242877000 	/System/Library/PrivateFrameworks/DistributedSensing.framework/Versions/A/DistributedSensing
0x00000001b9b9c000 	/System/Library/PrivateFrameworks/MobileBluetooth.framework/Versions/A/MobileBluetooth
0x00000001c0462000 	/System/Library/PrivateFrameworks/IOKitten.framework/Versions/A/IOKitten
0x0000000236022000 	/System/Library/PrivateFrameworks/AppleIntelligenceReporting.framework/Versions/A/AppleIntelligenceReporting
0x000000019122e000 	/System/Library/PrivateFrameworks/CoreEmoji.framework/Versions/A/CoreEmoji
0x0000000183abd000 	/usr/lib/libCRFSuite.dylib
0x0000000184d9d000 	/System/Library/PrivateFrameworks/LanguageModeling.framework/Versions/A/LanguageModeling
0x000000018ff41000 	/System/Library/PrivateFrameworks/CoreNLP.framework/Versions/A/CoreNLP
0x0000000189d13000 	/System/Library/PrivateFrameworks/Montreal.framework/Versions/A/Montreal
0x000000019239e000 	/usr/lib/libcmph.dylib
0x00000001915c5000 	/usr/lib/libmecab.dylib
0x000000019250f000 	/usr/lib/libThaiTokenizer.dylib
0x000000024d6ac000 	/System/Library/PrivateFrameworks/GenerativeModelsFoundation.framework/Versions/A/GenerativeModelsFoundation
0x0000000276c6e000 	/System/Library/PrivateFrameworks/TokenGeneration.framework/Versions/A/TokenGeneration
0x000000024d480000 	/System/Library/PrivateFrameworks/GenerativeFunctions.framework/Versions/A/GenerativeFunctions
0x000000024d4ce000 	/System/Library/PrivateFrameworks/GenerativeFunctionsFoundation.framework/Versions/A/GenerativeFunctionsFoundation
0x000000025c30a000 	/System/Library/PrivateFrameworks/ModelCatalog.framework/Versions/A/ModelCatalog
0x00000002694b0000 	/System/Library/PrivateFrameworks/SensitiveContentAnalysisML.framework/Versions/A/SensitiveContentAnalysisML
0x000000024d564000 	/System/Library/PrivateFrameworks/GenerativeFunctionsInstrumentation.framework/Versions/A/GenerativeFunctionsInstrumentation
0x0000000266328000 	/System/Library/PrivateFrameworks/PromptKit.framework/Versions/A/PromptKit
0x0000000265d3f000 	/System/Library/PrivateFrameworks/ProactiveDaemonSupport.framework/Versions/A/ProactiveDaemonSupport
0x0000000276ea6000 	/System/Library/PrivateFrameworks/TokenGenerationCore.framework/Versions/A/TokenGenerationCore
0x00000001b0269000 	/System/Library/PrivateFrameworks/Trial.framework/Versions/A/Trial
0x00000001b01ea000 	/System/Library/PrivateFrameworks/TrialProto.framework/Versions/A/TrialProto
0x0000000235c4e000 	/System/Library/PrivateFrameworks/AppleFlatBuffers.framework/Versions/A/AppleFlatBuffers
0x0000000269780000 	/System/Library/PrivateFrameworks/SentencePieceInternal.framework/Versions/A/SentencePieceInternal
0x000000019ad51000 	/System/Library/Frameworks/Vision.framework/Versions/A/Vision
0x000000024103b000 	/System/Library/PrivateFrameworks/CoreSceneUnderstanding.framework/Versions/A/CoreSceneUnderstanding
0x000000027bae6000 	/System/Library/PrivateFrameworks/VisionCore.framework/Versions/A/VisionCore
0x0000000194ffa000 	/System/Library/PrivateFrameworks/DataDetectorsCore.framework/Versions/A/DataDetectorsCore
0x00000001b8b2a000 	/System/Library/Frameworks/Vision.framework/libfaceCore.dylib
0x00000001b9644000 	/System/Library/PrivateFrameworks/Futhark.framework/Versions/A/Futhark
0x00000001bd582000 	/System/Library/PrivateFrameworks/InertiaCam.framework/Versions/A/InertiaCam
0x00000001b93d1000 	/System/Library/PrivateFrameworks/TextRecognition.framework/Versions/A/TextRecognition
0x000000022990f000 	/System/Library/Frameworks/DataDetection.framework/Versions/A/DataDetection
0x00000001b35fa000 	/System/Library/PrivateFrameworks/TextInput.framework/Versions/A/TextInput
0x0000000193aa9000 	/System/Library/PrivateFrameworks/CVNLP.framework/Versions/A/CVNLP
0x00000001d5b7a000 	/System/Library/PrivateFrameworks/HIDDisplay.framework/Versions/A/HIDDisplay
0x0000000196856000 	/usr/lib/libcups.2.dylib
0x00000001968ec000 	/System/Library/Frameworks/Kerberos.framework/Versions/A/Kerberos
0x000000019655d000 	/usr/lib/libresolv.9.dylib
0x0000000193f62000 	/System/Library/PrivateFrameworks/Heimdal.framework/Versions/A/Heimdal
0x000000019f6ca000 	/System/Library/Frameworks/Kerberos.framework/Versions/A/Libraries/libHeimdalProxy.dylib
0x0000000196950000 	/System/Library/PrivateFrameworks/CommonAuth.framework/Versions/A/CommonAuth
0x00000001a85ac000 	/System/Library/PrivateFrameworks/AXCoreUtilities.framework/Versions/A/AXCoreUtilities
0x00000001b8975000 	/System/Library/PrivateFrameworks/AttributeGraph.framework/Versions/A/AttributeGraph
0x0000000285103000 	/usr/lib/libAXSafeCategoryBundle.dylib
0x000000023007e000 	/System/Library/Frameworks/TabularData.framework/Versions/A/TabularData
0x0000000236ece000 	/System/Library/PrivateFrameworks/ArgumentParserInternal.framework/Versions/A/ArgumentParserInternal
0x00000001910f0000 	/System/Library/Frameworks/Accelerate.framework/Versions/A/Frameworks/vecLib.framework/Versions/A/libvDSP.dylib
0x000000019265e000 	/System/Library/Frameworks/Accelerate.framework/Versions/A/Frameworks/vecLib.framework/Versions/A/libLAPACK.dylib
0x0000000191627000 	/System/Library/Frameworks/Accelerate.framework/Versions/A/Frameworks/vecLib.framework/Versions/A/libLinearAlgebra.dylib
0x0000000192555000 	/System/Library/Frameworks/Accelerate.framework/Versions/A/Frameworks/vecLib.framework/Versions/A/libSparseBLAS.dylib
0x0000000192659000 	/System/Library/Frameworks/Accelerate.framework/Versions/A/Frameworks/vecLib.framework/Versions/A/libQuadrature.dylib
0x0000000190068000 	/System/Library/Frameworks/Accelerate.framework/Versions/A/Frameworks/vecLib.framework/Versions/A/libBNNS.dylib
0x00000001838bb000 	/System/Library/Frameworks/Accelerate.framework/Versions/A/Frameworks/vecLib.framework/Versions/A/libSparse.dylib
0x00000002293f4000 	/System/Library/Frameworks/CoreTransferable.framework/Versions/A/CoreTransferable
0x00000001968b5000 	/System/Library/PrivateFrameworks/NetAuth.framework/Versions/A/NetAuth
0x000000018cf4a000 	/System/Library/PrivateFrameworks/login.framework/Versions/A/Frameworks/loginsupport.framework/Versions/A/loginsupport
0x00000001880e2000 	/System/Library/PrivateFrameworks/UIFoundation.framework/Versions/A/UIFoundation
0x000000019158f000 	/usr/lib/libCheckFix.dylib
0x000000018c0d0000 	/System/Library/PrivateFrameworks/MetadataUtilities.framework/Versions/A/MetadataUtilities
0x0000000251692000 	/System/Library/PrivateFrameworks/InstalledContentLibrary.framework/Versions/A/InstalledContentLibrary
0x0000000186826000 	/System/Library/PrivateFrameworks/CoreServicesStore.framework/Versions/A/CoreServicesStore
0x000000018cd95000 	/usr/lib/libapp_launch_measurement.dylib
0x00000001c30b9000 	/System/Library/PrivateFrameworks/MobileSystemServices.framework/Versions/A/MobileSystemServices
0x000000019392e000 	/usr/lib/libxslt.1.dylib
0x000000019154e000 	/System/Library/PrivateFrameworks/BackgroundTaskManagement.framework/Versions/A/BackgroundTaskManagement
0x000000019ed5c000 	/usr/lib/libcurl.4.dylib
0x0000000285e07000 	/usr/lib/libcrypto.46.dylib
0x00000002869a6000 	/usr/lib/libssl.48.dylib
0x000000019ea36000 	/System/Library/Frameworks/LDAP.framework/Versions/A/LDAP
0x000000019ea72000 	/System/Library/PrivateFrameworks/TrustEvaluationAgent.framework/Versions/A/TrustEvaluationAgent
0x000000019657a000 	/usr/lib/libsasl2.2.dylib
0x00000001a1cd9000 	/System/Library/Frameworks/Cocoa.framework/Versions/A/Cocoa
0x00000001869bf000 	/System/Library/Frameworks/AppKit.framework/Versions/C/AppKit
0x000000023ad72000 	/System/Library/PrivateFrameworks/CollectionViewCore.framework/Versions/A/CollectionViewCore
0x000000018f603000 	/System/Library/PrivateFrameworks/XCTTargetBootstrap.framework/Versions/A/XCTTargetBootstrap
0x000000019504c000 	/System/Library/PrivateFrameworks/UserActivity.framework/Versions/A/UserActivity
0x00000002447e0000 	/System/Library/PrivateFrameworks/FrontBoard.framework/Versions/A/FrontBoard
0x00000002788b6000 	/System/Library/PrivateFrameworks/UIIntelligenceSupport.framework/Versions/A/UIIntelligenceSupport
0x000000022f107000 	/System/Library/Frameworks/SwiftUICore.framework/Versions/A/SwiftUICore
0x000000027f44b000 	/System/Library/PrivateFrameworks/WritingTools.framework/Versions/A/WritingTools
0x000000027e246000 	/System/Library/PrivateFrameworks/WindowManagement.framework/Versions/A/WindowManagement
0x0000000244515000 	/System/Library/PrivateFrameworks/FocusEngine.framework/Versions/A/FocusEngine
0x0000000241f21000 	/System/Library/PrivateFrameworks/DesignLibrary.framework/Versions/A/DesignLibrary
0x000000018f5ee000 	/System/Library/PrivateFrameworks/DFRFoundation.framework/Versions/A/DFRFoundation
0x00000002797ff000 	/System/Library/PrivateFrameworks/UpdateCycle.framework/Versions/A/UpdateCycle
0x000000018f2f2000 	/System/Library/Frameworks/Carbon.framework/Versions/A/Frameworks/HIToolbox.framework/Versions/A/HIToolbox
0x000000019a617000 	/System/Library/Frameworks/Carbon.framework/Versions/A/Frameworks/SpeechRecognition.framework/Versions/A/SpeechRecognition
0x000000018cd1c000 	/System/Library/PrivateFrameworks/PerformanceAnalysis.framework/Versions/A/PerformanceAnalysis
0x000000019a9a7000 	/System/Library/Frameworks/Accessibility.framework/Versions/A/Accessibility
0x0000000230064000 	/System/Library/Frameworks/Symbols.framework/Versions/A/Symbols
0x000000024da75000 	/System/Library/PrivateFrameworks/Gestures.framework/Versions/A/Gestures
0x0000000286dce000 	/usr/lib/swift/libswiftSpatial.dylib
0x00000001ac6b1000 	/usr/lib/swift/libswiftCoreGraphics.dylib
0x000000019b3eb000 	/usr/lib/swift/libswiftFoundation.dylib
0x00000001e6c23000 	/usr/lib/swift/libswiftSwiftOnoneSupport.dylib
0x0000000287054000 	/usr/lib/swift/libswiftsys_time.dylib
0x00000001d1864000 	/System/Library/PrivateFrameworks/CoreMaterial.framework/Versions/A/CoreMaterial
0x00000002855ff000 	/usr/lib/libSpatial.dylib
0x0000000285020000 	/System/Library/SubFrameworks/UIUtilities.framework/Versions/A/UIUtilities
0x000000010a380000 	/opt/homebrew/Cellar/openjdk/24.0.1/libexec/openjdk.jdk/Contents/Home/lib/server/libjvm.dylib
0x0000000104724000 	/opt/homebrew/Cellar/openjdk/24.0.1/libexec/openjdk.jdk/Contents/Home/lib/libjimage.dylib
0x0000000104784000 	/opt/homebrew/Cellar/openjdk/24.0.1/libexec/openjdk.jdk/Contents/Home/lib/libjdwp.dylib
0x0000000104754000 	/opt/homebrew/Cellar/openjdk/24.0.1/libexec/openjdk.jdk/Contents/Home/lib/libinstrument.dylib
0x0000000104800000 	/opt/homebrew/Cellar/openjdk/24.0.1/libexec/openjdk.jdk/Contents/Home/lib/libjava.dylib
0x00000002850f5000 	/usr/lib/i18n/libiconv_std.dylib
0x00000002850eb000 	/usr/lib/i18n/libUTF8.dylib
0x00000002850f9000 	/usr/lib/i18n/libmapper_646.dylib
0x00000001047e8000 	/opt/homebrew/Cellar/openjdk/24.0.1/libexec/openjdk.jdk/Contents/Home/lib/libdt_socket.dylib
0x0000000104e08000 	/opt/homebrew/Cellar/openjdk/24.0.1/libexec/openjdk.jdk/Contents/Home/lib/libzip.dylib
0x0000000109574000 	/opt/homebrew/Cellar/openjdk/24.0.1/libexec/openjdk.jdk/Contents/Home/lib/libnio.dylib
0x0000000109594000 	/opt/homebrew/Cellar/openjdk/24.0.1/libexec/openjdk.jdk/Contents/Home/lib/libnet.dylib
0x0000000104ad0000 	/opt/homebrew/Cellar/openjdk/24.0.1/libexec/openjdk.jdk/Contents/Home/lib/libextnet.dylib

JVMTI agents:
jdwp path:none, loaded, initialized, options:transport=dt_socket,suspend=y,address=localhost:63390
/Applications/Eclipse.app/Contents/Eclipse/configuration/org.eclipse.osgi/1364/0/.cp/lib/javaagent-shaded.jar path:none, loaded, initialized, instrumentlib options:none


VM Arguments:
jvm_args: -XX:+ShowCodeDetailsInExceptionMessages -agentlib:jdwp=transport=dt_socket,suspend=y,address=localhost:63390 -ea -Dargs=-p 3100 -javaagent:/Applications/Eclipse.app/Contents/Eclipse/configuration/org.eclipse.osgi/1364/0/.cp/lib/javaagent-shaded.jar -Dfile.encoding=UTF-8 -Dstdout.encoding=UTF-8 -Dstderr.encoding=UTF-8 
java_command: org.eclipse.jdt.internal.junit.runner.RemoteTestRunner -version 3 -port 63389 -testLoaderClass org.eclipse.jdt.internal.junit5.runner.JUnit5TestLoader -loaderpluginname org.eclipse.jdt.junit5.runtime -packageNameFile /var/folders/yp/vsk2hvbj4ns130jp7p3vd50r0000gp/T/packageNames1335319766525361927.txt
java_class_path (initial): /Users/tfaulkes/Programming/Aerospike/git/aerospike-client-java-sdk/client/target/test-classes:/Users/tfaulkes/Programming/Aerospike/git/aerospike-client-java-sdk/client/target/classes:/Users/tfaulkes/.m2/repository/org/mindrot/jbcrypt/0.4/jbcrypt-0.4.jar:/Users/tfaulkes/.m2/repository/org/yaml/snakeyaml/2.6/snakeyaml-2.6.jar:/Users/tfaulkes/.m2/repository/org/bouncycastle/bcprov-jdk18on/1.84/bcprov-jdk18on-1.84.jar:/Users/tfaulkes/.m2/repository/org/junit/jupiter/junit-jupiter-api/6.0.0/junit-jupiter-api-6.0.0.jar:/Users/tfaulkes/.m2/repository/org/opentest4j/opentest4j/1.3.0/opentest4j-1.3.0.jar:/Users/tfaulkes/.m2/repository/org/junit/platform/junit-platform-commons/6.0.0/junit-platform-commons-6.0.0.jar:/Users/tfaulkes/.m2/repository/org/apiguardian/apiguardian-api/1.1.2/apiguardian-api-1.1.2.jar:/Users/tfaulkes/.m2/repository/org/jspecify/jspecify/1.0.0/jspecify-1.0.0.jar:/Users/tfaulkes/.m2/repository/org/junit/jupiter/junit-jupiter-engine/6.0.0/junit-jupiter-engine-6.0.0.jar:/Users/tfaulkes/.m2/repository/org/junit/platform/junit-platform-engine/6.0.0/junit-platform-engine-6.0.0.jar:/Users/tfaulkes/.m2/repository/org/junit/platform/junit-platform-suite/6.0.0/junit-platform-suite-6.0.0.jar:/Users/tfaulkes/.m2/repository/org/junit/platform/junit-platform-suite-api/6.0.0/junit-platform-suite-api-6.0.0.jar:/Users/tfaulkes/.m2/repository/org/junit/platform/junit-platform-suite-engine/6.0.0/junit-platform-suite-engine-6.0.0.jar:/Users/tfaulkes/.m2/repository/org/junit/platform/junit-platform-launcher/6.0.0/junit-platform-launcher-6.0.0.jar:/Users/tfaulkes/.m2/repository/org/assertj/assertj-core/3.27.7/assertj-core-3.27.7.jar:/Users/tfaulkes/.m2/repository/net/bytebuddy/byte-buddy/1.18.3/byte-buddy-1.18.3.jar:/Users/tfaulkes/.m2/repository/org/antlr/antlr4-runtime/4.13.2/antlr4-runtime-4.13.2.jar:/Users/tfaulkes/.m2/repository/org/projectlombok/lombok/1.18.42/lombok-1.18.42.jar:/Users/tfaulkes/.m2/repository/commons-cli/commons-cli/1.11.0/commons-cli-1.11.0.jar:/Applications/Eclipse.app/Contents/Eclipse/configuration/org.eclipse.osgi/1363/0/.cp:/Applications/Eclipse.app/Contents/Eclipse/configuration/org.eclipse.osgi/1361/0/.cp
Launcher Type: SUN_STANDARD

[Global flags]
     intx CICompilerCount                          = 4                                         {product} {ergonomic}
     uint ConcGCThreads                            = 2                                         {product} {ergonomic}
     uint G1ConcRefinementThreads                  = 9                                         {product} {ergonomic}
   size_t G1HeapRegionSize                         = 8388608                                   {product} {ergonomic}
   size_t InitialHeapSize                          = 1073741824                                {product} {ergonomic}
   size_t MarkStackSize                            = 4194304                                   {product} {ergonomic}
   size_t MarkStackSizeMax                         = 536870912                                 {product} {ergonomic}
   size_t MaxHeapSize                              = 17179869184                               {product} {ergonomic}
   size_t MaxNewSize                               = 10301210624                               {product} {ergonomic}
   size_t MinHeapDeltaBytes                        = 8388608                                   {product} {ergonomic}
   size_t MinHeapSize                              = 8388608                                   {product} {ergonomic}
    uintx NonNMethodCodeHeapSize                   = 5832704                                {pd product} {ergonomic}
    uintx NonProfiledCodeHeapSize                  = 122929152                              {pd product} {ergonomic}
    uintx ProfiledCodeHeapSize                     = 122896384                              {pd product} {ergonomic}
    uintx ReservedCodeCacheSize                    = 251658240                              {pd product} {ergonomic}
     bool SegmentedCodeCache                       = true                                      {product} {ergonomic}
     bool ShowCodeDetailsInExceptionMessages       = true                                   {manageable} {command line}
   size_t SoftMaxHeapSize                          = 17179869184                            {manageable} {ergonomic}
     bool UseCompressedOops                        = true                           {product lp64_product} {ergonomic}
     bool UseG1GC                                  = true                                      {product} {ergonomic}
     bool UseNUMA                                  = false                                     {product} {ergonomic}
     bool UseNUMAInterleaving                      = false                                     {product} {ergonomic}

Logging:
Log output configuration:
 #0: stdout all=warning uptime,level,tags foldmultilines=false
 #1: stderr all=off uptime,level,tags foldmultilines=false

Environment Variables:
PATH=/usr/bin:/bin:/usr/sbin:/sbin
SHELL=/bin/zsh
TMPDIR=/var/folders/yp/vsk2hvbj4ns130jp7p3vd50r0000gp/T/

Active Locale:
LC_ALL=C
LC_COLLATE=C
LC_CTYPE=C
LC_MESSAGES=C
LC_MONETARY=C
LC_NUMERIC=C
LC_TIME=C

Signal Handlers:
   SIGSEGV: crash_handler in libjvm.dylib, mask=11100110000111110111111111111111, flags=SA_ONSTACK|SA_RESTART|SA_SIGINFO, unblocked
    SIGBUS: crash_handler in libjvm.dylib, mask=11100110000111110111111111111111, flags=SA_RESTART|SA_SIGINFO, unblocked
    SIGFPE: crash_handler in libjvm.dylib, mask=11100110000111110111111111111111, flags=SA_RESTART|SA_SIGINFO, unblocked
   SIGPIPE: javaSignalHandler in libjvm.dylib, mask=11100110000111110111111111111111, flags=SA_RESTART|SA_SIGINFO, blocked
   SIGXFSZ: javaSignalHandler in libjvm.dylib, mask=11100110000111110111111111111111, flags=SA_RESTART|SA_SIGINFO, blocked
    SIGILL: crash_handler in libjvm.dylib, mask=11100110000111110111111111111111, flags=SA_RESTART|SA_SIGINFO, unblocked
   SIGUSR2: SR_handler in libjvm.dylib, mask=00000000000000000000000000000000, flags=SA_RESTART|SA_SIGINFO, blocked
    SIGHUP: UserHandler in libjvm.dylib, mask=11100110000111110111111111111111, flags=SA_RESTART|SA_SIGINFO, blocked
    SIGINT: UserHandler in libjvm.dylib, mask=11100110000111110111111111111111, flags=SA_RESTART|SA_SIGINFO, blocked
   SIGTERM: UserHandler in libjvm.dylib, mask=11100110000111110111111111111111, flags=SA_RESTART|SA_SIGINFO, blocked
   SIGQUIT: UserHandler in libjvm.dylib, mask=11100110000111110111111111111111, flags=SA_RESTART|SA_SIGINFO, blocked
   SIGTRAP: crash_handler in libjvm.dylib, mask=11100110000111110111111111111111, flags=SA_RESTART|SA_SIGINFO, unblocked


Periodic native trim disabled

---------------  S Y S T E M  ---------------

OS:
uname: Darwin 25.5.0 Darwin Kernel Version 25.5.0: Mon Apr 27 20:38:56 PDT 2026; root:xnu-12377.121.6~2/RELEASE_ARM64_T6000 arm64
OS uptime: 3 days 10:32 hours
rlimit (soft/hard): STACK 8176k/65520k , CORE 0k/infinity , NPROC 10666/16000 , NOFILE 1048576/infinity , AS infinity/infinity , CPU infinity/infinity , DATA infinity/infinity , FSIZE infinity/infinity , MEMLOCK infinity/infinity , RSS infinity/infinity
load average: 14.81 8.64 5.19

CPU: total 10 (initial active 10) 0x61:0x0:0x1b588bb3:0, fp, asimd, aes, pmull, sha1, sha256, crc32, lse, sha3, sha512
machdep.cpu.brand_string:Apple M1 Max
hw.cachelinesize:128
hw.l1icachesize:131072
hw.l1dcachesize:65536
hw.l2cachesize:4194304

Memory: 16k page, physical 67108864k(1162672k free), swap 0k(0k free)

vm_info: OpenJDK 64-Bit Server VM (24.0.1) for bsd-aarch64 JRE (24.0.1), built on 2025-03-05T07:19:53Z with clang Apple LLVM 15.0.0 (clang-1500.1.0.2.5)

END.
