#
# A fatal error has been detected by the Java Runtime Environment:
#
#  SIGSEGV (0xb) at pc=0x00000001199712b8, pid=91013, tid=5891
#
# JRE version: OpenJDK Runtime Environment Homebrew (24.0.1) (build 24.0.1)
# Java VM: OpenJDK 64-Bit Server VM Homebrew (24.0.1, mixed mode, sharing, tiered, compressed oops, compressed class ptrs, g1 gc, bsd-aarch64)
# Problematic frame:
# j  java.lang.invoke.LambdaForm$DMH+0x00003ff001001400.invokeVirtual(Ljava/lang/Object;Ljava/lang/Object;)V+10 java.base@24.0.1
#
# No core dump will be written. Core dumps have been disabled. To enable core dumping, try "ulimit -c unlimited" before starting Java again
#
# If you would like to submit a bug report, please visit:
#   https://github.com/Homebrew/homebrew-core/issues
#

---------------  S U M M A R Y ------------

Command Line: -XX:+ShowCodeDetailsInExceptionMessages -agentlib:jdwp=transport=dt_socket,suspend=y,address=localhost:59937 -ea -Dargs=-p 3100 -javaagent:/Applications/Eclipse.app/Contents/Eclipse/configuration/org.eclipse.osgi/1364/0/.cp/lib/javaagent-shaded.jar -Dfile.encoding=UTF-8 -Dstdout.encoding=UTF-8 -Dstderr.encoding=UTF-8 org.eclipse.jdt.internal.junit.runner.RemoteTestRunner -version 3 -port 59936 -testLoaderClass org.eclipse.jdt.internal.junit5.runner.JUnit5TestLoader -loaderpluginname org.eclipse.jdt.junit5.runtime -packageNameFile /var/folders/yp/vsk2hvbj4ns130jp7p3vd50r0000gp/T/packageNames14777167649501669003.txt

Host: "MacBookPro18,2" arm64, 10 cores, 64G, Darwin 25.5.0, macOS 26.5.1 (25F80)
Time: Thu Jun 18 17:03:22 2026 AEST elapsed time: 299.986764 seconds (0d 0h 4m 59s)

---------------  T H R E A D  ---------------

Current thread (0x000000010365b6d0):  JavaThread "main"             [_thread_in_Java, id=5891, stack(0x000000016d188000,0x000000016d38b000) (2060K)]

Stack: [0x000000016d188000,0x000000016d38b000],  sp=0x000000016d387700,  free space=2045k
Native frames: (J=compiled Java code, j=interpreted, Vv=VM code, C=native code)
j  java.lang.invoke.LambdaForm$DMH+0x00003ff001001400.invokeVirtual(Ljava/lang/Object;Ljava/lang/Object;)V+10 java.base@24.0.1
J 5428 c1 java.lang.invoke.LambdaForm$MH+0x00003ff00120c400.invoke(Ljava/lang/Object;Ljava/lang/Object;)Ljava/lang/Object; java.base@24.0.1 (36 bytes) @ 0x0000000112ca5830 [0x0000000112ca5700+0x0000000000000130]
J 7332 c1 jdk.internal.reflect.DirectMethodHandleAccessor.invoke(Ljava/lang/Object;[Ljava/lang/Object;)Ljava/lang/Object; java.base@24.0.1 (92 bytes) @ 0x000000011303bec8 [0x000000011303a700+0x00000000000017c8]
J 6296 c1 org.junit.platform.commons.util.ReflectionUtils.invokeMethod(Ljava/lang/reflect/Method;Ljava/lang/Object;[Ljava/lang/Object;)Ljava/lang/Object; (55 bytes) @ 0x0000000112e347c4 [0x0000000112e32f80+0x0000000000001844]
J 5840 c1 org.junit.jupiter.engine.execution.MethodInvocation.proceed()Ljava/lang/Object; (22 bytes) @ 0x0000000112d63254 [0x0000000112d63080+0x00000000000001d4]
J 6838 c1 org.junit.jupiter.engine.execution.InvocationInterceptorChain$ValidatingInvocation.proceed()Ljava/lang/Object; (14 bytes) @ 0x0000000112f4c9ec [0x0000000112f4bfc0+0x0000000000000a2c]
J 7028 c1 org.junit.jupiter.engine.extension.TimeoutExtension.intercept(Lorg/junit/jupiter/api/extension/InvocationInterceptor$Invocation;Lorg/junit/jupiter/api/extension/ReflectiveInvocationContext;Lorg/junit/jupiter/api/extension/ExtensionContext;Lorg/junit/jupiter/engine/extension/TimeoutDuration;Lorg/junit/jupiter/engine/extension/TimeoutExtension$TimeoutProvider;)Ljava/lang/Object; (59 bytes) @ 0x0000000112faeefc [0x0000000112fae880+0x000000000000067c]
J 5837 c1 org.junit.jupiter.engine.extension.TimeoutExtension.interceptTestableMethod(Lorg/junit/jupiter/api/extension/InvocationInterceptor$Invocation;Lorg/junit/jupiter/api/extension/ReflectiveInvocationContext;Lorg/junit/jupiter/api/extension/ExtensionContext;Lorg/junit/jupiter/engine/extension/TimeoutExtension$TimeoutProvider;)Ljava/lang/Object; (35 bytes) @ 0x0000000112d61d88 [0x0000000112d61b40+0x0000000000000248]
J 5836 c1 org.junit.jupiter.engine.extension.TimeoutExtension.interceptTestMethod(Lorg/junit/jupiter/api/extension/InvocationInterceptor$Invocation;Lorg/junit/jupiter/api/extension/ReflectiveInvocationContext;Lorg/junit/jupiter/api/extension/ExtensionContext;)V (14 bytes) @ 0x0000000112d618d8 [0x0000000112d61800+0x00000000000000d8]
J 5835 c1 org.junit.jupiter.engine.descriptor.TestMethodTestDescriptor$$Lambda+0x00003ff001101b40.apply(Lorg/junit/jupiter/api/extension/InvocationInterceptor;Lorg/junit/jupiter/api/extension/InvocationInterceptor$Invocation;Lorg/junit/jupiter/api/extension/ReflectiveInvocationContext;Lorg/junit/jupiter/api/extension/ExtensionContext;)V (11 bytes) @ 0x0000000112d615b8 [0x0000000112d614c0+0x00000000000000f8]
J 7032 c1 org.junit.jupiter.engine.execution.InterceptingExecutableInvoker$ReflectiveInterceptorCall.lambda$ofVoidMethod$0(Lorg/junit/jupiter/engine/execution/InterceptingExecutableInvoker$ReflectiveInterceptorCall$VoidMethodInterceptorCall;Lorg/junit/jupiter/api/extension/InvocationInterceptor;Lorg/junit/jupiter/api/extension/InvocationInterceptor$Invocation;Lorg/junit/jupiter/api/extension/ReflectiveInvocationContext;Lorg/junit/jupiter/api/extension/ExtensionContext;)Ljava/lang/Void; (13 bytes) @ 0x0000000112fb094c [0x0000000112fb0800+0x000000000000014c]
J 5833 c1 org.junit.jupiter.engine.execution.InterceptingExecutableInvoker$ReflectiveInterceptorCall$$Lambda+0x00003ff0011ff450.apply(Lorg/junit/jupiter/api/extension/InvocationInterceptor;Lorg/junit/jupiter/api/extension/InvocationInterceptor$Invocation;Lorg/junit/jupiter/api/extension/ReflectiveInvocationContext;Lorg/junit/jupiter/api/extension/ExtensionContext;)Ljava/lang/Object; (13 bytes) @ 0x0000000112d60f60 [0x0000000112d60e80+0x00000000000000e0]
J 5832 c1 org.junit.jupiter.engine.execution.InterceptingExecutableInvoker.lambda$invoke$0(Lorg/junit/jupiter/engine/execution/InterceptingExecutableInvoker$ReflectiveInterceptorCall;Lorg/junit/jupiter/api/extension/ReflectiveInvocationContext;Lorg/junit/jupiter/api/extension/ExtensionContext;Lorg/junit/jupiter/api/extension/InvocationInterceptor;Lorg/junit/jupiter/api/extension/InvocationInterceptor$Invocation;)Ljava/lang/Object; (12 bytes) @ 0x0000000112d60c60 [0x0000000112d60bc0+0x00000000000000a0]
J 5831 c1 org.junit.jupiter.engine.execution.InterceptingExecutableInvoker$$Lambda+0x00003ff0011ffb68.apply(Lorg/junit/jupiter/api/extension/InvocationInterceptor;Lorg/junit/jupiter/api/extension/InvocationInterceptor$Invocation;)Ljava/lang/Object; (18 bytes) @ 0x0000000112d609ac [0x0000000112d608c0+0x00000000000000ec]
J 6836 c2 org.junit.jupiter.engine.execution.InvocationInterceptorChain$InterceptedInvocation.proceed()Ljava/lang/Object; (18 bytes) @ 0x000000011a0f5244 [0x000000011a0f51c0+0x0000000000000084]
J 6839 c1 org.junit.jupiter.engine.execution.InvocationInterceptorChain.chainAndInvoke(Lorg/junit/jupiter/api/extension/InvocationInterceptor$Invocation;Lorg/junit/jupiter/engine/execution/InvocationInterceptorChain$InterceptorCall;Ljava/util/List;)Ljava/lang/Object; (37 bytes) @ 0x0000000112f4d4fc [0x0000000112f4d100+0x00000000000003fc]
J 6837 c1 org.junit.jupiter.engine.execution.InvocationInterceptorChain.invoke(Lorg/junit/jupiter/api/extension/InvocationInterceptor$Invocation;Lorg/junit/jupiter/engine/extension/ExtensionRegistry;Lorg/junit/jupiter/engine/execution/InvocationInterceptorChain$InterceptorCall;)Ljava/lang/Object; (35 bytes) @ 0x0000000112f4b958 [0x0000000112f4b280+0x00000000000006d8]
J 5829 c1 org.junit.jupiter.engine.execution.InterceptingExecutableInvoker.invoke(Lorg/junit/jupiter/api/extension/InvocationInterceptor$Invocation;Lorg/junit/jupiter/api/extension/ReflectiveInvocationContext;Lorg/junit/jupiter/api/extension/ExtensionContext;Lorg/junit/jupiter/engine/extension/ExtensionRegistry;Lorg/junit/jupiter/engine/execution/InterceptingExecutableInvoker$ReflectiveInterceptorCall;)Ljava/lang/Object; (19 bytes) @ 0x0000000112d60204 [0x0000000112d60080+0x0000000000000184]
J 5825 c1 org.junit.jupiter.engine.execution.InterceptingExecutableInvoker.invoke(Ljava/lang/reflect/Method;Ljava/lang/Object;Lorg/junit/jupiter/api/extension/ExtensionContext;Lorg/junit/jupiter/engine/extension/ExtensionRegistry;Lorg/junit/jupiter/engine/execution/InterceptingExecutableInvoker$ReflectiveInterceptorCall;)Ljava/lang/Object; (63 bytes) @ 0x0000000112d5ef0c [0x0000000112d5ec40+0x00000000000002cc]
J 5716 c1 org.junit.jupiter.engine.execution.InterceptingExecutableInvoker.invokeVoid(Ljava/lang/reflect/Method;Ljava/lang/Object;Lorg/junit/jupiter/api/extension/ExtensionContext;Lorg/junit/jupiter/engine/extension/ExtensionRegistry;Lorg/junit/jupiter/engine/execution/InterceptingExecutableInvoker$ReflectiveInterceptorCall$VoidMethodInterceptorCall;)V (16 bytes) @ 0x0000000112d150a0 [0x0000000112d14f80+0x0000000000000120]
J 5714 c1 org.junit.jupiter.engine.descriptor.TestMethodTestDescriptor.lambda$invokeTestMethod$0(Lorg/junit/jupiter/api/extension/ExtensionContext;Lorg/junit/jupiter/engine/execution/JupiterEngineExecutionContext;)V (50 bytes) @ 0x0000000112d14530 [0x0000000112d14380+0x00000000000001b0]
J 5713 c1 org.junit.jupiter.engine.descriptor.TestMethodTestDescriptor$$Lambda+0x00003ff0011fefc8.execute()V (16 bytes) @ 0x0000000112d14094 [0x0000000112d13fc0+0x00000000000000d4]
J 5711 c1 org.junit.jupiter.engine.descriptor.TestMethodTestDescriptor.invokeTestMethod(Lorg/junit/jupiter/engine/execution/JupiterEngineExecutionContext;Lorg/junit/platform/engine/support/hierarchical/Node$DynamicTestExecutor;)V (25 bytes) @ 0x0000000112d13650 [0x0000000112d13440+0x0000000000000210]
J 5589 c1 org.junit.jupiter.engine.descriptor.TestMethodTestDescriptor.execute(Lorg/junit/jupiter/engine/execution/JupiterEngineExecutionContext;Lorg/junit/platform/engine/support/hierarchical/Node$DynamicTestExecutor;)Lorg/junit/jupiter/engine/execution/JupiterEngineExecutionContext; (64 bytes) @ 0x0000000112ce3090 [0x0000000112ce2ec0+0x00000000000001d0]
J 5588 c1 org.junit.jupiter.engine.descriptor.TestMethodTestDescriptor.execute(Lorg/junit/platform/engine/support/hierarchical/EngineExecutionContext;Lorg/junit/platform/engine/support/hierarchical/Node$DynamicTestExecutor;)Lorg/junit/platform/engine/support/hierarchical/EngineExecutionContext; (10 bytes) @ 0x0000000112ce2ba8 [0x0000000112ce2ac0+0x00000000000000e8]
J 5793 c1 org.junit.platform.engine.support.hierarchical.NodeTestTask.lambda$executeRecursively$2(Lorg/junit/platform/engine/support/hierarchical/ThrowableCollector;)V (136 bytes) @ 0x0000000112d4ba2c [0x0000000112d4b500+0x000000000000052c]
J 5792 c1 org.junit.platform.engine.support.hierarchical.NodeTestTask$$Lambda+0x00003ff0011ec380.execute()V (12 bytes) @ 0x0000000112d4b088 [0x0000000112d4afc0+0x00000000000000c8]
J 5788 c1 org.junit.platform.engine.support.hierarchical.Node.around(Lorg/junit/platform/engine/support/hierarchical/EngineExecutionContext;Lorg/junit/platform/engine/support/hierarchical/Node$Invocation;)V (8 bytes) @ 0x0000000112d484c4 [0x0000000112d48300+0x00000000000001c4]
J 5654 c1 org.junit.platform.engine.support.hierarchical.NodeTestTask$$Lambda+0x00003ff0011ebf10.execute()V (12 bytes) @ 0x0000000112cfaa1c [0x0000000112cfa840+0x00000000000001dc]
J 5652 c1 org.junit.platform.engine.support.hierarchical.NodeTestTask.executeRecursively()V (38 bytes) @ 0x0000000112cf9f78 [0x0000000112cf9dc0+0x00000000000001b8]
J 7119 c1 org.junit.platform.engine.support.hierarchical.NodeTestTask.execute()V (167 bytes) @ 0x0000000112fd37dc [0x0000000112fd1e40+0x000000000000199c]
J 5216 c1 org.junit.platform.engine.support.hierarchical.SameThreadHierarchicalTestExecutorService$$Lambda+0x00003ff0011f1e08.accept(Ljava/lang/Object;)V (10 bytes) @ 0x0000000112c601e4 [0x0000000112c600c0+0x0000000000000124]
J 6370 c2 java.util.ArrayList.forEach(Ljava/util/function/Consumer;)V java.base@24.0.1 (74 bytes) @ 0x000000011a0bbd68 [0x000000011a0bbc80+0x00000000000000e8]
J 5793 c1 org.junit.platform.engine.support.hierarchical.NodeTestTask.lambda$executeRecursively$2(Lorg/junit/platform/engine/support/hierarchical/ThrowableCollector;)V (136 bytes) @ 0x0000000112d4bb84 [0x0000000112d4b500+0x0000000000000684]
J 5792 c1 org.junit.platform.engine.support.hierarchical.NodeTestTask$$Lambda+0x00003ff0011ec380.execute()V (12 bytes) @ 0x0000000112d4b088 [0x0000000112d4afc0+0x00000000000000c8]
J 5788 c1 org.junit.platform.engine.support.hierarchical.Node.around(Lorg/junit/platform/engine/support/hierarchical/EngineExecutionContext;Lorg/junit/platform/engine/support/hierarchical/Node$Invocation;)V (8 bytes) @ 0x0000000112d484c4 [0x0000000112d48300+0x00000000000001c4]
J 5654 c1 org.junit.platform.engine.support.hierarchical.NodeTestTask$$Lambda+0x00003ff0011ebf10.execute()V (12 bytes) @ 0x0000000112cfaa1c [0x0000000112cfa840+0x00000000000001dc]
J 5652 c1 org.junit.platform.engine.support.hierarchical.NodeTestTask.executeRecursively()V (38 bytes) @ 0x0000000112cf9f78 [0x0000000112cf9dc0+0x00000000000001b8]
J 7119 c1 org.junit.platform.engine.support.hierarchical.NodeTestTask.execute()V (167 bytes) @ 0x0000000112fd37dc [0x0000000112fd1e40+0x000000000000199c]
J 5216 c1 org.junit.platform.engine.support.hierarchical.SameThreadHierarchicalTestExecutorService$$Lambda+0x00003ff0011f1e08.accept(Ljava/lang/Object;)V (10 bytes) @ 0x0000000112c601e4 [0x0000000112c600c0+0x0000000000000124]
j  java.util.ArrayList.forEach(Ljava/util/function/Consumer;)V+46 java.base@24.0.1
J 5793 c1 org.junit.platform.engine.support.hierarchical.NodeTestTask.lambda$executeRecursively$2(Lorg/junit/platform/engine/support/hierarchical/ThrowableCollector;)V (136 bytes) @ 0x0000000112d4bb84 [0x0000000112d4b500+0x0000000000000684]
J 5792 c1 org.junit.platform.engine.support.hierarchical.NodeTestTask$$Lambda+0x00003ff0011ec380.execute()V (12 bytes) @ 0x0000000112d4b088 [0x0000000112d4afc0+0x00000000000000c8]
J 5788 c1 org.junit.platform.engine.support.hierarchical.Node.around(Lorg/junit/platform/engine/support/hierarchical/EngineExecutionContext;Lorg/junit/platform/engine/support/hierarchical/Node$Invocation;)V (8 bytes) @ 0x0000000112d484c4 [0x0000000112d48300+0x00000000000001c4]
J 5654 c1 org.junit.platform.engine.support.hierarchical.NodeTestTask$$Lambda+0x00003ff0011ebf10.execute()V (12 bytes) @ 0x0000000112cfaa1c [0x0000000112cfa840+0x00000000000001dc]
J 5652 c1 org.junit.platform.engine.support.hierarchical.NodeTestTask.executeRecursively()V (38 bytes) @ 0x0000000112cf9f78 [0x0000000112cf9dc0+0x00000000000001b8]
J 7119 c1 org.junit.platform.engine.support.hierarchical.NodeTestTask.execute()V (167 bytes) @ 0x0000000112fd37dc [0x0000000112fd1e40+0x000000000000199c]
j  org.junit.platform.engine.support.hierarchical.SameThreadHierarchicalTestExecutorService.submit(Lorg/junit/platform/engine/support/hierarchical/HierarchicalTestExecutorService$TestTask;)Ljava/util/concurrent/Future;+1
j  org.junit.platform.engine.support.hierarchical.HierarchicalTestExecutor.execute()Ljava/util/concurrent/Future;+8
j  org.junit.platform.engine.support.hierarchical.HierarchicalTestEngine.execute(Lorg/junit/platform/engine/ExecutionRequest;)V+31
j  org.junit.platform.launcher.core.EngineExecutionOrchestrator.executeEngine(Lorg/junit/platform/engine/TestDescriptor;Lorg/junit/platform/engine/EngineExecutionListener;Lorg/junit/platform/engine/ConfigurationParameters;Lorg/junit/platform/engine/TestEngine;Lorg/junit/platform/engine/OutputDirectoryCreator;Lorg/junit/platform/launcher/core/DiscoveryIssueNotifier;Lorg/junit/platform/engine/support/store/NamespacedHierarchicalStore;Lorg/junit/platform/engine/CancellationToken;)V+26
j  org.junit.platform.launcher.core.EngineExecutionOrchestrator.failOrExecuteEngine(Lorg/junit/platform/launcher/core/LauncherDiscoveryResult;Lorg/junit/platform/engine/EngineExecutionListener;Lorg/junit/platform/engine/TestEngine;Lorg/junit/platform/engine/support/store/NamespacedHierarchicalStore;Lorg/junit/platform/engine/CancellationToken;)V+177
j  org.junit.platform.launcher.core.EngineExecutionOrchestrator.execute(Lorg/junit/platform/launcher/core/LauncherDiscoveryResult;Lorg/junit/platform/engine/EngineExecutionListener;Lorg/junit/platform/engine/support/store/NamespacedHierarchicalStore;Lorg/junit/platform/engine/CancellationToken;)V+70
j  org.junit.platform.launcher.core.EngineExecutionOrchestrator.execute(Lorg/junit/platform/launcher/core/InternalTestPlan;Lorg/junit/platform/engine/EngineExecutionListener;Lorg/junit/platform/launcher/TestExecutionListener;Lorg/junit/platform/engine/support/store/NamespacedHierarchicalStore;Lorg/junit/platform/engine/CancellationToken;)V+59
j  org.junit.platform.launcher.core.EngineExecutionOrchestrator.lambda$execute$0(Lorg/junit/platform/launcher/core/InternalTestPlan;Lorg/junit/platform/engine/support/store/NamespacedHierarchicalStore;Lorg/junit/platform/engine/CancellationToken;Lorg/junit/platform/launcher/TestExecutionListener;)V+9
j  org.junit.platform.launcher.core.EngineExecutionOrchestrator$$Lambda+0x00003ff0011de090.accept(Ljava/lang/Object;)V+20
j  org.junit.platform.launcher.core.EngineExecutionOrchestrator.withInterceptedStreams(Lorg/junit/platform/engine/ConfigurationParameters;Lorg/junit/platform/launcher/core/ListenerRegistry;Ljava/util/function/Consumer;)V+51
j  org.junit.platform.launcher.core.EngineExecutionOrchestrator.execute(Lorg/junit/platform/launcher/core/InternalTestPlan;Lorg/junit/platform/engine/support/store/NamespacedHierarchicalStore;Ljava/util/Collection;Lorg/junit/platform/engine/CancellationToken;)V+28
j  org.junit.platform.launcher.core.DefaultLauncher.execute(Lorg/junit/platform/launcher/core/InternalTestPlan;Ljava/util/Collection;Lorg/junit/platform/engine/CancellationToken;)V+15
j  org.junit.platform.launcher.core.DefaultLauncher.execute(Lorg/junit/platform/launcher/LauncherExecutionRequest;)V+42
j  org.junit.platform.launcher.core.DefaultLauncher.execute(Lorg/junit/platform/launcher/TestPlan;[Lorg/junit/platform/launcher/TestExecutionListener;)V+14
j  org.junit.platform.launcher.core.DelegatingLauncher.execute(Lorg/junit/platform/launcher/TestPlan;[Lorg/junit/platform/launcher/TestExecutionListener;)V+6
j  org.junit.platform.launcher.core.InterceptingLauncher.lambda$execute$1(Lorg/junit/platform/launcher/TestPlan;[Lorg/junit/platform/launcher/TestExecutionListener;)Ljava/lang/Object;+3
j  org.junit.platform.launcher.core.InterceptingLauncher$$Lambda+0x00003ff0011dd0f8.proceed()Ljava/lang/Object;+12
j  org.junit.platform.launcher.core.ClasspathAlignmentCheckingLauncherInterceptor.intercept(Lorg/junit/platform/launcher/LauncherInterceptor$Invocation;)Ljava/lang/Object;+1
j  org.junit.platform.launcher.core.InterceptingLauncher.execute(Lorg/junit/platform/launcher/TestPlan;[Lorg/junit/platform/launcher/TestExecutionListener;)V+12
j  org.junit.platform.launcher.core.DelegatingLauncher.execute(Lorg/junit/platform/launcher/TestPlan;[Lorg/junit/platform/launcher/TestExecutionListener;)V+6
j  org.junit.platform.launcher.core.SessionPerRequestLauncher.execute(Lorg/junit/platform/launcher/TestPlan;[Lorg/junit/platform/launcher/TestExecutionListener;)V+13
j  org.eclipse.jdt.internal.junit5.runner.JUnit5TestReference.run(Lorg/eclipse/jdt/internal/junit/runner/TestExecution;)V+77
j  org.eclipse.jdt.internal.junit.runner.TestExecution.run([Lorg/eclipse/jdt/internal/junit/runner/ITestReference;)V+27
j  org.eclipse.jdt.internal.junit.runner.RemoteTestRunner.runTests([Ljava/lang/String;Ljava/lang/String;Lorg/eclipse/jdt/internal/junit/runner/TestExecution;)V+62
j  org.eclipse.jdt.internal.junit.runner.RemoteTestRunner.runTests(Lorg/eclipse/jdt/internal/junit/runner/TestExecution;)V+10
j  org.eclipse.jdt.internal.junit.runner.RemoteTestRunner.run()V+70
j  org.eclipse.jdt.internal.junit.runner.RemoteTestRunner.main([Ljava/lang/String;)V+14
v  ~StubRoutines::call_stub 0x0000000119958114
V  [libjvm.dylib+0x3e20e0]  JavaCalls::call_helper(JavaValue*, methodHandle const&, JavaCallArguments*, JavaThread*)+0x264
V  [libjvm.dylib+0x44cbb4]  jni_invoke_static(JNIEnv_*, JavaValue*, _jobject*, JNICallType, _jmethodID*, JNI_ArgumentPusher*, JavaThread*)+0xc4
V  [libjvm.dylib+0x44f7b0]  jni_CallStaticVoidMethod+0xcc
C  [libjli.dylib+0x9250]  JavaMain+0x788
C  [libjli.dylib+0xbb08]  ThreadJavaMain+0xc
C  [libsystem_pthread.dylib+0x6c58]  _pthread_start+0x88

siginfo: si_signo: 11 (SIGSEGV), si_code: 2 (SEGV_ACCERR), si_addr: 0xfffffffffffffffe

Registers:
 x0=0x0000000138402610  x1=0x0000000fffffc118  x2=0x00000001384023f8  x3=0x0000000000000002
 x4=0xfffffffffffffff6  x5=0x00000000000000a0  x6=0x0000000000000000  x7=0x0000000000000000
 x8=0x000000016d387730  x9=0x0000000000000009 x10=0x0000000000000001 x11=0x0000000000000002
x12=0x00000001381406f8 x13=0x0000000000000d00 x14=0x000000000000c800 x15=0x0000000000000000
x16=0x0000000187836a1c x17=0x0000000103658610 x18=0x0000000000000000 x19=0x00003ff0001e02f8
x20=0x000000016d387728 x21=0x0000000109585670 x22=0x0000000138402272 x23=0x0000007000848880
x24=0x000000016d3877a0 x25=0x0000000000000038 x26=0x0000000138402428 x27=0x0000007000000000
x28=0x000000010365b6d0  fp=0x000000016d387780  lr=0x000000011995d074  sp=0x000000016d387700
pc=0x00000001199712b8 cpsr=0x0000000020001000

Register to memory mapping:

x0 =0x0000000138402610 is pointing into metadata
x1 =0x0000000fffffc118 points into unknown readable memory: 0x2010002030100000 | 00 00 10 30 20 00 10 20
x2 =0x00000001384023f8 is pointing into metadata
x3 =0x0000000000000002 is an unknown value
x4 =0xfffffffffffffff6 is an unknown value
x5 =0x00000000000000a0 is an unknown value
x6 =0x0 is null
x7 =0x0 is null
x8 =0x000000016d387730 is pointing into the stack for thread: 0x000000010365b6d0
x9 =0x0000000000000009 is an unknown value
x10=0x0000000000000001 is an unknown value
x11=0x0000000000000002 is an unknown value
x12={method} {0x00000001381406f8} 'linkToVirtual' '(Ljava/lang/Object;Ljava/lang/invoke/MemberName;)V' in 'java/lang/invoke/MethodHandle'
x13=0x0000000000000d00 is an unknown value
x14=0x000000000000c800 is an unknown value
x15=0x0 is null
x16=0x0000000187836a1c: pthread_jit_write_protect_np+0 in /usr/lib/system/libsystem_pthread.dylib at 0x000000018782f000
x17=0x0000000103658610 points into unknown readable memory: 0x00000000ffffffff | ff ff ff ff 00 00 00 00
x18=0x0 is null
x19=0x00003ff0001e02f8 is a pointer to class: 
java.lang.invoke.MethodHandle {0x00003ff0001e02f8}
 - instance size:     4
 - klass size:        109
 - access:            public synchronized abstract 
 - flags:             rewritten has_nonstatic_fields is_shared_boot_class has_localvariable_table has_final_method has_resolved_methods 
 - state:             fully_initialized
 - name:              'java/lang/invoke/MethodHandle'
 - super:             'java/lang/Object'
 - sub:               'java/lang/invoke/DelegatingMethodHandle'   'java/lang/invoke/BoundMethodHandle'   'java/lang/invoke/DirectMethodHandle'   
 - arrays:            'java/lang/invoke/MethodHandle'[]
 - methods:           Array<T>(0x00003ff0007b28f8)
 - method ordering:   Array<T>(0x00003ff00065e870)
 - local interfaces:  Array<T>(0x00003ff0007b11b0)
 - trans. interfaces: Array<T>(0x00003ff0007b11b0)
 - secondary supers: Array<T>(0x00003ff0007b11b0)
 - hash_slot:         40
 - secondary bitmap: 0x8000000000000000
 - constants:         constant pool [734] {0x00003ff0007b11c0} for 'java/lang/invoke/MethodHandle' cache=0x00003ff0004597b0
 - class loader data:  loader data: 0x0000000ad14690e0 of 'bootstrap'
 - source file:       'MethodHandle.java'
 - inner classes:     Array<T>(0x00003ff00065e838)
 - nest members:     Array<T>(0x00003ff00065e9b0)
 - permitted subclasses:     Array<T>(0x00003ff00065e9c0)
 - java mirror:       a 'java/lang/Class'{0x00000070008149a0} = 'java/lang/invoke/MethodHandle'
 - vtable length      43  (start addr: 0x00003ff0001e04d8)
 - itable length      5 (start addr: 0x00003ff0001e0630)
 - ---- static fields (3 words):
 - private static final 'FORM_OFFSET' 'J' @112 
 - private static final 'UPDATE_OFFSET' 'J' @120 
 - static final synthetic '$assertionsDisabled' 'Z' @128 
 - ---- non-static fields (5 words):
 - private 'customizationCount' 'B' @12 
 - private volatile 'updateInProgress' 'Z' @13 
 - private final 'type' 'Ljava/lang/invoke/MethodType;' @16 
 - final 'form' 'Ljava/lang/invoke/LambdaForm;' @20 
 - private 'asTypeCache' 'Ljava/lang/invoke/MethodHandle;' @24 
 - private 'asTypeSoftCache' 'Ljava/lang/ref/SoftReference;' @28 
 - non-static oop maps: 16-28 
x20=0x000000016d387728 is pointing into the stack for thread: 0x000000010365b6d0
x21=0x0000000109585670: _ZN19TemplateInterpreter13_active_tableE+0 in /opt/homebrew/Cellar/openjdk/24.0.1/libexec/openjdk.jdk/Contents/Home/lib/server/libjvm.dylib at 0x0000000108a20000
x22=0x0000000138402272 is pointing into metadata
x23=0x0000007000848880 is an oop: java.lang.invoke.MethodType 
{0x0000007000848880} - klass: 'java/lang/invoke/MethodType' - flags: 

 - ---- fields (total size 5 words):
 - private final 'rtype' 'Ljava/lang/Class;' @12  a 'java/lang/Class'{0x000000700080ba90} = void (0x00101752)
 - private final 'ptypes' '[Ljava/lang/Class;' @16  a 'java/lang/Class'[0] {0x00000070008006f8} (0x001000df)
 - private 'form' 'Ljava/lang/invoke/MethodTypeForm;' @20  a 'java/lang/invoke/MethodTypeForm'{0x00000070008488a8} (0x00109115)
 - private 'wrapAlt' 'Ljava/lang/Object;' @24  null (0x00000000)
 - private 'invokers' 'Ljava/lang/invoke/Invokers;' @28  a 'java/lang/invoke/Invokers'{0x00000070033a2158} (0x0067442b)
 - private 'methodDescriptor' 'Ljava/lang/String;' @32  null (0x00000000)
 - signature: ()V
x24=0x000000016d3877a0 is pointing into the stack for thread: 0x000000010365b6d0
x25=0x0000000000000038 is an unknown value
x26=0x0000000138402428 is pointing into metadata
x27=0x0000007000000000 is an unknown value
x28=0x000000010365b6d0 is a thread
 fp=0x000000016d387780 is pointing into the stack for thread: 0x000000010365b6d0
 lr=0x000000011995d074 is at code_begin+3764 in an Interpreter codelet
return entry points  [0x000000011995c1c0, 0x000000011995db88]  6600 bytes
 sp=0x000000016d387700 is pointing into the stack for thread: 0x000000010365b6d0

Top of Stack: (sp=0x000000016d387700)
0x000000016d387700:   000000016d387780 0000000119977ac0   .w8m.....z......
0x000000016d387710:   000000016d387740 0000000000000038   @w8m....8.......
0x000000016d387720:   0000000138bb13e8 000000703cdadb90   ...8.......<p...
0x000000016d387730:   fffffffffffffff6 0000000138402272   ........r"@8....
0x000000016d387740:   0000000000000004 0000000138402428   ........($@8....
0x000000016d387750:   0000007000800428 fffffffffffffff0   (...p...........
0x000000016d387760:   0000000138402610 0000000138402280   .&@8....."@8....
0x000000016d387770:   0000000000000000 000000016d3877b0   .........w8m....
0x000000016d387780:   000000703cdb0c80 0000000112ca5938   ...<p...8Y......
0x000000016d387790:   000000703cdb0e78 000000703cdadb90   x..<p......<p...
0x000000016d3877a0:   000000703cdb1000 0000000112ca5938   ...<p...8Y......
0x000000016d3877b0:   000000703cdb1290 0000007000ab6bf8   ...<p....k..p...
0x000000016d3877c0:   000000703cdb1268 000000703cdb1268   h..<p...h..<p...
0x000000016d3877d0:   000000703cdadb90 000000703cdb1188   ...<p......<p...
0x000000016d3877e0:   000000703cdb1000 000000703cdadb90   ...<p......<p...
0x000000016d3877f0:   0000000112ca5830 000000700095cac0   0X..........p...
0x000000016d387800:   000000703cdb0c80 000000011303cac0   ...<p...........
0x000000016d387810:   000000703cdb0c80 000000011308d03c   ...<p...<.......
0x000000016d387820:   00003ff001208238 000000010365b6d0   8. ..?....e.....
0x000000016d387830:   0000000100000000 0000007000ab6bf8   .........k..p...
0x000000016d387840:   0000007000ab6570 000000703cdb1268   pe..p...h..<p...
0x000000016d387850:   000000010365b6d0 00003ff001208238   ..e.....8. ..?..
0x000000016d387860:   0000000000000001 000000016d3878a0   .........x8m....
0x000000016d387870:   000000016d387890 0000000108f98930   .x8m....0.......
0x000000016d387880:   0000000000000001 000000010365b6d0   ..........e.....
0x000000016d387890:   000000703cdb0c80 0000000112c65c24   ...<p...$\......
0x000000016d3878a0:   0000007000ab6bf8 0000007000ab6570   .k..p...pe..p...
0x000000016d3878b0:   0000007000ab6570 000000703cdb1290   pe..p......<p...
0x000000016d3878c0:   000000703cdb0a00 000000703cdadb90   ...<p......<p...
0x000000016d3878d0:   000000010365b6d0 0000007000000000   ..e.........p...
0x000000016d3878e0:   000000703cdb0c80 0000000113114640   ...<p...@F......
0x000000016d3878f0:   000000016d387bb0 000000703cdb1268   .{8m....h..<p...

Instructions: (pc=0x00000001199712b8)
  0x00000001199711b8:   00 00 1f d6 88 07 40 f9 a8 00 00 b4 08 08 90 d2
  0x00000001199711c8:   a8 32 a3 f2 28 00 c0 f2 00 01 1f d6 b6 e3 7b a9
  0x00000001199711d8:   b8 6f 38 8b c3 12 40 78 e2 07 7d b2 63 7c 02 9b
  0x00000001199711e8:   42 1f 40 f9 42 20 00 91 42 60 23 8b 53 00 40 f9
  0x00000001199711f8:   73 06 40 f9 73 06 40 f9 73 0e 40 f9 68 02 05 91
  0x0000000119971208:   08 fd df 08 1f 11 00 f1 80 00 00 54 68 a6 40 f9
  0x0000000119971218:   9f 03 08 eb a1 f7 ff 54 43 54 40 39 4c 00 40 f9
  0x0000000119971228:   b6 83 1b f8 49 50 40 39 08 6f 95 d2 08 2b a1 f2
  0x0000000119971238:   28 00 c0 f2 1e 79 69 f8 a0 03 5e f8 e0 00 00 b4
  0x0000000119971248:   08 04 40 f9 08 05 00 b1 42 00 00 54 08 04 00 f9
  0x0000000119971258:   00 40 00 91 a0 03 1e f8 a0 03 5e f8 80 0a 00 b4
  0x0000000119971268:   08 00 5f 38 1f 29 00 f1 21 0a 00 54 04 00 40 f9
  0x0000000119971278:   84 00 00 d1 9f 08 00 f1 08 20 00 91 2b 09 00 54
  0x0000000119971288:   84 05 40 f9 84 5c 40 79 08 04 40 f9 84 00 08 cb
  0x0000000119971298:   84 04 00 d1 88 6e 24 8b 04 01 40 f9 a4 00 00 b5
  0x00000001199712a8:   08 08 40 f9 08 01 40 b2 08 08 00 f9 15 00 00 14
=>0x00000001199712b8:   84 08 40 b9 84 24 5c d2 08 08 40 f9 84 00 08 ca
  0x00000001199712c8:   9f f4 7e f2 e0 01 00 54 c4 01 08 37 88 01 00 b4
  0x00000001199712d8:   1f 05 00 f1 40 01 00 54 84 00 08 ca 08 08 40 f9
  0x00000001199712e8:   84 00 08 ca 9f f4 7e f2 c0 00 00 54 08 08 40 f9
  0x00000001199712f8:   08 01 7f b2 08 08 00 f9 02 00 00 14 04 08 00 f9
  0x0000000119971308:   04 00 40 f9 84 08 00 d1 9f 08 00 f1 08 60 00 91
  0x0000000119971318:   8b 04 00 54 84 05 40 f9 84 5c 40 79 08 0c 40 f9
  0x0000000119971328:   84 00 08 cb 84 04 00 d1 88 6e 24 8b 04 01 40 f9
  0x0000000119971338:   a4 00 00 b5 08 10 40 f9 08 01 40 b2 08 10 00 f9
  0x0000000119971348:   15 00 00 14 84 08 40 b9 84 24 5c d2 08 10 40 f9
  0x0000000119971358:   84 00 08 ca 9f f4 7e f2 e0 01 00 54 c4 01 08 37
  0x0000000119971368:   88 01 00 b4 1f 05 00 f1 40 01 00 54 84 00 08 ca
  0x0000000119971378:   08 10 40 f9 84 00 08 ca 9f f4 7e f2 c0 00 00 54
  0x0000000119971388:   08 10 40 f9 08 01 7f b2 08 10 00 f9 02 00 00 14
  0x0000000119971398:   04 10 00 f9 04 00 40 f9 84 10 00 d1 08 a0 00 91
  0x00000001199713a8:   e0 03 08 aa 00 0c 04 8b a0 03 1e f8 f3 03 00 91


Stack slot to memory mapping:

stack at sp + 0 slots: 0x000000016d387780 is pointing into the stack for thread: 0x000000010365b6d0
stack at sp + 1 slots: 0x0000000119977ac0 is at code_begin+0 in an Interpreter codelet
deoptimization entry points  [0x0000000119977ac0, 0x000000011997a448]  10632 bytes
stack at sp + 2 slots: 0x000000016d387740 is pointing into the stack for thread: 0x000000010365b6d0
stack at sp + 3 slots: 0x0000000000000038 is an unknown value
stack at sp + 4 slots: 0x0000000138bb13e8 is pointing into metadata
stack at sp + 5 slots: 0x000000703cdadb90 is an oop: com.aerospike.client.sdk.CdtMapKeyValueReadOrderTest 
{0x000000703cdadb90} - klass: 'com/aerospike/client/sdk/CdtMapKeyValueReadOrderTest' - flags: 

 - ---- fields (total size 2 words):
stack at sp + 6 slots: 0xfffffffffffffff6 is an unknown value
stack at sp + 7 slots: 0x0000000138402272 is pointing into metadata

Lock stack of current Java thread (top to bottom):

invokestatic  184 invokestatic  [0x00000001199710c0, 0x00000001199713e0]  800 bytes
[MachCode]
  0x00000001199710c0: 808e 1ff8 | 0900 0014 | 808e 1fbc | 0700 0014 | 800e 1ffc | 0500 0014 | 9f8e 1ff8 | 808e 1ff8 
  0x00000001199710e0: 0200 0014 | 808e 1ff8 | c312 4078 | e207 7db2 | 637c 029b | 421f 40f9 | 4220 0091 | 4260 238b 
  0x0000000119971100: 5358 0091 | 73fe df08 | 7fe2 02f1 | 4007 0054 | 1317 80d2 | e103 13aa | b683 1bf8 | e003 1caa 
  0x0000000119971120: 2801 0010 | 88db 01f9 | 94d7 01f9 | 9ddf 01f9 | e833 bfa9 | 88ea 92d2 | e81b a1f2 | 2800 c0f2 
  0x0000000119971140: 0001 3fd6 | e833 c1a8 | feff ff10 | 9fd7 01f9 | 9fdf 01f9 | 9fdb 01f9 | 8837 45b9 | 2801 0036 
  0x0000000119971160: 0801 0837 | e833 bfa9 | 8888 9cd2 | c81b a1f2 | 2800 c0f2 | 0001 3fd6 | e833 c1a8 | 0000 1fd6 
  0x0000000119971180: 88ef 42f9 | c801 00b4 | 089d 40b9 | 1f05 0071 | 6101 0054 | 88ef 42f9 | 08a1 40b9 | e003 08aa 
  0x00000001199711a0: e833 bfa9 | 08fa 9cd2 | c81b a1f2 | 2800 c0f2 | 0001 3fd6 | e833 c1a8 | 0000 1fd6 | 8807 40f9 
  0x00000001199711c0: a800 00b4 | 0808 90d2 | a832 a3f2 | 2800 c0f2 | 0001 1fd6 | b6e3 7ba9 | b86f 388b | c312 4078 
  0x00000001199711e0: e207 7db2 | 637c 029b | 421f 40f9 | 4220 0091 | 4260 238b | 5300 40f9 | 7306 40f9 | 7306 40f9 
  0x0000000119971200: 730e 40f9 | 6802 0591 | 08fd df08 | 1f11 00f1 | 8000 0054 | 68a6 40f9 | 9f03 08eb | a1f7 ff54 
  0x0000000119971220: 4354 4039 | 4c00 40f9 | b683 1bf8 | 4950 4039 | 086f 95d2 | 082b a1f2 | 2800 c0f2 | 1e79 69f8 
  0x0000000119971240: a003 5ef8 | e000 00b4 | 0804 40f9 | 0805 00b1 | 4200 0054 | 0804 00f9 | 0040 0091 | a003 1ef8 
  0x0000000119971260: a003 5ef8 | 800a 00b4 | 0800 5f38 | 1f29 00f1 | 210a 0054 | 0400 40f9 | 8400 00d1 | 9f08 00f1 
  0x0000000119971280: 0820 0091 | 2b09 0054 | 8405 40f9 | 845c 4079 | 0804 40f9 | 8400 08cb | 8404 00d1 | 886e 248b 
  0x00000001199712a0: 0401 40f9 | a400 00b5 | 0808 40f9 | 0801 40b2 | 0808 00f9 | 1500 0014 | 8408 40b9 | 8424 5cd2 
  0x00000001199712c0: 0808 40f9 | 8400 08ca | 9ff4 7ef2 | e001 0054 | c401 0837 | 8801 00b4 | 1f05 00f1 | 4001 0054 
  0x00000001199712e0: 8400 08ca | 0808 40f9 | 8400 08ca | 9ff4 7ef2 | c000 0054 | 0808 40f9 | 0801 7fb2 | 0808 00f9 
  0x0000000119971300: 0200 0014 | 0408 00f9 | 0400 40f9 | 8408 00d1 | 9f08 00f1 | 0860 0091 | 8b04 0054 | 8405 40f9 
  0x0000000119971320: 845c 4079 | 080c 40f9 | 8400 08cb | 8404 00d1 | 886e 248b | 0401 40f9 | a400 00b5 | 0810 40f9 
  0x0000000119971340: 0801 40b2 | 0810 00f9 | 1500 0014 | 8408 40b9 | 8424 5cd2 | 0810 40f9 | 8400 08ca | 9ff4 7ef2 
  0x0000000119971360: e001 0054 | c401 0837 | 8801 00b4 | 1f05 00f1 | 4001 0054 | 8400 08ca | 0810 40f9 | 8400 08ca 
  0x0000000119971380: 9ff4 7ef2 | c000 0054 | 0810 40f9 | 0801 7fb2 | 0810 00f9 | 0200 0014 | 0410 00f9 | 0400 40f9 
  0x00000001199713a0: 8410 00d1 | 08a0 0091 | e003 08aa | 000c 048b | a003 1ef8 | f303 0091 | 8802 1dcb | 08fd 4393 
  0x00000001199713c0: a803 1ff8 | 88e3 45b9 | 6800 0034 | 881d 40f9 | 0001 1fd6 | 8829 40f9 | 0001 1fd6 | 1f20 03d5 
[/MachCode]

Compiled method (c1) 300003 5428       2       java.lang.invoke.LambdaForm$MH/0x00003ff00120c400::invoke (36 bytes)
 total in heap  [0x0000000112ca55c8,0x0000000112ca5970] = 936
 relocation     [0x0000000112ca56a0,0x0000000112ca5700] = 96
 main code      [0x0000000112ca5700,0x0000000112ca58c0] = 448
 stub code      [0x0000000112ca58c0,0x0000000112ca5940] = 128
 oops           [0x0000000112ca5940,0x0000000112ca5948] = 8
 metadata       [0x0000000112ca5948,0x0000000112ca5970] = 40
 immutable data [0x0000000ad1930900,0x0000000ad1930a60] = 352
 dependencies   [0x0000000ad1930900,0x0000000ad1930908] = 8
 nul chk table  [0x0000000ad1930908,0x0000000ad1930928] = 32
 scopes pcs     [0x0000000ad1930928,0x0000000ad19309d8] = 176
 scopes data    [0x0000000ad19309d8,0x0000000ad1930a60] = 136

[Constant Pool (empty)]

[MachCode]
[Verified Entry Point]
  # {method} {0x0000000138f88ab0} 'invoke' '(Ljava/lang/Object;Ljava/lang/Object;)Ljava/lang/Object;' in 'java/lang/invoke/LambdaForm$MH+0x00003ff00120c400'
  # parm0:    c_rarg1:c_rarg1 
                        = 'java/lang/Object'
  # parm1:    c_rarg2:c_rarg2 
                        = 'java/lang/Object'
  #           [sp+0x60]  (sp of caller)
  0x0000000112ca5700: 1f20 03d5 | e953 40d1 | 3f01 00f9 | ff83 01d1 | fd7b 05a9 | 2801 0018 | 8923 40b9 | 1f01 09eb 
  0x0000000112ca5720: e000 0054 

  0x0000000112ca5724: ;   {runtime_call StubRoutines (final stubs)}
  0x0000000112ca5724: 0800 99d2 | 2833 a3f2 | 2800 c0f2 | 0001 3fd6 | 0200 0014 | 1900 0000 | 009e 91d2 | 001f a7f2 
  0x0000000112ca5744: 2000 c0f2 | 0300 40b9 | 6308 0011 | 0300 00b9 | 6328 1f12 | 7f00 0071 | e007 0054 | 2101 00b4 
  0x0000000112ca5764: ;   {metadata('java/lang/invoke/BoundMethodHandle$Species_LL')}
  0x0000000112ca5764: 04e7 98d2 | a406 a0f2 | 04fe c7f2 | 2808 40b9 | 0825 5cd2 | 1f01 04eb | e107 0054 | 0100 0014 
  0x0000000112ca5784: e003 01aa | e00f 00f9 

  0x0000000112ca578c: ; implicit exception: dispatches to 0x0000000112ca5880
  0x0000000112ca578c: 0324 40b9 | 4300 00b4 | 630f 038b | 4301 00b4 

  0x0000000112ca579c: ;   {metadata('java/lang/invoke/MethodHandle')}
  0x0000000112ca579c: 055f 80d2 | c503 a0f2 | 05fe c7f2 | 6608 40b9 | c624 5cd2 | c81c 40f9 | bf00 08eb | 6106 0054 
  0x0000000112ca57bc: 0100 0014 | e103 03aa 

  0x0000000112ca57c4: ; implicit exception: dispatches to 0x0000000112ca588c
  0x0000000112ca57c4: 3f00 40f9 | e403 02aa | e203 04aa | e40f 02a9 

  0x0000000112ca57d4: ; ImmutableOopMap {[24]=Oop [32]=Oop [40]=Oop }
                      ;*invokevirtual invokeBasic {reexecute=0 rethrow=0 return_oop=0}
                      ; - java.lang.invoke.LambdaForm$MH/0x00003ff00120c400::invoke@15
                      ;   {optimized virtual_call}
  0x0000000112ca57d4: 4b12 c995 

  0x0000000112ca57d8: ;   {post_call_nop}
  0x0000000112ca57d8: 1f20 03d5 | 1f42 80f2 | 1f00 80f2 | e30f 40f9 | 6420 40b9 | 4400 00b4 | 640f 048b | 4401 00b4 
  0x0000000112ca57f8: ;   {metadata('java/lang/invoke/MethodHandle')}
  0x0000000112ca57f8: 055f 80d2 | c503 a0f2 | 05fe c7f2 | 8608 40b9 | c624 5cd2 | c81c 40f9 | bf00 08eb | e103 0054 
  0x0000000112ca5818: 0100 0014 | e103 04aa 

  0x0000000112ca5820: ; implicit exception: dispatches to 0x0000000112ca5898
  0x0000000112ca5820: 3f00 40f9 | e203 00aa | e403 03a9 

  0x0000000112ca582c: ; ImmutableOopMap {[24]=Oop [32]=Oop [40]=Oop [48]=Oop [56]=Oop }
                      ;*invokevirtual invokeBasic {reexecute=0 rethrow=0 return_oop=0}
                      ; - java.lang.invoke.LambdaForm$MH/0x00003ff00120c400::invoke@31
                      ;   {optimized virtual_call}
  0x0000000112ca582c: 95f4 cc95 

  0x0000000112ca5830: ;   {post_call_nop}
  0x0000000112ca5830: 1f20 03d5 | 1f4d 80f2 | 1f20 80f2 | e003 1faa | fd7b 45a9 | ff83 0191 

  0x0000000112ca5848: ;   {poll_return}
  0x0000000112ca5848: 8817 40f9 | ff63 28eb | 6802 0054 | c003 5fd6 

  0x0000000112ca5858: ;   {metadata({method} {0x0000000138f88ab0} 'invoke' '(Ljava/lang/Object;Ljava/lang/Object;)Ljava/lang/Object;' in 'java/lang/invoke/LambdaForm$MH+0x00003ff00120c400')}
  0x0000000112ca5858: 0856 91d2 | 081f a7f2 | 2800 c0f2 | e807 00f9 | 0800 8092 | e803 00f9 

  0x0000000112ca5870: ; ImmutableOopMap {c_rarg1=Oop c_rarg2=Oop }
                      ;*synchronization entry
                      ; - java.lang.invoke.LambdaForm$MH/0x00003ff00120c400::invoke@-1
                      ;   {runtime_call C1 Runtime counter_overflow_blob}
  0x0000000112ca5870: 4422 b795 | bbff ff17 | e803 01aa 

  0x0000000112ca587c: ; ImmutableOopMap {c_rarg1=Oop c_rarg2=Oop }
                      ;*checkcast {reexecute=0 rethrow=0 return_oop=0}
                      ; - java.lang.invoke.LambdaForm$MH/0x00003ff00120c400::invoke@1
                      ;   {runtime_call C1 Runtime throw_class_cast_exception_blob}
  0x0000000112ca587c: 211c b795 

  0x0000000112ca5880: ; ImmutableOopMap {c_rarg2=Oop c_rarg0=Oop [24]=Oop }
                      ;*getfield argL1 {reexecute=1 rethrow=0 return_oop=0}
                      ; - (reexecute) java.lang.invoke.LambdaForm$MH/0x00003ff00120c400::invoke@6
                      ;   {runtime_call C1 Runtime throw_null_pointer_exception_blob}
  0x0000000112ca5880: 0017 b795 | e803 03aa 

  0x0000000112ca5888: ; ImmutableOopMap {c_rarg2=Oop c_rarg0=Oop c_rarg3=Oop [24]=Oop }
                      ;*checkcast {reexecute=0 rethrow=0 return_oop=0}
                      ; - java.lang.invoke.LambdaForm$MH/0x00003ff00120c400::invoke@11
                      ;   {runtime_call C1 Runtime throw_class_cast_exception_blob}
  0x0000000112ca5888: 1e1c b795 

  0x0000000112ca588c: ; ImmutableOopMap {c_rarg2=Oop c_rarg0=Oop c_rarg3=Oop c_rarg1=Oop [24]=Oop }
                      ;*invokevirtual invokeBasic {reexecute=0 rethrow=0 return_oop=0}
                      ; - java.lang.invoke.LambdaForm$MH/0x00003ff00120c400::invoke@15
                      ;   {runtime_call C1 Runtime throw_null_pointer_exception_blob}
  0x0000000112ca588c: fd16 b795 | e803 04aa 

  0x0000000112ca5894: ; ImmutableOopMap {c_rarg0=Oop c_rarg3=Oop c_rarg4=Oop [24]=Oop [32]=Oop [40]=Oop }
                      ;*checkcast {reexecute=0 rethrow=0 return_oop=0}
                      ; - java.lang.invoke.LambdaForm$MH/0x00003ff00120c400::invoke@27
                      ;   {runtime_call C1 Runtime throw_class_cast_exception_blob}
  0x0000000112ca5894: 1b1c b795 

  0x0000000112ca5898: ; ImmutableOopMap {c_rarg0=Oop c_rarg3=Oop c_rarg4=Oop c_rarg1=Oop [24]=Oop [32]=Oop [40]=Oop }
                      ;*invokevirtual invokeBasic {reexecute=0 rethrow=0 return_oop=0}
                      ; - java.lang.invoke.LambdaForm$MH/0x00003ff00120c400::invoke@31
                      ;   {runtime_call C1 Runtime throw_null_pointer_exception_blob}
  0x0000000112ca5898: fa16 b795 

  0x0000000112ca589c: ;   {internal_word}
  0x0000000112ca589c: 68fd ff10 | 8833 02f9 

  0x0000000112ca58a4: ;   {runtime_call SafepointBlob}
  0x0000000112ca58a4: 77d0 b315 | 8087 42f9 | 9f87 02f9 | 9f8b 02f9 | fd7b 45a9 | ff83 0191 

  0x0000000112ca58bc: ;   {runtime_call C1 Runtime unwind_exception_blob}
  0x0000000112ca58bc: 0115 b715 
[Stub Code]
  0x0000000112ca58c0: ;   {no_reloc}
  0x0000000112ca58c0: 4800 0058 | 0001 1fd6 | 00a1 ee19 | 0100 0000 

  0x0000000112ca58d0: ;   {trampoline_stub}
  0x0000000112ca58d0: 4800 0058 | 0001 1fd6 | 802a fe19 | 0100 0000 

  0x0000000112ca58e0: ;   {static_stub}
  0x0000000112ca58e0: df3f 03d5 

  0x0000000112ca58e4: ;   {metadata(nullptr)}
  0x0000000112ca58e4: 0c00 80d2 | 0c00 a0f2 | 0c00 c0f2 | 0800 80d2 | 0800 a0f2 | 0800 c0f2 | 0001 1fd6 

  0x0000000112ca5900: ;   {static_stub}
  0x0000000112ca5900: df3f 03d5 

  0x0000000112ca5904: ;   {metadata(nullptr)}
  0x0000000112ca5904: 0c00 80d2 | 0c00 a0f2 | 0c00 c0f2 | 0800 80d2 | 0800 a0f2 | 0800 c0f2 | 0001 1fd6 
[Exception Handler]
  0x0000000112ca5920: ;   {runtime_call C1 Runtime handle_exception_from_callee_blob}
  0x0000000112ca5920: 381b b795 | c1d5 bbd4 | fd59 3b09 | 0100 0000 
[Deopt Handler Code]
  0x0000000112ca5930: 1e00 0010 

  0x0000000112ca5934: ;   {runtime_call DeoptimizationBlob}
  0x0000000112ca5934: d3d0 b315 
[Deopt MH Handler Code]
  0x0000000112ca5938: 1e00 0010 

  0x0000000112ca593c: ;   {runtime_call DeoptimizationBlob}
  0x0000000112ca593c: d1d0 b315 
[/MachCode]


Compiled method (c1) 300006 7332   !   3       jdk.internal.reflect.DirectMethodHandleAccessor::invoke (92 bytes)
 total in heap  [0x000000011303a1c8,0x000000011303cc28] = 10848
 relocation     [0x000000011303a2a0,0x000000011303a6d8] = 1080
 main code      [0x000000011303a700,0x000000011303c7a8] = 8360
 stub code      [0x000000011303c7a8,0x000000011303cac8] = 800
 oops           [0x000000011303cac8,0x000000011303caf8] = 48
 metadata       [0x000000011303caf8,0x000000011303cc28] = 304
 immutable data [0x0000000acdae8c00,0x0000000acdae9c10] = 4112
 dependencies   [0x0000000acdae8c00,0x0000000acdae8c20] = 32
 nul chk table  [0x0000000acdae8c20,0x0000000acdae8c98] = 120
 handler table  [0x0000000acdae8c98,0x0000000acdae9358] = 1728
 scopes pcs     [0x0000000acdae9358,0x0000000acdae9818] = 1216
 scopes data    [0x0000000acdae9818,0x0000000acdae9c10] = 1016

[Constant Pool (empty)]

[MachCode]
[Instructions begin]
  0x000000011303a700: 1f20 03d5 | 1f20 03d5 | 1f20 03d5 | 1f20 03d5 | 1f20 03d5 | 1f20 03d5 | 1f20 03d5 | 1f20 03d5 
  0x000000011303a720: 1f20 03d5 | 1f20 03d5 | 1f20 03d5 
[Entry Point]
  # {method} {0x00003ff0002a5db0} 'invoke' '(Ljava/lang/Object;[Ljava/lang/Object;)Ljava/lang/Object;' in 'jdk/internal/reflect/DirectMethodHandleAccessor'
  # this:     c_rarg1:c_rarg1 
                        = 'jdk/internal/reflect/DirectMethodHandleAccessor'
  # parm0:    c_rarg2:c_rarg2 
                        = 'java/lang/Object'
  # parm1:    c_rarg3:c_rarg3 
                        = '[Ljava/lang/Object;'
  #           [sp+0x160]  (sp of caller)
  0x000000011303a72c: 2808 40b9 | 2a09 40b9 | 1f01 0a6b | 4000 0054 

  0x000000011303a73c: ;   {runtime_call Shared Runtime ic_miss_blob}
  0x000000011303a73c: e162 a515 
[Verified Entry Point]
  0x000000011303a740: 1f20 03d5 | e953 40d1 | 3f01 00f9 | ff83 05d1 | fd7b 15a9 | 2801 0018 | 8923 40b9 | 1f01 09eb 
  0x000000011303a760: e000 0054 

  0x000000011303a764: ;   {runtime_call StubRoutines (final stubs)}
  0x000000011303a764: 0800 99d2 | 2833 a3f2 | 2800 c0f2 | 0001 3fd6 | 0200 0014 | 1900 0000 | e157 00f9 | e30b 0ba9 
  0x000000011303a784: ;   {metadata(method data for {method} {0x00003ff0002a5db0} 'invoke' '(Ljava/lang/Object;[Ljava/lang/Object;)Ljava/lang/Object;' in 'jdk/internal/reflect/DirectMethodHandleAccessor')}
  0x000000011303a784: 0045 84d2 | 8023 a7f2 | 2000 c0f2 | 04ac 40b9 | 8408 0011 | 04ac 00b9 | 8424 1f12 | 9f00 0071 
  0x000000011303a7a4: 00e5 0054 | e003 01aa 

  0x000000011303a7ac: ;   {metadata(method data for {method} {0x00003ff0002a5db0} 'invoke' '(Ljava/lang/Object;[Ljava/lang/Object;)Ljava/lang/Object;' in 'jdk/internal/reflect/DirectMethodHandleAccessor')}
  0x000000011303a7ac: 0445 84d2 | 8423 a7f2 | 2400 c0f2 | 8878 40f9 | 0805 0091 | 8878 00f9 

  0x000000011303a7c4: ;   {metadata(method data for {method} {0x00003ff000441230} 'isStatic' '()Z' in 'jdk/internal/reflect/DirectMethodHandleAccessor')}
  0x000000011303a7c4: 00a7 84d2 | 8023 a7f2 | 2000 c0f2 | 04ac 40b9 | 8408 0011 | 04ac 00b9 | 844c 1f12 | 9f00 0071 
  0x000000011303a7e4: 00e4 0054 | 2010 40b9 | 0000 1712 | 1f00 0871 

  0x000000011303a7f4: ;   {metadata(method data for {method} {0x00003ff000441230} 'isStatic' '()Z' in 'jdk/internal/reflect/DirectMethodHandleAccessor')}
  0x000000011303a7f4: 00a7 84d2 | 8023 a7f2 | 2000 c0f2 | e80f 7cb2 | e903 78b2 | 0411 899a | 0568 64f8 | a504 0091 
  0x000000011303a814: 0568 24f8 | 2101 0054 

  0x000000011303a81c: ;   {metadata(method data for {method} {0x00003ff000441230} 'isStatic' '()Z' in 'jdk/internal/reflect/DirectMethodHandleAccessor')}
  0x000000011303a81c: 00a7 84d2 | 8023 a7f2 | 2000 c0f2 | 0488 40f9 | 8404 0091 | 0488 00f9 | e003 0032 | 0200 0014 
  0x000000011303a83c: 0000 a052 | 0000 0012 | 1f00 0071 

  0x000000011303a848: ;   {metadata(method data for {method} {0x00003ff0002a5db0} 'invoke' '(Ljava/lang/Object;[Ljava/lang/Object;)Ljava/lang/Object;' in 'jdk/internal/reflect/DirectMethodHandleAccessor')}
  0x000000011303a848: 0045 84d2 | 8023 a7f2 | 2000 c0f2 | 0824 80d2 | 0926 80d2 | 0411 899a | 0568 64f8 | a504 0091 
  0x000000011303a868: 0568 24f8 | 2102 0054 | e003 01aa 

  0x000000011303a874: ;   {metadata(method data for {method} {0x00003ff0002a5db0} 'invoke' '(Ljava/lang/Object;[Ljava/lang/Object;)Ljava/lang/Object;' in 'jdk/internal/reflect/DirectMethodHandleAccessor')}
  0x000000011303a874: 0445 84d2 | 8423 a7f2 | 2400 c0f2 | 88a0 40f9 | 0805 0091 | 88a0 00f9 | e003 02aa | e203 00aa 
  0x000000011303a894: e403 01aa | e103 04aa 

  0x000000011303a89c: ; ImmutableOopMap {[168]=Oop [176]=Oop [184]=Oop }
                      ;*invokevirtual checkReceiver {reexecute=0 rethrow=0 return_oop=0}
                      ; - jdk.internal.reflect.DirectMethodHandleAccessor::invoke@9 (line 100)
                      ;   {optimized virtual_call}
  0x000000011303a89c: 19ef f197 

  0x000000011303a8a0: ;   {post_call_nop}
  0x000000011303a8a0: 1f20 03d5 | 1fdb 80f2 | 1f00 80f2 | e157 40f9 | 220c 40b9 

  0x000000011303a8b4: ;   {metadata(method data for {method} {0x00003ff0002a5db0} 'invoke' '(Ljava/lang/Object;[Ljava/lang/Object;)Ljava/lang/Object;' in 'jdk/internal/reflect/DirectMethodHandleAccessor')}
  0x000000011303a8b4: 0045 84d2 | 8023 a7f2 | 2000 c0f2 | 08b8 40f9 | 0805 0091 | 08b8 00f9 | e103 02aa | e25b 40f9 
  0x000000011303a8d4: ; ImmutableOopMap {[168]=Oop [176]=Oop [184]=Oop }
                      ;*invokestatic checkArgumentCount {reexecute=0 rethrow=0 return_oop=0}
                      ; - jdk.internal.reflect.DirectMethodHandleAccessor::invoke@17 (line 102)
                      ;   {static_call}
  0x000000011303a8d4: 4bed f197 

  0x000000011303a8d8: ;   {post_call_nop}
  0x000000011303a8d8: 1f20 03d5 | 1fe2 80f2 | 1f20 80f2 | e157 40f9 | e203 01aa 

  0x000000011303a8ec: ;   {metadata(method data for {method} {0x00003ff0002a5db0} 'invoke' '(Ljava/lang/Object;[Ljava/lang/Object;)Ljava/lang/Object;' in 'jdk/internal/reflect/DirectMethodHandleAccessor')}
  0x000000011303a8ec: 0345 84d2 | 8323 a7f2 | 2300 c0f2 | 68c0 40f9 | 0805 0091 | 68c0 00f9 

  0x000000011303a904: ;   {metadata(method data for {method} {0x00003ff000440f18} 'invokeImpl' '(Ljava/lang/Object;[Ljava/lang/Object;)Ljava/lang/Object;' in 'jdk/internal/reflect/DirectMethodHandleAccessor')}
  0x000000011303a904: 0290 85d2 | 8223 a7f2 | 2200 c0f2 | 43ac 40b9 | 6308 0011 | 43ac 00b9 | 634c 1f12 | 7f00 0071 
  0x000000011303a924: 00db 0054 | 220c 40b9 

  0x000000011303a92c: ;   {metadata(method data for {method} {0x00003ff000440f18} 'invokeImpl' '(Ljava/lang/Object;[Ljava/lang/Object;)Ljava/lang/Object;' in 'jdk/internal/reflect/DirectMethodHandleAccessor')}
  0x000000011303a92c: 0390 85d2 | 8323 a7f2 | 2300 c0f2 | e413 7db2 | 5f00 0071 | e003 04aa | 0821 80d2 | 0401 809a 
  0x000000011303a94c: 5f04 0071 | e003 04aa | 0823 80d2 | 0401 809a | 5f08 0071 | e003 04aa | 0825 80d2 | 0401 809a 
  0x000000011303a96c: 5f0c 0071 | e003 04aa | 0827 80d2 | 0401 809a | 6068 64f8 | 0004 0091 | 6068 24f8 | 5f00 0071 
  0x000000011303a98c: 608e 0054 | 5f04 0071 | 4068 0054 | 5f08 0071 | 6029 0054 | 5f0c 0071 | 0013 0054 | e30b 4ba9 
  0x000000011303a9ac: 2018 40b9 | 4000 00b4 | 600f 008b 

  0x000000011303a9b8: ; ImmutableOopMap {c_rarg1=Oop c_rarg3=Oop c_rarg2=Oop c_rarg0=Oop [168]=Oop [176]=Oop [184]=Oop }
                      ;*invokevirtual invokeExact {reexecute=0 rethrow=0 return_oop=0}
                      ; - jdk.internal.reflect.DirectMethodHandleAccessor::invokeImpl@104 (line 158)
                      ; - jdk.internal.reflect.DirectMethodHandleAccessor::invoke@23 (line 104)
                      ;   {runtime_call C1 Runtime load_appendix_patching_blob}
  0x000000011303a9b8: 22cd a895 

  0x000000011303a9bc: ; implicit exception: dispatches to 0x000000011303c4a4
  0x000000011303a9bc: 1f00 40f9 

  0x000000011303a9c0: ;   {metadata(method data for {method} {0x00003ff000440f18} 'invokeImpl' '(Ljava/lang/Object;[Ljava/lang/Object;)Ljava/lang/Object;' in 'jdk/internal/reflect/DirectMethodHandleAccessor')}
  0x000000011303a9c0: 0590 85d2 | 8523 a7f2 | 2500 c0f2 | a540 0d91 | e603 02aa | a600 00b5 | a904 40f9 | 2901 40b2 
  0x000000011303a9e0: a904 00f9 | 1600 0014 | c608 40b9 | c624 5cd2 | a904 40f9 | c600 09ca | c8f4 7e92 | 0802 00b4 
  0x000000011303aa00: e601 0837 | a901 00b4 | 3f05 00f1 | 6001 0054 | bf39 03d5 | c600 09ca | a904 40f9 | c600 09ca 
  0x000000011303aa20: c8f4 7e92 | c800 00b4 | a904 40f9 | 2901 7fb2 | a904 00f9 | 0200 0014 | a604 00f9 | e603 03aa 
  0x000000011303aa40: a600 00b5 | a90c 40f9 | 2901 40b2 | a90c 00f9 | 1600 0014 | c608 40b9 | c624 5cd2 | a90c 40f9 
  0x000000011303aa60: c600 09ca | c8f4 7e92 | 0802 00b4 | e601 0837 | a901 00b4 | 3f05 00f1 | 6001 0054 | bf39 03d5 
  0x000000011303aa80: c600 09ca | a90c 40f9 | c600 09ca | c8f4 7e92 | c800 00b4 | a90c 40f9 | 2901 7fb2 | a90c 00f9 
  0x000000011303aaa0: 0200 0014 | a60c 00f9 | e503 00aa 

  0x000000011303aaac: ;   {metadata(method data for {method} {0x00003ff000440f18} 'invokeImpl' '(Ljava/lang/Object;[Ljava/lang/Object;)Ljava/lang/Object;' in 'jdk/internal/reflect/DirectMethodHandleAccessor')}
  0x000000011303aaac: 0690 85d2 | 8623 a7f2 | 2600 c0f2 | a508 40b9 | a524 5cd2 | c9a0 0c91 | 2801 40f9 | bf00 08eb 
  0x000000011303aacc: a100 0054 | c898 41f9 | 0805 0091 | c898 01f9 | 1c00 0014 | c9e0 0c91 | 2801 40f9 | bf00 08eb 
  0x000000011303aaec: a100 0054 | c8a0 41f9 | 0805 0091 | c8a0 01f9 | 1400 0014 | c9a0 0c91 | 2801 40f9 | c800 00b5 
  0x000000011303ab0c: 2501 00f9 | e803 40b2 | c9c0 0c91 | 2801 00f9 | 0c00 0014 | c9e0 0c91 | 2801 40f9 | c800 00b5 
  0x000000011303ab2c: 2501 00f9 | e803 40b2 | c900 0d91 | 2801 00f9 | 0400 0014 | c890 41f9 | 0805 0091 | c890 01f9 
  0x000000011303ab4c: e503 02aa | e203 05aa | e603 03aa | e303 06aa | e103 00aa 

  0x000000011303ab60: ; ImmutableOopMap {[168]=Oop [176]=Oop [184]=Oop }
                      ;*invokevirtual invokeExact {reexecute=0 rethrow=0 return_oop=0}
                      ; - jdk.internal.reflect.DirectMethodHandleAccessor::invokeImpl@104 (line 158)
                      ; - jdk.internal.reflect.DirectMethodHandleAccessor::invoke@23 (line 104)
                      ;   {optimized virtual_call}
  0x000000011303ab60: 5862 a595 

  0x000000011303ab64: ;   {post_call_nop}
  0x000000011303ab64: 1f20 03d5 | 9f33 81f2 | 1f60 80f2 

  0x000000011303ab70: ;   {metadata(method data for {method} {0x00003ff000440f18} 'invokeImpl' '(Ljava/lang/Object;[Ljava/lang/Object;)Ljava/lang/Object;' in 'jdk/internal/reflect/DirectMethodHandleAccessor')}
  0x000000011303ab70: 0290 85d2 | 8223 a7f2 | 2200 c0f2 | 42c0 0d91 | e303 00aa | a300 00b5 | 4900 40f9 | 2901 40b2 
  0x000000011303ab90: 4900 00f9 | 1600 0014 | 6308 40b9 | 6324 5cd2 | 4900 40f9 | 6300 09ca | 68f4 7e92 | 0802 00b4 
  0x000000011303abb0: e301 0837 | a901 00b4 | 3f05 00f1 | 6001 0054 | bf39 03d5 | 6300 09ca | 4900 40f9 | 6300 09ca 
  0x000000011303abd0: 68f4 7e92 | c800 00b4 | 4900 40f9 | 2901 7fb2 | 4900 00f9 | 0200 0014 | 4300 00f9 | fd7b 55a9 
  0x000000011303abf0: ff83 0591 

  0x000000011303abf4: ;   {poll_return}
  0x000000011303abf4: 8817 40f9 | ff63 28eb | 68c5 0054 | c003 5fd6 | e30b 4ba9 | 2018 40b9 | 4000 00b4 | 600f 008b 
  0x000000011303ac14: ; implicit exception: dispatches to 0x000000011303c4b4
  0x000000011303ac14: 640c 40b9 | 9f00 0071 | e9c4 0054 | 6410 40b9 | 4400 00b4 | 640f 048b | 650c 40b9 | bf04 0071 
  0x000000011303ac34: e9c4 0054 | 6514 40b9 | 4500 00b4 | 650f 058b | 660c 40b9 | df08 0071 | e9c4 0054 | 6618 40b9 
  0x000000011303ac54: 4600 00b4 | 660f 068b 

  0x000000011303ac5c: ; ImmutableOopMap {c_rarg2=Oop c_rarg1=Oop c_rarg3=Oop c_rarg0=Oop c_rarg4=Oop c_rarg5=Oop c_rarg6=Oop [168]=Oop [176]=Oop [184]=Oop }
                      ;*invokevirtual invokeExact {reexecute=0 rethrow=0 return_oop=0}
                      ; - jdk.internal.reflect.DirectMethodHandleAccessor::invokeImpl@92 (line 157)
                      ; - jdk.internal.reflect.DirectMethodHandleAccessor::invoke@23 (line 104)
                      ;   {runtime_call C1 Runtime load_appendix_patching_blob}
  0x000000011303ac5c: 79cc a895 

  0x000000011303ac60: ; implicit exception: dispatches to 0x000000011303c500
  0x000000011303ac60: 1f00 40f9 

  0x000000011303ac64: ;   {metadata(method data for {method} {0x00003ff000440f18} 'invokeImpl' '(Ljava/lang/Object;[Ljava/lang/Object;)Ljava/lang/Object;' in 'jdk/internal/reflect/DirectMethodHandleAccessor')}
  0x000000011303ac64: 0a90 85d2 | 8a23 a7f2 | 2a00 c0f2 | 4a61 0b91 | eb03 02aa | ab00 00b5 | 4905 40f9 | 2901 40b2 
  0x000000011303ac84: 4905 00f9 | 1600 0014 | 6b09 40b9 | 6b25 5cd2 | 4905 40f9 | 6b01 09ca | 68f5 7e92 | 0802 00b4 
  0x000000011303aca4: eb01 0837 | a901 00b4 | 3f05 00f1 | 6001 0054 | bf39 03d5 | 6b01 09ca | 4905 40f9 | 6b01 09ca 
  0x000000011303acc4: 68f5 7e92 | c800 00b4 | 4905 40f9 | 2901 7fb2 | 4905 00f9 | 0200 0014 | 4b05 00f9 | eb03 04aa 
  0x000000011303ace4: ab00 00b5 | 490d 40f9 | 2901 40b2 | 490d 00f9 | 1600 0014 | 6b09 40b9 | 6b25 5cd2 | 490d 40f9 
  0x000000011303ad04: 6b01 09ca | 68f5 7e92 | 0802 00b4 | eb01 0837 | a901 00b4 | 3f05 00f1 | 6001 0054 | bf39 03d5 
  0x000000011303ad24: 6b01 09ca | 490d 40f9 | 6b01 09ca | 68f5 7e92 | c800 00b4 | 490d 40f9 | 2901 7fb2 | 490d 00f9 
  0x000000011303ad44: 0200 0014 | 4b0d 00f9 | ea03 00aa 

  0x000000011303ad50: ;   {metadata(method data for {method} {0x00003ff000440f18} 'invokeImpl' '(Ljava/lang/Object;[Ljava/lang/Object;)Ljava/lang/Object;' in 'jdk/internal/reflect/DirectMethodHandleAccessor')}
  0x000000011303ad50: 0b90 85d2 | 8b23 a7f2 | 2b00 c0f2 | 4a09 40b9 | 4a25 5cd2 | 69c1 0a91 | 2801 40f9 | 5f01 08eb 
  0x000000011303ad70: a100 0054 | 685d 41f9 | 0805 0091 | 685d 01f9 | 1c00 0014 | 6901 0b91 | 2801 40f9 | 5f01 08eb 
  0x000000011303ad90: a100 0054 | 6865 41f9 | 0805 0091 | 6865 01f9 | 1400 0014 | 69c1 0a91 | 2801 40f9 | c800 00b5 
  0x000000011303adb0: 2a01 00f9 | e803 40b2 | 69e1 0a91 | 2801 00f9 | 0c00 0014 | 6901 0b91 | 2801 40f9 | c800 00b5 
  0x000000011303add0: 2a01 00f9 | e803 40b2 | 6921 0b91 | 2801 00f9 | 0400 0014 | 6855 41f9 | 0805 0091 | 6855 01f9 
  0x000000011303adf0: ea03 02aa | e203 0aaa | e303 04aa | e403 05aa | e503 06aa | e603 07aa | e103 00aa 

  0x000000011303ae0c: ; ImmutableOopMap {[168]=Oop [176]=Oop [184]=Oop }
                      ;*invokevirtual invokeExact {reexecute=0 rethrow=0 return_oop=0}
                      ; - jdk.internal.reflect.DirectMethodHandleAccessor::invokeImpl@92 (line 157)
                      ; - jdk.internal.reflect.DirectMethodHandleAccessor::invoke@23 (line 104)
                      ;   {optimized virtual_call}
  0x000000011303ae0c: ad61 a595 

  0x000000011303ae10: ;   {post_call_nop}
  0x000000011303ae10: 1f20 03d5 | 1f89 81f2 | 1fa0 80f2 

  0x000000011303ae1c: ;   {metadata(method data for {method} {0x00003ff000440f18} 'invokeImpl' '(Ljava/lang/Object;[Ljava/lang/Object;)Ljava/lang/Object;' in 'jdk/internal/reflect/DirectMethodHandleAccessor')}
  0x000000011303ae1c: 0190 85d2 | 8123 a7f2 | 2100 c0f2 | 21e0 0b91 | e203 00aa | a200 00b5 | 2900 40f9 | 2901 40b2 
  0x000000011303ae3c: 2900 00f9 | 1600 0014 | 4208 40b9 | 4224 5cd2 | 2900 40f9 | 4200 09ca | 48f4 7e92 | 0802 00b4 
  0x000000011303ae5c: e201 0837 | a901 00b4 | 3f05 00f1 | 6001 0054 | bf39 03d5 | 4200 09ca | 2900 40f9 | 4200 09ca 
  0x000000011303ae7c: 48f4 7e92 | c800 00b4 | 2900 40f9 | 2901 7fb2 | 2900 00f9 | 0200 0014 | 2200 00f9 

  0x000000011303ae98: ;   {metadata(method data for {method} {0x00003ff000440f18} 'invokeImpl' '(Ljava/lang/Object;[Ljava/lang/Object;)Ljava/lang/Object;' in 'jdk/internal/reflect/DirectMethodHandleAccessor')}
  0x000000011303ae98: 0190 85d2 | 8123 a7f2 | 2100 c0f2 | 2284 41f9 | 4204 0091 | 2284 01f9 | fd7b 55a9 | ff83 0591 
  0x000000011303aeb8: ;   {poll_return}
  0x000000011303aeb8: 8817 40f9 | ff63 28eb | 28b2 0054 | c003 5fd6 | e30b 4ba9 | 2018 40b9 | 4000 00b4 | 600f 008b 
  0x000000011303aed8: e067 00f9 

  0x000000011303aedc: ; implicit exception: dispatches to 0x000000011303c510
  0x000000011303aedc: 640c 40b9 | 9f00 0071 | 89b1 0054 | 6410 40b9 | 4400 00b4 | 640f 048b | e463 00f9 | 650c 40b9 
  0x000000011303aefc: bf04 0071 | 69b1 0054 | 6514 40b9 | 4500 00b4 | 650f 058b | e56b 00f9 

  0x000000011303af14: ;   {metadata(method data for {method} {0x00003ff000440f18} 'invokeImpl' '(Ljava/lang/Object;[Ljava/lang/Object;)Ljava/lang/Object;' in 'jdk/internal/reflect/DirectMethodHandleAccessor')}
  0x000000011303af14: 0690 85d2 | 8623 a7f2 | 2600 c0f2 | c680 0991 | e703 02aa | a700 00b5 | c904 40f9 | 2901 40b2 
  0x000000011303af34: c904 00f9 | 1600 0014 | e708 40b9 | e724 5cd2 | c904 40f9 | e700 09ca | e8f4 7e92 | 0802 00b4 
  0x000000011303af54: e701 0837 | a901 00b4 | 3f05 00f1 | 6001 0054 | bf39 03d5 | e700 09ca | c904 40f9 | e700 09ca 
  0x000000011303af74: e8f4 7e92 | c800 00b4 | c904 40f9 | 2901 7fb2 | c904 00f9 | 0200 0014 | c704 00f9 

  0x000000011303af90: ;   {metadata(method data for {method} {0x000000013840e2b0} 'invokeExact_MT' '(Ljava/lang/Object;Ljava/lang/Object;Ljava/lang/Object;Ljava/lang/Object;Ljava/lang/Object;)Ljava/lang/Object;' in 'java/lang/invoke/LambdaForm$MH+0x00003ff001004800')}
  0x000000011303af90: 06a0 9cd2 | 0608 a7f2 | 2600 c0f2 | c620 0a91 | e703 00aa | a700 00b5 | c900 40f9 | 2901 40b2 
  0x000000011303afb0: c900 00f9 | 1600 0014 | e708 40b9 | e724 5cd2 | c900 40f9 | e700 09ca | e8f4 7e92 | 0802 00b4 
  0x000000011303afd0: e701 0837 | a901 00b4 | 3f05 00f1 | 6001 0054 | bf39 03d5 | e700 09ca | c900 40f9 | e700 09ca 
  0x000000011303aff0: e8f4 7e92 | c800 00b4 | c900 40f9 | 2901 7fb2 | c900 00f9 | 0200 0014 | c700 00f9 | e703 02aa 
  0x000000011303b010: a700 00b5 | c908 40f9 | 2901 40b2 | c908 00f9 | 1600 0014 | e708 40b9 | e724 5cd2 | c908 40f9 
  0x000000011303b030: e700 09ca | e8f4 7e92 | 0802 00b4 | e701 0837 | a901 00b4 | 3f05 00f1 | 6001 0054 | bf39 03d5 
  0x000000011303b050: e700 09ca | c908 40f9 | e700 09ca | e8f4 7e92 | c800 00b4 | c908 40f9 | 2901 7fb2 | c908 00f9 
  0x000000011303b070: 0200 0014 | c708 00f9 

  0x000000011303b078: ;   {metadata(method data for {method} {0x00003ff000440f18} 'invokeImpl' '(Ljava/lang/Object;[Ljava/lang/Object;)Ljava/lang/Object;' in 'jdk/internal/reflect/DirectMethodHandleAccessor')}
  0x000000011303b078: 0690 85d2 | 8623 a7f2 | 2600 c0f2 | c818 41f9 | 0805 0091 | c818 01f9 

  0x000000011303b090: ;   {metadata(method data for {method} {0x000000013840e2b0} 'invokeExact_MT' '(Ljava/lang/Object;Ljava/lang/Object;Ljava/lang/Object;Ljava/lang/Object;Ljava/lang/Object;)Ljava/lang/Object;' in 'java/lang/invoke/LambdaForm$MH+0x00003ff001004800')}
  0x000000011303b090: 06a0 9cd2 | 0608 a7f2 | 2600 c0f2 | c7ac 40b9 | e708 0011 | c7ac 00b9 | e74c 1f12 | ff00 0071 
  0x000000011303b0b0: a0a4 0054 

  0x000000011303b0b4: ;   {metadata(method data for {method} {0x000000013840e2b0} 'invokeExact_MT' '(Ljava/lang/Object;Ljava/lang/Object;Ljava/lang/Object;Ljava/lang/Object;Ljava/lang/Object;)Ljava/lang/Object;' in 'java/lang/invoke/LambdaForm$MH+0x00003ff001004800')}
  0x000000011303b0b4: 06a0 9cd2 | 0608 a7f2 | 2600 c0f2 | c680 0591 | e703 00aa | a700 00b5 | c904 40f9 | 2901 40b2 
  0x000000011303b0d4: c904 00f9 | 1600 0014 | e708 40b9 | e724 5cd2 | c904 40f9 | e700 09ca | e8f4 7e92 | 0802 00b4 
  0x000000011303b0f4: e701 0837 | a901 00b4 | 3f05 00f1 | 6001 0054 | bf39 03d5 | e700 09ca | c904 40f9 | e700 09ca 
  0x000000011303b114: e8f4 7e92 | c800 00b4 | c904 40f9 | 2901 7fb2 | c904 00f9 | 0200 0014 | c704 00f9 

  0x000000011303b130: ;   {metadata(method data for {method} {0x000000013840e2b0} 'invokeExact_MT' '(Ljava/lang/Object;Ljava/lang/Object;Ljava/lang/Object;Ljava/lang/Object;Ljava/lang/Object;)Ljava/lang/Object;' in 'java/lang/invoke/LambdaForm$MH+0x00003ff001004800')}
  0x000000011303b130: 06a0 9cd2 | 0608 a7f2 | 2600 c0f2 | c8a8 40f9 | 0805 0091 | c8a8 00f9 

  0x000000011303b148: ;   {metadata(method data for {method} {0x00003ff000454120} 'checkExactType' '(Ljava/lang/invoke/MethodHandle;Ljava/lang/invoke/MethodType;)V' in 'java/lang/invoke/Invokers')}
  0x000000011303b148: 0677 82d2 | 060a a7f2 | 2600 c0f2 | c7ac 40b9 | e708 0011 | c7ac 00b9 | e74c 1f12 | ff00 0071 
  0x000000011303b168: e09f 0054 

  0x000000011303b16c: ; implicit exception: dispatches to 0x000000011303c584
  0x000000011303b16c: 1f00 40f9 | e603 00aa 

  0x000000011303b174: ;   {metadata(method data for {method} {0x00003ff000454120} 'checkExactType' '(Ljava/lang/invoke/MethodHandle;Ljava/lang/invoke/MethodType;)V' in 'java/lang/invoke/Invokers')}
  0x000000011303b174: 0777 82d2 | 070a a7f2 | 2700 c0f2 | c608 40b9 | c624 5cd2 | e9e0 0391 | 2801 40f9 | df00 08eb 
  0x000000011303b194: a100 0054 | e880 40f9 | 0805 0091 | e880 00f9 | 1c00 0014 | e920 0491 | 2801 40f9 | df00 08eb 
  0x000000011303b1b4: a100 0054 | e888 40f9 | 0805 0091 | e888 00f9 | 1400 0014 | e9e0 0391 | 2801 40f9 | c800 00b5 
  0x000000011303b1d4: 2601 00f9 | e803 40b2 | e900 0491 | 2801 00f9 | 0c00 0014 | e920 0491 | 2801 40f9 | c800 00b5 
  0x000000011303b1f4: 2601 00f9 | e803 40b2 | e940 0491 | 2801 00f9 | 0400 0014 | e878 40f9 | 0805 0091 | e878 00f9 
  0x000000011303b214: 0610 40b9 | 4600 00b4 | 660f 068b 

  0x000000011303b220: ;   {oop(a 'java/lang/invoke/MethodType'{0x0000007000814cc8} = (Ljava/lang/Object;Ljava/lang/Object;Ljava/lang/Object;)Ljava/lang/Object;)}
  0x000000011303b220: 0799 89d2 | 2710 a0f2 | 070e c0f2 | df00 07eb 

  0x000000011303b230: ;   {metadata(method data for {method} {0x00003ff000454120} 'checkExactType' '(Ljava/lang/invoke/MethodHandle;Ljava/lang/invoke/MethodType;)V' in 'java/lang/invoke/Invokers')}
  0x000000011303b230: 0777 82d2 | 070a a7f2 | 2700 c0f2 | 0826 80d2 | 0924 80d2 | 0a11 899a | eb68 6af8 | 6b05 0091 
  0x000000011303b250: eb68 2af8 | 616c 0054 

  0x000000011303b258: ;   {metadata(method data for {method} {0x000000013840e2b0} 'invokeExact_MT' '(Ljava/lang/Object;Ljava/lang/Object;Ljava/lang/Object;Ljava/lang/Object;Ljava/lang/Object;)Ljava/lang/Object;' in 'java/lang/invoke/LambdaForm$MH+0x00003ff001004800')}
  0x000000011303b258: 06a0 9cd2 | 0608 a7f2 | 2600 c0f2 | c660 0691 | e703 00aa | e708 40b9 | e724 5cd2 | c904 40f9 
  0x000000011303b278: e700 09ca | e8f4 7e92 | 0802 00b4 | e701 0837 | a901 00b4 | 3f05 00f1 | 6001 0054 | bf39 03d5 
  0x000000011303b298: e700 09ca | c904 40f9 | e700 09ca | e8f4 7e92 | c800 00b4 | c904 40f9 | 2901 7fb2 | c904 00f9 
  0x000000011303b2b8: 0200 0014 | c704 00f9 

  0x000000011303b2c0: ;   {metadata(method data for {method} {0x000000013840e2b0} 'invokeExact_MT' '(Ljava/lang/Object;Ljava/lang/Object;Ljava/lang/Object;Ljava/lang/Object;Ljava/lang/Object;)Ljava/lang/Object;' in 'java/lang/invoke/LambdaForm$MH+0x00003ff001004800')}
  0x000000011303b2c0: 06a0 9cd2 | 0608 a7f2 | 2600 c0f2 | c8c4 40f9 | 0805 0091 | c8c4 00f9 

  0x000000011303b2d8: ;   {metadata(method data for {method} {0x00003ff000454018} 'checkCustomized' '(Ljava/lang/invoke/MethodHandle;)V' in 'java/lang/invoke/Invokers')}
  0x000000011303b2d8: 06f3 82d2 | 060a a7f2 | 2600 c0f2 | c7ac 40b9 | e708 0011 | c7ac 00b9 | e74c 1f12 | ff00 0071 
  0x000000011303b2f8: 8094 0054 

  0x000000011303b2fc: ;   {metadata(method data for {method} {0x00003ff000454018} 'checkCustomized' '(Ljava/lang/invoke/MethodHandle;)V' in 'java/lang/invoke/Invokers')}
  0x000000011303b2fc: 06f3 82d2 | 060a a7f2 | 2600 c0f2 | c878 40f9 | 0805 0091 | c878 00f9 

  0x000000011303b314: ;   {metadata(method data for {method} {0x00003ff0001e5650} 'isCompileConstant' '(Ljava/lang/Object;)Z' in 'java/lang/invoke/MethodHandleImpl')}
  0x000000011303b314: 0625 83d2 | 060a a7f2 | 2600 c0f2 | c7ac 40b9 | e708 0011 | c7ac 00b9 | e74c 1f12 | ff00 0071 
  0x000000011303b334: a093 0054 

  0x000000011303b338: ;   {metadata(method data for {method} {0x00003ff000454018} 'checkCustomized' '(Ljava/lang/invoke/MethodHandle;)V' in 'java/lang/invoke/Invokers')}
  0x000000011303b338: 06f3 82d2 | 060a a7f2 | 2600 c0f2 | c780 40f9 | e704 0091 | c780 00f9 | 0614 40b9 | 4600 00b4 
  0x000000011303b358: 660f 068b 

  0x000000011303b35c: ; implicit exception: dispatches to 0x000000011303c5c8
  0x000000011303b35c: c61c 40b9 | 4600 00b4 | 660f 068b | e703 1faa | df00 07eb 

  0x000000011303b370: ;   {metadata(method data for {method} {0x00003ff000454018} 'checkCustomized' '(Ljava/lang/invoke/MethodHandle;)V' in 'java/lang/invoke/Invokers')}
  0x000000011303b370: 06f3 82d2 | 060a a7f2 | 2600 c0f2 | 0824 80d2 | 0926 80d2 | 0711 899a | ca68 67f8 | 4a05 0091 
  0x000000011303b390: ca68 27f8 | 8101 0054 

  0x000000011303b398: ;   {metadata(method data for {method} {0x00003ff000454018} 'checkCustomized' '(Ljava/lang/invoke/MethodHandle;)V' in 'java/lang/invoke/Invokers')}
  0x000000011303b398: 06f3 82d2 | 060a a7f2 | 2600 c0f2 | c8a0 40f9 | 0805 0091 | c8a0 00f9 | e103 00aa 

  0x000000011303b3b4: ; ImmutableOopMap {[168]=Oop [176]=Oop [184]=Oop [192]=Oop [200]=Oop [208]=Oop }
                      ;*invokestatic maybeCustomize {reexecute=0 rethrow=0 return_oop=0}
                      ; - java.lang.invoke.Invokers::checkCustomized@19 (line 626)
                      ; - java.lang.invoke.LambdaForm$MH/0x00003ff001004800::invokeExact_MT@15
                      ; - jdk.internal.reflect.DirectMethodHandleAccessor::invokeImpl@72 (line 156)
                      ; - jdk.internal.reflect.DirectMethodHandleAccessor::invoke@23 (line 104)
                      ;   {static_call}
  0x000000011303b3b4: 4361 a595 

  0x000000011303b3b8: ;   {post_call_nop}
  0x000000011303b3b8: 1f20 03d5 | 1f3e 82f2 | 1fc0 80f2 | e293 4ba9 

  0x000000011303b3c8: ;   {metadata(method data for {method} {0x000000013840e2b0} 'invokeExact_MT' '(Ljava/lang/Object;Ljava/lang/Object;Ljava/lang/Object;Ljava/lang/Object;Ljava/lang/Object;)Ljava/lang/Object;' in 'java/lang/invoke/LambdaForm$MH+0x00003ff001004800')}
  0x000000011303b3c8: 03a0 9cd2 | 0308 a7f2 | 2300 c0f2 | 6380 0791 | e103 02aa | a100 00b5 | 6904 40f9 | 2901 40b2 
  0x000000011303b3e8: 6904 00f9 | 1600 0014 | 2108 40b9 | 2124 5cd2 | 6904 40f9 | 2100 09ca | 28f4 7e92 | 0802 00b4 
  0x000000011303b408: e101 0837 | a901 00b4 | 3f05 00f1 | 6001 0054 | bf39 03d5 | 2100 09ca | 6904 40f9 | 2100 09ca 
  0x000000011303b428: 28f4 7e92 | c800 00b4 | 6904 40f9 | 2901 7fb2 | 6904 00f9 | 0200 0014 | 6104 00f9 | e103 04aa 
  0x000000011303b448: a100 00b5 | 690c 40f9 | 2901 40b2 | 690c 00f9 | 1600 0014 | 2108 40b9 | 2124 5cd2 | 690c 40f9 
  0x000000011303b468: 2100 09ca | 28f4 7e92 | 0802 00b4 | e101 0837 | a901 00b4 | 3f05 00f1 | 6001 0054 | bf39 03d5 
  0x000000011303b488: 2100 09ca | 690c 40f9 | 2100 09ca | 28f4 7e92 | c800 00b4 | 690c 40f9 | 2901 7fb2 | 690c 00f9 
  0x000000011303b4a8: 0200 0014 | 610c 00f9 | e067 40f9 

  0x000000011303b4b4: ;   {metadata(method data for {method} {0x000000013840e2b0} 'invokeExact_MT' '(Ljava/lang/Object;Ljava/lang/Object;Ljava/lang/Object;Ljava/lang/Object;Ljava/lang/Object;)Ljava/lang/Object;' in 'java/lang/invoke/LambdaForm$MH+0x00003ff001004800')}
  0x000000011303b4b4: 03a0 9cd2 | 0308 a7f2 | 2300 c0f2 | 0008 40b9 | 0024 5cd2 | 69e0 0691 | 2801 40f9 | 1f00 08eb 
  0x000000011303b4d4: a100 0054 | 68e0 40f9 | 0805 0091 | 68e0 00f9 | 1c00 0014 | 6920 0791 | 2801 40f9 | 1f00 08eb 
  0x000000011303b4f4: a100 0054 | 68e8 40f9 | 0805 0091 | 68e8 00f9 | 1400 0014 | 69e0 0691 | 2801 40f9 | c800 00b5 
  0x000000011303b514: 2001 00f9 | e803 40b2 | 6900 0791 | 2801 00f9 | 0c00 0014 | 6920 0791 | 2801 40f9 | c800 00b5 
  0x000000011303b534: 2001 00f9 | e803 40b2 | 6940 0791 | 2801 00f9 | 0400 0014 | 68d8 40f9 | 0805 0091 | 68d8 00f9 
  0x000000011303b554: e003 02aa | e203 00aa | e303 04aa | e193 4ca9 

  0x000000011303b564: ; ImmutableOopMap {[168]=Oop [176]=Oop [184]=Oop [192]=Oop [200]=Oop [208]=Oop }
                      ;*invokevirtual invokeBasic {reexecute=0 rethrow=0 return_oop=0}
                      ; - java.lang.invoke.LambdaForm$MH/0x00003ff001004800::invokeExact_MT@22
                      ; - jdk.internal.reflect.DirectMethodHandleAccessor::invokeImpl@72 (line 156)
                      ; - jdk.internal.reflect.DirectMethodHandleAccessor::invoke@23 (line 104)
                      ;   {optimized virtual_call}
  0x000000011303b564: d75f a595 

  0x000000011303b568: ;   {post_call_nop}
  0x000000011303b568: 1f20 03d5 | 1f74 82f2 | 1fe0 80f2 

  0x000000011303b574: ;   {metadata(method data for {method} {0x000000013840e2b0} 'invokeExact_MT' '(Ljava/lang/Object;Ljava/lang/Object;Ljava/lang/Object;Ljava/lang/Object;Ljava/lang/Object;)Ljava/lang/Object;' in 'java/lang/invoke/LambdaForm$MH+0x00003ff001004800')}
  0x000000011303b574: 01a0 9cd2 | 0108 a7f2 | 2100 c0f2 | 2100 0891 | e203 00aa | a200 00b5 | 2900 40f9 | 2901 40b2 
  0x000000011303b594: 2900 00f9 | 1600 0014 | 4208 40b9 | 4224 5cd2 | 2900 40f9 | 4200 09ca | 48f4 7e92 | 0802 00b4 
  0x000000011303b5b4: e201 0837 | a901 00b4 | 3f05 00f1 | 6001 0054 | bf39 03d5 | 4200 09ca | 2900 40f9 | 4200 09ca 
  0x000000011303b5d4: 48f4 7e92 | c800 00b4 | 2900 40f9 | 2901 7fb2 | 2900 00f9 | 0200 0014 | 2200 00f9 

  0x000000011303b5f0: ;   {metadata(method data for {method} {0x00003ff000440f18} 'invokeImpl' '(Ljava/lang/Object;[Ljava/lang/Object;)Ljava/lang/Object;' in 'jdk/internal/reflect/DirectMethodHandleAccessor')}
  0x000000011303b5f0: 0190 85d2 | 8123 a7f2 | 2100 c0f2 | 2100 0a91 | e203 00aa | a200 00b5 | 2900 40f9 | 2901 40b2 
  0x000000011303b610: 2900 00f9 | 1600 0014 | 4208 40b9 | 4224 5cd2 | 2900 40f9 | 4200 09ca | 48f4 7e92 | 0802 00b4 
  0x000000011303b630: e201 0837 | a901 00b4 | 3f05 00f1 | 6001 0054 | bf39 03d5 | 4200 09ca | 2900 40f9 | 4200 09ca 
  0x000000011303b650: 48f4 7e92 | c800 00b4 | 2900 40f9 | 2901 7fb2 | 2900 00f9 | 0200 0014 | 2200 00f9 

  0x000000011303b66c: ;   {metadata(method data for {method} {0x00003ff000440f18} 'invokeImpl' '(Ljava/lang/Object;[Ljava/lang/Object;)Ljava/lang/Object;' in 'jdk/internal/reflect/DirectMethodHandleAccessor')}
  0x000000011303b66c: 0190 85d2 | 8123 a7f2 | 2100 c0f2 | 2248 41f9 | 4204 0091 | 2248 01f9 | fd7b 55a9 | ff83 0591 
  0x000000011303b68c: ;   {poll_return}
  0x000000011303b68c: 8817 40f9 | ff63 28eb | c879 0054 | c003 5fd6 | e30b 4ba9 | 2018 40b9 | 4000 00b4 | 600f 008b 
  0x000000011303b6ac: e073 00f9 

  0x000000011303b6b0: ; implicit exception: dispatches to 0x000000011303c5d8
  0x000000011303b6b0: 640c 40b9 | 9f00 0071 | 2979 0054 | 6410 40b9 | 4400 00b4 | 640f 048b | e46f 00f9 

  0x000000011303b6cc: ;   {metadata(method data for {method} {0x00003ff000440f18} 'invokeImpl' '(Ljava/lang/Object;[Ljava/lang/Object;)Ljava/lang/Object;' in 'jdk/internal/reflect/DirectMethodHandleAccessor')}
  0x000000011303b6cc: 0590 85d2 | 8523 a7f2 | 2500 c0f2 | a5a0 0791 | e603 02aa | 8600 00b5 | a904 40f9 | 2901 40b2 
  0x000000011303b6ec: a904 00f9 

  0x000000011303b6f0: ;   {metadata(method data for {method} {0x00003ff0001fc788} 'invokeExact_MT' '(Ljava/lang/Object;Ljava/lang/Object;Ljava/lang/Object;Ljava/lang/Object;)Ljava/lang/Object;' in 'java/lang/invoke/Invokers$Holder')}
  0x000000011303b6f0: 0500 9dd2 | 650b a7f2 | 2500 c0f2 | a500 0a91 | e603 00aa | 8600 00b5 | a900 40f9 | 2901 40b2 
  0x000000011303b710: a900 00f9 | e603 02aa | 8600 00b5 | a908 40f9 | 2901 40b2 | a908 00f9 

  0x000000011303b728: ;   {metadata(method data for {method} {0x00003ff000440f18} 'invokeImpl' '(Ljava/lang/Object;[Ljava/lang/Object;)Ljava/lang/Object;' in 'jdk/internal/reflect/DirectMethodHandleAccessor')}
  0x000000011303b728: 0590 85d2 | 8523 a7f2 | 2500 c0f2 | a8dc 40f9 | 0805 0091 | a8dc 00f9 

  0x000000011303b740: ;   {metadata(method data for {method} {0x00003ff0001fc788} 'invokeExact_MT' '(Ljava/lang/Object;Ljava/lang/Object;Ljava/lang/Object;Ljava/lang/Object;)Ljava/lang/Object;' in 'java/lang/invoke/Invokers$Holder')}
  0x000000011303b740: 0500 9dd2 | 650b a7f2 | 2500 c0f2 | a6ac 40b9 | c608 0011 | a6ac 00b9 | c64c 1f12 | df00 0071 
  0x000000011303b760: a074 0054 

  0x000000011303b764: ;   {metadata(method data for {method} {0x00003ff0001fc788} 'invokeExact_MT' '(Ljava/lang/Object;Ljava/lang/Object;Ljava/lang/Object;Ljava/lang/Object;)Ljava/lang/Object;' in 'java/lang/invoke/Invokers$Holder')}
  0x000000011303b764: 0500 9dd2 | 650b a7f2 | 2500 c0f2 | a580 0591 | e603 00aa | 8600 00b5 | a904 40f9 | 2901 40b2 
  0x000000011303b784: a904 00f9 

  0x000000011303b788: ;   {metadata(method data for {method} {0x00003ff0001fc788} 'invokeExact_MT' '(Ljava/lang/Object;Ljava/lang/Object;Ljava/lang/Object;Ljava/lang/Object;)Ljava/lang/Object;' in 'java/lang/invoke/Invokers$Holder')}
  0x000000011303b788: 0500 9dd2 | 650b a7f2 | 2500 c0f2 | a8a8 40f9 | 0805 0091 | a8a8 00f9 

  0x000000011303b7a0: ;   {metadata(method data for {method} {0x00003ff000454120} 'checkExactType' '(Ljava/lang/invoke/MethodHandle;Ljava/lang/invoke/MethodType;)V' in 'java/lang/invoke/Invokers')}
  0x000000011303b7a0: 0577 82d2 | 050a a7f2 | 2500 c0f2 | a6ac 40b9 | c608 0011 | a6ac 00b9 | c64c 1f12 | df00 0071 
  0x000000011303b7c0: a072 0054 

  0x000000011303b7c4: ; implicit exception: dispatches to 0x000000011303c634
  0x000000011303b7c4: 1f00 40f9 | e503 00aa 

  0x000000011303b7cc: ;   {metadata(method data for {method} {0x00003ff000454120} 'checkExactType' '(Ljava/lang/invoke/MethodHandle;Ljava/lang/invoke/MethodType;)V' in 'java/lang/invoke/Invokers')}
  0x000000011303b7cc: 0677 82d2 | 060a a7f2 | 2600 c0f2 | a508 40b9 | a524 5cd2 | c9e0 0391 | 2801 40f9 | bf00 08eb 
  0x000000011303b7ec: a100 0054 | c880 40f9 | 0805 0091 | c880 00f9 | 1c00 0014 | c920 0491 | 2801 40f9 | bf00 08eb 
  0x000000011303b80c: a100 0054 | c888 40f9 | 0805 0091 | c888 00f9 | 1400 0014 | c9e0 0391 | 2801 40f9 | c800 00b5 
  0x000000011303b82c: 2501 00f9 | e803 40b2 | c900 0491 | 2801 00f9 | 0c00 0014 | c920 0491 | 2801 40f9 | c800 00b5 
  0x000000011303b84c: 2501 00f9 | e803 40b2 | c940 0491 | 2801 00f9 | 0400 0014 | c878 40f9 | 0805 0091 | c878 00f9 
  0x000000011303b86c: 0510 40b9 | 4500 00b4 | 650f 058b 

  0x000000011303b878: ;   {oop(a 'java/lang/invoke/MethodType'{0x0000007000814ac8} = (Ljava/lang/Object;Ljava/lang/Object;)Ljava/lang/Object;)}
  0x000000011303b878: 0659 89d2 | 2610 a0f2 | 060e c0f2 | bf00 06eb 

  0x000000011303b888: ;   {metadata(method data for {method} {0x00003ff000454120} 'checkExactType' '(Ljava/lang/invoke/MethodHandle;Ljava/lang/invoke/MethodType;)V' in 'java/lang/invoke/Invokers')}
  0x000000011303b888: 0677 82d2 | 060a a7f2 | 2600 c0f2 | 0826 80d2 | 0924 80d2 | 0711 899a | ca68 67f8 | 4a05 0091 
  0x000000011303b8a8: ca68 27f8 | 4137 0054 

  0x000000011303b8b0: ;   {metadata(method data for {method} {0x00003ff0001fc788} 'invokeExact_MT' '(Ljava/lang/Object;Ljava/lang/Object;Ljava/lang/Object;Ljava/lang/Object;)Ljava/lang/Object;' in 'java/lang/invoke/Invokers$Holder')}
  0x000000011303b8b0: 0500 9dd2 | 650b a7f2 | 2500 c0f2 | a8c4 40f9 | 0805 0091 | a8c4 00f9 

  0x000000011303b8c8: ;   {metadata(method data for {method} {0x00003ff000454018} 'checkCustomized' '(Ljava/lang/invoke/MethodHandle;)V' in 'java/lang/invoke/Invokers')}
  0x000000011303b8c8: 05f3 82d2 | 050a a7f2 | 2500 c0f2 | a6ac 40b9 | c608 0011 | a6ac 00b9 | c64c 1f12 | df00 0071 
  0x000000011303b8e8: 806a 0054 

  0x000000011303b8ec: ;   {metadata(method data for {method} {0x00003ff000454018} 'checkCustomized' '(Ljava/lang/invoke/MethodHandle;)V' in 'java/lang/invoke/Invokers')}
  0x000000011303b8ec: 05f3 82d2 | 050a a7f2 | 2500 c0f2 | a878 40f9 | 0805 0091 | a878 00f9 

  0x000000011303b904: ;   {metadata(method data for {method} {0x00003ff0001e5650} 'isCompileConstant' '(Ljava/lang/Object;)Z' in 'java/lang/invoke/MethodHandleImpl')}
  0x000000011303b904: 0525 83d2 | 050a a7f2 | 2500 c0f2 | a6ac 40b9 | c608 0011 | a6ac 00b9 | c64c 1f12 | df00 0071 
  0x000000011303b924: a069 0054 

  0x000000011303b928: ;   {metadata(method data for {method} {0x00003ff000454018} 'checkCustomized' '(Ljava/lang/invoke/MethodHandle;)V' in 'java/lang/invoke/Invokers')}
  0x000000011303b928: 05f3 82d2 | 050a a7f2 | 2500 c0f2 | a680 40f9 | c604 0091 | a680 00f9 | 0514 40b9 | 4500 00b4 
  0x000000011303b948: 650f 058b 

  0x000000011303b94c: ; implicit exception: dispatches to 0x000000011303c678
  0x000000011303b94c: a51c 40b9 | 4500 00b4 | 650f 058b | e603 1faa | bf00 06eb 

  0x000000011303b960: ;   {metadata(method data for {method} {0x00003ff000454018} 'checkCustomized' '(Ljava/lang/invoke/MethodHandle;)V' in 'java/lang/invoke/Invokers')}
  0x000000011303b960: 05f3 82d2 | 050a a7f2 | 2500 c0f2 | 0824 80d2 | 0926 80d2 | 0611 899a | a768 66f8 | e704 0091 
  0x000000011303b980: a768 26f8 | 8101 0054 

  0x000000011303b988: ;   {metadata(method data for {method} {0x00003ff000454018} 'checkCustomized' '(Ljava/lang/invoke/MethodHandle;)V' in 'java/lang/invoke/Invokers')}
  0x000000011303b988: 05f3 82d2 | 050a a7f2 | 2500 c0f2 | a8a0 40f9 | 0805 0091 | a8a0 00f9 | e103 00aa 

  0x000000011303b9a4: ; ImmutableOopMap {[168]=Oop [176]=Oop [184]=Oop [216]=Oop [224]=Oop }
                      ;*invokestatic maybeCustomize {reexecute=0 rethrow=0 return_oop=0}
                      ; - java.lang.invoke.Invokers::checkCustomized@19 (line 626)
                      ; - java.lang.invoke.Invokers$Holder::invokeExact_MT@14
                      ; - jdk.internal.reflect.DirectMethodHandleAccessor::invokeImpl@55 (line 155)
                      ; - jdk.internal.reflect.DirectMethodHandleAccessor::invoke@23 (line 104)
                      ;   {static_call}
  0x000000011303b9a4: c75f a595 

  0x000000011303b9a8: ;   {post_call_nop}
  0x000000011303b9a8: 1f20 03d5 | 1ffc 82f2 | 1f00 81f2 | e46f 40f9 | e25f 40f9 

  0x000000011303b9bc: ;   {metadata(method data for {method} {0x00003ff0001fc788} 'invokeExact_MT' '(Ljava/lang/Object;Ljava/lang/Object;Ljava/lang/Object;Ljava/lang/Object;)Ljava/lang/Object;' in 'java/lang/invoke/Invokers$Holder')}
  0x000000011303b9bc: 0300 9dd2 | 630b a7f2 | 2300 c0f2 | 6380 0791 | e103 02aa | 8100 00b5 | 6904 40f9 | 2901 40b2 
  0x000000011303b9dc: 6904 00f9 | e103 04aa | 8100 00b5 | 690c 40f9 | 2901 40b2 | 690c 00f9 | e073 40f9 

  0x000000011303b9f8: ;   {metadata(method data for {method} {0x00003ff0001fc788} 'invokeExact_MT' '(Ljava/lang/Object;Ljava/lang/Object;Ljava/lang/Object;Ljava/lang/Object;)Ljava/lang/Object;' in 'java/lang/invoke/Invokers$Holder')}
  0x000000011303b9f8: 0300 9dd2 | 630b a7f2 | 2300 c0f2 | 0008 40b9 | 0024 5cd2 | 69e0 0691 | 2801 40f9 | 1f00 08eb 
  0x000000011303ba18: a100 0054 | 68e0 40f9 | 0805 0091 | 68e0 00f9 | 1c00 0014 | 6920 0791 | 2801 40f9 | 1f00 08eb 
  0x000000011303ba38: a100 0054 | 68e8 40f9 | 0805 0091 | 68e8 00f9 | 1400 0014 | 69e0 0691 | 2801 40f9 | c800 00b5 
  0x000000011303ba58: 2001 00f9 | e803 40b2 | 6900 0791 | 2801 00f9 | 0c00 0014 | 6920 0791 | 2801 40f9 | c800 00b5 
  0x000000011303ba78: 2001 00f9 | e803 40b2 | 6940 0791 | 2801 00f9 | 0400 0014 | 68d8 40f9 | 0805 0091 | 68d8 00f9 
  0x000000011303ba98: e003 02aa | e203 00aa | e303 04aa | e173 40f9 

  0x000000011303baa8: ; ImmutableOopMap {[168]=Oop [176]=Oop [184]=Oop [216]=Oop [224]=Oop }
                      ;*invokevirtual invokeBasic {reexecute=0 rethrow=0 return_oop=0}
                      ; - java.lang.invoke.Invokers$Holder::invokeExact_MT@20
                      ; - jdk.internal.reflect.DirectMethodHandleAccessor::invokeImpl@55 (line 155)
                      ; - jdk.internal.reflect.DirectMethodHandleAccessor::invoke@23 (line 104)
                      ;   {optimized virtual_call}
  0x000000011303baa8: 8604 bb95 

  0x000000011303baac: ;   {post_call_nop}
  0x000000011303baac: 1f20 03d5 | 9f1c 83f2 | 1f20 81f2 

  0x000000011303bab8: ;   {metadata(method data for {method} {0x00003ff000440f18} 'invokeImpl' '(Ljava/lang/Object;[Ljava/lang/Object;)Ljava/lang/Object;' in 'jdk/internal/reflect/DirectMethodHandleAccessor')}
  0x000000011303bab8: 0190 85d2 | 8123 a7f2 | 2100 c0f2 | 2120 0891 | e203 00aa | 4200 00b5 | 1600 0014 | 4208 40b9 
  0x000000011303bad8: 4224 5cd2 | 2900 40f9 | 4200 09ca | 48f4 7e92 | 0802 00b4 | e201 0837 | a901 00b4 | 3f05 00f1 
  0x000000011303baf8: 6001 0054 | bf39 03d5 | 4200 09ca | 2900 40f9 | 4200 09ca | 48f4 7e92 | c800 00b4 | 2900 40f9 
  0x000000011303bb18: 2901 7fb2 | 2900 00f9 | 0200 0014 | 2200 00f9 

  0x000000011303bb28: ;   {metadata(method data for {method} {0x00003ff000440f18} 'invokeImpl' '(Ljava/lang/Object;[Ljava/lang/Object;)Ljava/lang/Object;' in 'jdk/internal/reflect/DirectMethodHandleAccessor')}
  0x000000011303bb28: 0190 85d2 | 8123 a7f2 | 2100 c0f2 | 220c 41f9 | 4204 0091 | 220c 01f9 | fd7b 55a9 | ff83 0591 
  0x000000011303bb48: ;   {poll_return}
  0x000000011303bb48: 8817 40f9 | ff63 28eb | 6859 0054 | c003 5fd6 | 2018 40b9 | 4000 00b4 | 600f 008b | e077 00f9 
  0x000000011303bb68: ;   {metadata(method data for {method} {0x00003ff0001fc6d8} 'invokeExact_MT' '(Ljava/lang/Object;Ljava/lang/Object;Ljava/lang/Object;)Ljava/lang/Object;' in 'java/lang/invoke/Invokers$Holder')}
  0x000000011303bb68: 02b0 9cd2 | 620b a7f2 | 2200 c0f2 | 42a0 0991 | e303 00aa | 8300 00b5 | 4900 40f9 | 2901 40b2 
  0x000000011303bb88: 4900 00f9 

  0x000000011303bb8c: ;   {metadata(method data for {method} {0x00003ff000440f18} 'invokeImpl' '(Ljava/lang/Object;[Ljava/lang/Object;)Ljava/lang/Object;' in 'jdk/internal/reflect/DirectMethodHandleAccessor')}
  0x000000011303bb8c: 0290 85d2 | 8223 a7f2 | 2200 c0f2 | 48a8 40f9 | 0805 0091 | 48a8 00f9 

  0x000000011303bba4: ;   {metadata(method data for {method} {0x00003ff0001fc6d8} 'invokeExact_MT' '(Ljava/lang/Object;Ljava/lang/Object;Ljava/lang/Object;)Ljava/lang/Object;' in 'java/lang/invoke/Invokers$Holder')}
  0x000000011303bba4: 02b0 9cd2 | 620b a7f2 | 2200 c0f2 | 43ac 40b9 | 6308 0011 | 43ac 00b9 | 634c 1f12 | 7f00 0071 
  0x000000011303bbc4: 2056 0054 

  0x000000011303bbc8: ;   {metadata(method data for {method} {0x00003ff0001fc6d8} 'invokeExact_MT' '(Ljava/lang/Object;Ljava/lang/Object;Ljava/lang/Object;)Ljava/lang/Object;' in 'java/lang/invoke/Invokers$Holder')}
  0x000000011303bbc8: 02b0 9cd2 | 620b a7f2 | 2200 c0f2 | 4280 0591 | e303 00aa | 8300 00b5 | 4904 40f9 | 2901 40b2 
  0x000000011303bbe8: 4904 00f9 

  0x000000011303bbec: ;   {metadata(method data for {method} {0x00003ff0001fc6d8} 'invokeExact_MT' '(Ljava/lang/Object;Ljava/lang/Object;Ljava/lang/Object;)Ljava/lang/Object;' in 'java/lang/invoke/Invokers$Holder')}
  0x000000011303bbec: 02b0 9cd2 | 620b a7f2 | 2200 c0f2 | 48a8 40f9 | 0805 0091 | 48a8 00f9 

  0x000000011303bc04: ;   {metadata(method data for {method} {0x00003ff000454120} 'checkExactType' '(Ljava/lang/invoke/MethodHandle;Ljava/lang/invoke/MethodType;)V' in 'java/lang/invoke/Invokers')}
  0x000000011303bc04: 0277 82d2 | 020a a7f2 | 2200 c0f2 | 43ac 40b9 | 6308 0011 | 43ac 00b9 | 634c 1f12 | 7f00 0071 
  0x000000011303bc24: 2054 0054 

  0x000000011303bc28: ; implicit exception: dispatches to 0x000000011303c6c8
  0x000000011303bc28: 1f00 40f9 | e203 00aa 

  0x000000011303bc30: ;   {metadata(method data for {method} {0x00003ff000454120} 'checkExactType' '(Ljava/lang/invoke/MethodHandle;Ljava/lang/invoke/MethodType;)V' in 'java/lang/invoke/Invokers')}
  0x000000011303bc30: 0377 82d2 | 030a a7f2 | 2300 c0f2 | 4208 40b9 | 4224 5cd2 | 69e0 0391 | 2801 40f9 | 5f00 08eb 
  0x000000011303bc50: a100 0054 | 6880 40f9 | 0805 0091 | 6880 00f9 | 1c00 0014 | 6920 0491 | 2801 40f9 | 5f00 08eb 
  0x000000011303bc70: a100 0054 | 6888 40f9 | 0805 0091 | 6888 00f9 | 1400 0014 | 69e0 0391 | 2801 40f9 | c800 00b5 
  0x000000011303bc90: 2201 00f9 | e803 40b2 | 6900 0491 | 2801 00f9 | 0c00 0014 | 6920 0491 | 2801 40f9 | c800 00b5 
  0x000000011303bcb0: 2201 00f9 | e803 40b2 | 6940 0491 | 2801 00f9 | 0400 0014 | 6878 40f9 | 0805 0091 | 6878 00f9 
  0x000000011303bcd0: 0310 40b9 | 4300 00b4 | 630f 038b 

  0x000000011303bcdc: ;   {oop(a 'java/lang/invoke/MethodType'{0x000000700080bcb8} = (Ljava/lang/Object;)Ljava/lang/Object;)}
  0x000000011303bcdc: 0297 97d2 | 0210 a0f2 | 020e c0f2 | 7f00 02eb 

  0x000000011303bcec: ;   {metadata(method data for {method} {0x00003ff000454120} 'checkExactType' '(Ljava/lang/invoke/MethodHandle;Ljava/lang/invoke/MethodType;)V' in 'java/lang/invoke/Invokers')}
  0x000000011303bcec: 0277 82d2 | 020a a7f2 | 2200 c0f2 | 0826 80d2 | 0924 80d2 | 0411 899a | 4568 64f8 | a504 0091 
  0x000000011303bd0c: 4568 24f8 | c111 0054 

  0x000000011303bd14: ;   {metadata(method data for {method} {0x00003ff0001fc6d8} 'invokeExact_MT' '(Ljava/lang/Object;Ljava/lang/Object;Ljava/lang/Object;)Ljava/lang/Object;' in 'java/lang/invoke/Invokers$Holder')}
  0x000000011303bd14: 02b0 9cd2 | 620b a7f2 | 2200 c0f2 | 48c4 40f9 | 0805 0091 | 48c4 00f9 

  0x000000011303bd2c: ;   {metadata(method data for {method} {0x00003ff000454018} 'checkCustomized' '(Ljava/lang/invoke/MethodHandle;)V' in 'java/lang/invoke/Invokers')}
  0x000000011303bd2c: 02f3 82d2 | 020a a7f2 | 2200 c0f2 | 43ac 40b9 | 6308 0011 | 43ac 00b9 | 634c 1f12 | 7f00 0071 
  0x000000011303bd4c: 004c 0054 

  0x000000011303bd50: ;   {metadata(method data for {method} {0x00003ff000454018} 'checkCustomized' '(Ljava/lang/invoke/MethodHandle;)V' in 'java/lang/invoke/Invokers')}
  0x000000011303bd50: 02f3 82d2 | 020a a7f2 | 2200 c0f2 | 4878 40f9 | 0805 0091 | 4878 00f9 

  0x000000011303bd68: ;   {metadata(method data for {method} {0x00003ff0001e5650} 'isCompileConstant' '(Ljava/lang/Object;)Z' in 'java/lang/invoke/MethodHandleImpl')}
  0x000000011303bd68: 0225 83d2 | 020a a7f2 | 2200 c0f2 | 43ac 40b9 | 6308 0011 | 43ac 00b9 | 634c 1f12 | 7f00 0071 
  0x000000011303bd88: 204b 0054 

  0x000000011303bd8c: ;   {metadata(method data for {method} {0x00003ff000454018} 'checkCustomized' '(Ljava/lang/invoke/MethodHandle;)V' in 'java/lang/invoke/Invokers')}
  0x000000011303bd8c: 02f3 82d2 | 020a a7f2 | 2200 c0f2 | 4380 40f9 | 6304 0091 | 4380 00f9 | 0214 40b9 | 4200 00b4 
  0x000000011303bdac: 620f 028b 

  0x000000011303bdb0: ; implicit exception: dispatches to 0x000000011303c70c
  0x000000011303bdb0: 421c 40b9 | 4200 00b4 | 620f 028b | e303 1faa | 5f00 03eb 

  0x000000011303bdc4: ;   {metadata(method data for {method} {0x00003ff000454018} 'checkCustomized' '(Ljava/lang/invoke/MethodHandle;)V' in 'java/lang/invoke/Invokers')}
  0x000000011303bdc4: 02f3 82d2 | 020a a7f2 | 2200 c0f2 | 0824 80d2 | 0926 80d2 | 0311 899a | 4468 63f8 | 8404 0091 
  0x000000011303bde4: 4468 23f8 | 8101 0054 

  0x000000011303bdec: ;   {metadata(method data for {method} {0x00003ff000454018} 'checkCustomized' '(Ljava/lang/invoke/MethodHandle;)V' in 'java/lang/invoke/Invokers')}
  0x000000011303bdec: 02f3 82d2 | 020a a7f2 | 2200 c0f2 | 48a0 40f9 | 0805 0091 | 48a0 00f9 | e103 00aa 

  0x000000011303be08: ; ImmutableOopMap {[168]=Oop [176]=Oop [184]=Oop [232]=Oop }
                      ;*invokestatic maybeCustomize {reexecute=0 rethrow=0 return_oop=0}
                      ; - java.lang.invoke.Invokers::checkCustomized@19 (line 626)
                      ; - java.lang.invoke.Invokers$Holder::invokeExact_MT@14
                      ; - jdk.internal.reflect.DirectMethodHandleAccessor::invokeImpl@41 (line 154)
                      ; - jdk.internal.reflect.DirectMethodHandleAccessor::invoke@23 (line 104)
                      ;   {static_call}
  0x000000011303be08: beae c495 

  0x000000011303be0c: ;   {post_call_nop}
  0x000000011303be0c: 1f20 03d5 | 9f88 83f2 | 1f40 81f2 | e077 40f9 

  0x000000011303be1c: ;   {metadata(method data for {method} {0x00003ff0001fc6d8} 'invokeExact_MT' '(Ljava/lang/Object;Ljava/lang/Object;Ljava/lang/Object;)Ljava/lang/Object;' in 'java/lang/invoke/Invokers$Holder')}
  0x000000011303be1c: 02b0 9cd2 | 620b a7f2 | 2200 c0f2 | 0008 40b9 | 0024 5cd2 | 49e0 0691 | 2801 40f9 | 1f00 08eb 
  0x000000011303be3c: a100 0054 | 48e0 40f9 | 0805 0091 | 48e0 00f9 | 1c00 0014 | 4920 0791 | 2801 40f9 | 1f00 08eb 
  0x000000011303be5c: a100 0054 | 48e8 40f9 | 0805 0091 | 48e8 00f9 | 1400 0014 | 49e0 0691 | 2801 40f9 | c800 00b5 
  0x000000011303be7c: 2001 00f9 | e803 40b2 | 4900 0791 | 2801 00f9 | 0c00 0014 | 4920 0791 | 2801 40f9 | c800 00b5 
  0x000000011303be9c: 2001 00f9 | e803 40b2 | 4940 0791 | 2801 00f9 | 0400 0014 | 48d8 40f9 | 0805 0091 | 48d8 00f9 
  0x000000011303bebc: e25f 40f9 | e177 40f9 

  0x000000011303bec4: ; ImmutableOopMap {[168]=Oop [176]=Oop [184]=Oop [232]=Oop }
                      ;*invokevirtual invokeBasic {reexecute=0 rethrow=0 return_oop=0}
                      ; - java.lang.invoke.Invokers$Holder::invokeExact_MT@19
                      ; - jdk.internal.reflect.DirectMethodHandleAccessor::invokeImpl@41 (line 154)
                      ; - jdk.internal.reflect.DirectMethodHandleAccessor::invoke@23 (line 104)
                      ;   {optimized virtual_call}
  0x000000011303bec4: 8fb8 ba95 

  0x000000011303bec8: ;   {post_call_nop}
  0x000000011303bec8: 1f20 03d5 | 1fa0 83f2 | 1f60 81f2 

  0x000000011303bed4: ;   {metadata(method data for {method} {0x00003ff000440f18} 'invokeImpl' '(Ljava/lang/Object;[Ljava/lang/Object;)Ljava/lang/Object;' in 'jdk/internal/reflect/DirectMethodHandleAccessor')}
  0x000000011303bed4: 0190 85d2 | 8123 a7f2 | 2100 c0f2 | 2140 0691 | e203 00aa | 4200 00b5 | 0b00 0014 | 4208 40b9 
  0x000000011303bef4: 4224 5cd2 | 2900 40f9 | 4200 09ca | 48f4 7e92 | a800 00b4 | 8200 0837 | 2900 40f9 | 2901 7fb2 
  0x000000011303bf14: 2900 00f9 

  0x000000011303bf18: ;   {metadata(method data for {method} {0x00003ff000440f18} 'invokeImpl' '(Ljava/lang/Object;[Ljava/lang/Object;)Ljava/lang/Object;' in 'jdk/internal/reflect/DirectMethodHandleAccessor')}
  0x000000011303bf18: 0190 85d2 | 8123 a7f2 | 2100 c0f2 | 22d0 40f9 | 4204 0091 | 22d0 00f9 | fd7b 55a9 | ff83 0591 
  0x000000011303bf38: ;   {poll_return}
  0x000000011303bf38: 8817 40f9 | ff63 28eb | 883e 0054 | c003 5fd6 

  0x000000011303bf48: ;   {metadata(method data for {method} {0x00003ff000454120} 'checkExactType' '(Ljava/lang/invoke/MethodHandle;Ljava/lang/invoke/MethodType;)V' in 'java/lang/invoke/Invokers')}
  0x000000011303bf48: 0177 82d2 | 010a a7f2 | 2100 c0f2 | 28a0 40f9 | 0805 0091 | 28a0 00f9 

  0x000000011303bf60: ;   {oop(a 'java/lang/invoke/MethodType'{0x000000700080bcb8} = (Ljava/lang/Object;)Ljava/lang/Object;)}
  0x000000011303bf60: 0297 97d2 | 0210 a0f2 | 020e c0f2 | e103 03aa | e37b 00f9 

  0x000000011303bf74: ; ImmutableOopMap {[168]=Oop [176]=Oop [184]=Oop [232]=Oop [240]=Oop }
                      ;*invokestatic newWrongMethodTypeException {reexecute=0 rethrow=0 return_oop=0}
                      ; - java.lang.invoke.Invokers::checkExactType@12 (line 531)
                      ; - java.lang.invoke.Invokers$Holder::invokeExact_MT@10
                      ; - jdk.internal.reflect.DirectMethodHandleAccessor::invokeImpl@41 (line 154)
                      ; - jdk.internal.reflect.DirectMethodHandleAccessor::invoke@23 (line 104)
                      ;   {static_call}
  0x000000011303bf74: 535e a595 

  0x000000011303bf78: ;   {post_call_nop}
  0x000000011303bf78: 1f20 03d5 | 1fb6 83f2 | 1f80 81f2 

  0x000000011303bf84: ; implicit exception: dispatches to 0x000000011303c71c
                      ; ImmutableOopMap {c_rarg0=Oop [168]=Oop [176]=Oop [184]=Oop [232]=Oop [240]=Oop }
                      ;*athrow {reexecute=1 rethrow=0 return_oop=0}
                      ; - (reexecute) java.lang.invoke.Invokers::checkExactType@15 (line 531)
                      ; - java.lang.invoke.Invokers$Holder::invokeExact_MT@10
                      ; - jdk.internal.reflect.DirectMethodHandleAccessor::invokeImpl@41 (line 154)
                      ; - jdk.internal.reflect.DirectMethodHandleAccessor::invoke@23 (line 104)
  0x000000011303bf84: 1f00 40f9 

  0x000000011303bf88: ;   {section_word}
  0x000000011303bf88: 0300 0010 

  0x000000011303bf8c: ;   {runtime_call C1 Runtime handle_exception_nofpu_blob}
  0x000000011303bf8c: cdc0 a895 | 1f20 03d5 

  0x000000011303bf94: ;   {metadata(method data for {method} {0x00003ff000454120} 'checkExactType' '(Ljava/lang/invoke/MethodHandle;Ljava/lang/invoke/MethodType;)V' in 'java/lang/invoke/Invokers')}
  0x000000011303bf94: 0177 82d2 | 010a a7f2 | 2100 c0f2 | 28a0 40f9 | 0805 0091 | 28a0 00f9 

  0x000000011303bfac: ;   {oop(a 'java/lang/invoke/MethodType'{0x0000007000814ac8} = (Ljava/lang/Object;Ljava/lang/Object;)Ljava/lang/Object;)}
  0x000000011303bfac: 0259 89d2 | 2210 a0f2 | 020e c0f2 | e103 05aa | e57f 00f9 

  0x000000011303bfc0: ; ImmutableOopMap {[168]=Oop [176]=Oop [184]=Oop [216]=Oop [224]=Oop [248]=Oop }
                      ;*invokestatic newWrongMethodTypeException {reexecute=0 rethrow=0 return_oop=0}
                      ; - java.lang.invoke.Invokers::checkExactType@12 (line 531)
                      ; - java.lang.invoke.Invokers$Holder::invokeExact_MT@10
                      ; - jdk.internal.reflect.DirectMethodHandleAccessor::invokeImpl@55 (line 155)
                      ; - jdk.internal.reflect.DirectMethodHandleAccessor::invoke@23 (line 104)
                      ;   {static_call}
  0x000000011303bfc0: 405e a595 

  0x000000011303bfc4: ;   {post_call_nop}
  0x000000011303bfc4: 1f20 03d5 | 9fbf 83f2 | 1fc0 81f2 

  0x000000011303bfd0: ; implicit exception: dispatches to 0x000000011303c720
                      ; ImmutableOopMap {c_rarg0=Oop [168]=Oop [176]=Oop [184]=Oop [216]=Oop [224]=Oop [248]=Oop }
                      ;*athrow {reexecute=1 rethrow=0 return_oop=0}
                      ; - (reexecute) java.lang.invoke.Invokers::checkExactType@15 (line 531)
                      ; - java.lang.invoke.Invokers$Holder::invokeExact_MT@10
                      ; - jdk.internal.reflect.DirectMethodHandleAccessor::invokeImpl@55 (line 155)
                      ; - jdk.internal.reflect.DirectMethodHandleAccessor::invoke@23 (line 104)
  0x000000011303bfd0: 1f00 40f9 

  0x000000011303bfd4: ;   {section_word}
  0x000000011303bfd4: 0300 0010 

  0x000000011303bfd8: ;   {runtime_call C1 Runtime handle_exception_nofpu_blob}
  0x000000011303bfd8: bac0 a895 | 1f20 03d5 

  0x000000011303bfe0: ;   {metadata(method data for {method} {0x00003ff000454120} 'checkExactType' '(Ljava/lang/invoke/MethodHandle;Ljava/lang/invoke/MethodType;)V' in 'java/lang/invoke/Invokers')}
  0x000000011303bfe0: 0177 82d2 | 010a a7f2 | 2100 c0f2 | 28a0 40f9 | 0805 0091 | 28a0 00f9 

  0x000000011303bff8: ;   {oop(a 'java/lang/invoke/MethodType'{0x0000007000814cc8} = (Ljava/lang/Object;Ljava/lang/Object;Ljava/lang/Object;)Ljava/lang/Object;)}
  0x000000011303bff8: 0299 89d2 | 2210 a0f2 | 020e c0f2 | e103 06aa | e683 00f9 

  0x000000011303c00c: ; ImmutableOopMap {[168]=Oop [176]=Oop [184]=Oop [192]=Oop [200]=Oop [208]=Oop [256]=Oop }
                      ;*invokestatic newWrongMethodTypeException {reexecute=0 rethrow=0 return_oop=0}
                      ; - java.lang.invoke.Invokers::checkExactType@12 (line 531)
                      ; - java.lang.invoke.LambdaForm$MH/0x00003ff001004800::invokeExact_MT@11
                      ; - jdk.internal.reflect.DirectMethodHandleAccessor::invokeImpl@72 (line 156)
                      ; - jdk.internal.reflect.DirectMethodHandleAccessor::invoke@23 (line 104)
                      ;   {static_call}
  0x000000011303c00c: 2d5e a595 

  0x000000011303c010: ;   {post_call_nop}
  0x000000011303c010: 1f20 03d5 | 1fc9 83f2 | 1f00 82f2 

  0x000000011303c01c: ; implicit exception: dispatches to 0x000000011303c724
                      ; ImmutableOopMap {c_rarg0=Oop [168]=Oop [176]=Oop [184]=Oop [192]=Oop [200]=Oop [208]=Oop [256]=Oop }
                      ;*athrow {reexecute=1 rethrow=0 return_oop=0}
                      ; - (reexecute) java.lang.invoke.Invokers::checkExactType@15 (line 531)
                      ; - java.lang.invoke.LambdaForm$MH/0x00003ff001004800::invokeExact_MT@11
                      ; - jdk.internal.reflect.DirectMethodHandleAccessor::invokeImpl@72 (line 156)
                      ; - jdk.internal.reflect.DirectMethodHandleAccessor::invoke@23 (line 104)
  0x000000011303c01c: 1f00 40f9 

  0x000000011303c020: ;   {section_word}
  0x000000011303c020: 0300 0010 

  0x000000011303c024: ;   {runtime_call C1 Runtime handle_exception_nofpu_blob}
  0x000000011303c024: a7c0 a895 | 1f20 03d5 | 8087 42f9 | 9f87 02f9 | 9f8b 02f9 | e087 00f9 | e157 40f9 

  0x000000011303c040: ;   {metadata(method data for {method} {0x00003ff0002a5db0} 'invoke' '(Ljava/lang/Object;[Ljava/lang/Object;)Ljava/lang/Object;' in 'jdk/internal/reflect/DirectMethodHandleAccessor')}
  0x000000011303c040: 0245 84d2 | 8223 a7f2 | 2200 c0f2 | 4810 41f9 | 0805 0091 | 4810 01f9 

  0x000000011303c058: ;   {metadata(method data for {method} {0x00003ff000440ec0} 'isIllegalArgument' '(Ljava/lang/RuntimeException;)Z' in 'jdk/internal/reflect/DirectMethodHandleAccessor')}
  0x000000011303c058: 010a 86d2 | 8123 a7f2 | 2100 c0f2 | 22ac 40b9 | 4208 0011 | 22ac 00b9 | 424c 1f12 | 5f00 0071 
  0x000000011303c078: 8035 0054 

  0x000000011303c07c: ;   {oop(a 'java/lang/Class'{0x0000007000b0fef8} = 'jdk/internal/reflect/DirectMethodHandleAccessor')}
  0x000000011303c07c: 01df 9fd2 | 0116 a0f2 | 010e c0f2 | e203 00aa 

  0x000000011303c08c: ; ImmutableOopMap {[168]=Oop [176]=Oop [184]=Oop [264]=Oop }
                      ;*invokestatic isIllegalArgument {reexecute=0 rethrow=0 return_oop=0}
                      ; - jdk.internal.reflect.DirectMethodHandleAccessor::isIllegalArgument@3 (line 192)
                      ; - jdk.internal.reflect.DirectMethodHandleAccessor::invoke@58 (line 113)
                      ;   {static_call}
  0x000000011303c08c: 0d5e a595 

  0x000000011303c090: ;   {post_call_nop}
  0x000000011303c090: 1f20 03d5 | 1fd9 83f2 | 1f40 82f2 | 0000 0012 | 1f00 0071 

  0x000000011303c0a4: ;   {metadata(method data for {method} {0x00003ff0002a5db0} 'invoke' '(Ljava/lang/Object;[Ljava/lang/Object;)Ljava/lang/Object;' in 'jdk/internal/reflect/DirectMethodHandleAccessor')}
  0x000000011303c0a4: 0045 84d2 | 8023 a7f2 | 2000 c0f2 | 084a 80d2 | 094c 80d2 | 0101 899a | 0268 61f8 | 4204 0091 
  0x000000011303c0c4: 0268 21f8 | 6012 0054 | 7100 0014 | 8087 42f9 | 9f87 02f9 | 9f8b 02f9 | e08b 00f9 | e157 40f9 
  0x000000011303c0e4: ;   {metadata(method data for {method} {0x00003ff0002a5db0} 'invoke' '(Ljava/lang/Object;[Ljava/lang/Object;)Ljava/lang/Object;' in 'jdk/internal/reflect/DirectMethodHandleAccessor')}
  0x000000011303c0e4: 0245 84d2 | 8223 a7f2 | 2200 c0f2 | 48d8 40f9 | 0805 0091 | 48d8 00f9 

  0x000000011303c0fc: ;   {metadata(method data for {method} {0x00003ff000440ec0} 'isIllegalArgument' '(Ljava/lang/RuntimeException;)Z' in 'jdk/internal/reflect/DirectMethodHandleAccessor')}
  0x000000011303c0fc: 010a 86d2 | 8123 a7f2 | 2100 c0f2 | 22ac 40b9 | 4208 0011 | 22ac 00b9 | 424c 1f12 | 5f00 0071 
  0x000000011303c11c: 6031 0054 

  0x000000011303c120: ;   {oop(a 'java/lang/Class'{0x0000007000b0fef8} = 'jdk/internal/reflect/DirectMethodHandleAccessor')}
  0x000000011303c120: 01df 9fd2 | 0116 a0f2 | 010e c0f2 | e203 00aa 

  0x000000011303c130: ; ImmutableOopMap {[168]=Oop [176]=Oop [184]=Oop [272]=Oop }
                      ;*invokestatic isIllegalArgument {reexecute=0 rethrow=0 return_oop=0}
                      ; - jdk.internal.reflect.DirectMethodHandleAccessor::isIllegalArgument@3 (line 192)
                      ; - jdk.internal.reflect.DirectMethodHandleAccessor::invoke@30 (line 106)
                      ;   {static_call}
  0x000000011303c130: e45d a595 

  0x000000011303c134: ;   {post_call_nop}
  0x000000011303c134: 1f20 03d5 | 9fed 83f2 | 1f60 82f2 | 0300 0012 | 7f00 0071 

  0x000000011303c148: ;   {metadata(method data for {method} {0x00003ff0002a5db0} 'invoke' '(Ljava/lang/Object;[Ljava/lang/Object;)Ljava/lang/Object;' in 'jdk/internal/reflect/DirectMethodHandleAccessor')}
  0x000000011303c148: 0345 84d2 | 8323 a7f2 | 2300 c0f2 | e80f 7bb2 | e913 7cb2 | 0001 899a | 6468 60f8 | 8404 0091 
  0x000000011303c168: 6468 20f8 | 8004 0054 

  0x000000011303c170: ; ImmutableOopMap {[168]=Oop [176]=Oop [184]=Oop [272]=Oop }
                      ;*new {reexecute=0 rethrow=0 return_oop=0}
                      ; - jdk.internal.reflect.DirectMethodHandleAccessor::invoke@36 (line 108)
                      ;   {runtime_call C1 Runtime load_mirror_patching_blob}
  0x000000011303c170: c4c6 a895 | 80e7 40f9 | 0ba0 0091 | 88ef 40f9 | 7f01 08eb | 282f 0054 | 8be7 00f9 | ea03 40b2 
  0x000000011303c190: 0a00 00f9 | 6a24 5cd2 | 0a7c 0129 | 0a40 0091 | 5f01 00f9 | 5ffd 00a9 | bf3a 03d5 | e203 00aa 
  0x000000011303c1b0: ;   {metadata(method data for {method} {0x00003ff0002a5db0} 'invoke' '(Ljava/lang/Object;[Ljava/lang/Object;)Ljava/lang/Object;' in 'jdk/internal/reflect/DirectMethodHandleAccessor')}
  0x000000011303c1b0: 0145 84d2 | 8123 a7f2 | 2100 c0f2 | 2800 41f9 | 0805 0091 | 2800 01f9 

  0x000000011303c1c8: ;   {oop("argument type mismatch"{0x0000007000934070})}
  0x000000011303c1c8: 020e 88d2 | 6212 a0f2 | 020e c0f2 | e103 00aa | e08f 00f9 

  0x000000011303c1dc: ; ImmutableOopMap {[168]=Oop [176]=Oop [184]=Oop [272]=Oop [280]=Oop }
                      ;*invokespecial <init> {reexecute=0 rethrow=0 return_oop=0}
                      ; - jdk.internal.reflect.DirectMethodHandleAccessor::invoke@42 (line 108)
                      ;   {optimized virtual_call}
  0x000000011303c1dc: b95c a595 

  0x000000011303c1e0: ;   {post_call_nop}
  0x000000011303c1e0: 1f20 03d5 | 1f03 84f2 | 1fa0 82f2 

  0x000000011303c1ec: ; ImmutableOopMap {c_rarg0=Oop [168]=Oop [176]=Oop [184]=Oop [272]=Oop }
                      ;*athrow {reexecute=1 rethrow=0 return_oop=0}
                      ; - (reexecute) jdk.internal.reflect.DirectMethodHandleAccessor::invoke@45 (line 108)
  0x000000011303c1ec: e08f 40f9 

  0x000000011303c1f0: ;   {section_word}
  0x000000011303c1f0: 0300 0010 

  0x000000011303c1f4: ;   {runtime_call C1 Runtime handle_exception_nofpu_blob}
  0x000000011303c1f4: 33c0 a895 | 1f20 03d5 | e08b 40f9 

  0x000000011303c200: ;   {metadata('java/lang/reflect/InvocationTargetException')}
  0x000000011303c200: 0359 95d2 | 8321 a0f2 | 03fe c7f2 | e503 00aa | 80e7 40f9 | 0ba0 0091 | 88ef 40f9 | 7f01 08eb 
  0x000000011303c220: 882a 0054 | 8be7 00f9 | ea03 40b2 | 0a00 00f9 | 6a24 5cd2 | 0a7c 0129 | 0a40 0091 | 5f01 00f9 
  0x000000011303c240: 5ffd 00a9 | bf3a 03d5 | e203 00aa 

  0x000000011303c24c: ;   {metadata(method data for {method} {0x00003ff0002a5db0} 'invoke' '(Ljava/lang/Object;[Ljava/lang/Object;)Ljava/lang/Object;' in 'jdk/internal/reflect/DirectMethodHandleAccessor')}
  0x000000011303c24c: 0145 84d2 | 8123 a7f2 | 2100 c0f2 | 2808 41f9 | 0805 0091 | 2808 01f9 | e203 05aa | e103 00aa 
  0x000000011303c26c: e093 00f9 

  0x000000011303c270: ; ImmutableOopMap {[168]=Oop [176]=Oop [184]=Oop [272]=Oop [288]=Oop }
                      ;*invokespecial <init> {reexecute=0 rethrow=0 return_oop=0}
                      ; - jdk.internal.reflect.DirectMethodHandleAccessor::invoke@51 (line 110)
                      ;   {optimized virtual_call}
  0x000000011303c270: 945c a595 

  0x000000011303c274: ;   {post_call_nop}
  0x000000011303c274: 1f20 03d5 | 9f15 84f2 | 1fe0 82f2 

  0x000000011303c280: ; ImmutableOopMap {c_rarg0=Oop [168]=Oop [176]=Oop [184]=Oop [272]=Oop }
                      ;*athrow {reexecute=1 rethrow=0 return_oop=0}
                      ; - (reexecute) jdk.internal.reflect.DirectMethodHandleAccessor::invoke@54 (line 110)
  0x000000011303c280: e093 40f9 

  0x000000011303c284: ;   {section_word}
  0x000000011303c284: 0300 0010 

  0x000000011303c288: ;   {runtime_call C1 Runtime handle_exception_nofpu_blob}
  0x000000011303c288: 0ec0 a895 | 1f20 03d5 

  0x000000011303c290: ; ImmutableOopMap {[168]=Oop [176]=Oop [184]=Oop [264]=Oop }
                      ;*new {reexecute=0 rethrow=0 return_oop=0}
                      ; - jdk.internal.reflect.DirectMethodHandleAccessor::invoke@64 (line 114)
                      ;   {runtime_call C1 Runtime load_mirror_patching_blob}
  0x000000011303c290: 7cc6 a895 | 80e7 40f9 | 0ba0 0091 | 88ef 40f9 | 7f01 08eb | a826 0054 | 8be7 00f9 | ea03 40b2 
  0x000000011303c2b0: 0a00 00f9 | 6a24 5cd2 | 0a7c 0129 | 0a40 0091 | 5f01 00f9 | 5ffd 00a9 | bf3a 03d5 | e203 00aa 
  0x000000011303c2d0: ;   {metadata(method data for {method} {0x00003ff0002a5db0} 'invoke' '(Ljava/lang/Object;[Ljava/lang/Object;)Ljava/lang/Object;' in 'jdk/internal/reflect/DirectMethodHandleAccessor')}
  0x000000011303c2d0: 0145 84d2 | 8123 a7f2 | 2100 c0f2 | 2838 41f9 | 0805 0091 | 2838 01f9 | e287 40f9 | e103 00aa 
  0x000000011303c2f0: e097 00f9 

  0x000000011303c2f4: ; ImmutableOopMap {[168]=Oop [176]=Oop [184]=Oop [264]=Oop [296]=Oop }
                      ;*invokespecial <init> {reexecute=0 rethrow=0 return_oop=0}
                      ; - jdk.internal.reflect.DirectMethodHandleAccessor::invoke@69 (line 114)
                      ;   {optimized virtual_call}
  0x000000011303c2f4: 735c a595 

  0x000000011303c2f8: ;   {post_call_nop}
  0x000000011303c2f8: 1f20 03d5 | 1f26 84f2 | 1f40 83f2 

  0x000000011303c304: ; ImmutableOopMap {c_rarg0=Oop [168]=Oop [176]=Oop [184]=Oop [264]=Oop }
                      ;*athrow {reexecute=1 rethrow=0 return_oop=0}
                      ; - (reexecute) jdk.internal.reflect.DirectMethodHandleAccessor::invoke@72 (line 114)
  0x000000011303c304: e097 40f9 

  0x000000011303c308: ;   {section_word}
  0x000000011303c308: 0300 0010 

  0x000000011303c30c: ;   {runtime_call C1 Runtime handle_exception_nofpu_blob}
  0x000000011303c30c: edbf a895 | 1f20 03d5 | e087 40f9 

  0x000000011303c318: ;   {metadata('java/lang/reflect/InvocationTargetException')}
  0x000000011303c318: 0359 95d2 | 8321 a0f2 | 03fe c7f2 | e503 00aa | 80e7 40f9 | 0ba0 0091 | 88ef 40f9 | 7f01 08eb 
  0x000000011303c338: 4822 0054 | 8be7 00f9 | ea03 40b2 | 0a00 00f9 | 6a24 5cd2 | 0a7c 0129 | 0a40 0091 | 5f01 00f9 
  0x000000011303c358: 5ffd 00a9 | bf3a 03d5 | e203 00aa 

  0x000000011303c364: ;   {metadata(method data for {method} {0x00003ff0002a5db0} 'invoke' '(Ljava/lang/Object;[Ljava/lang/Object;)Ljava/lang/Object;' in 'jdk/internal/reflect/DirectMethodHandleAccessor')}
  0x000000011303c364: 0145 84d2 | 8123 a7f2 | 2100 c0f2 | 2840 41f9 | 0805 0091 | 2840 01f9 | e203 05aa | e103 00aa 
  0x000000011303c384: e09b 00f9 

  0x000000011303c388: ; ImmutableOopMap {[168]=Oop [176]=Oop [184]=Oop [264]=Oop [304]=Oop }
                      ;*invokespecial <init> {reexecute=0 rethrow=0 return_oop=0}
                      ; - jdk.internal.reflect.DirectMethodHandleAccessor::invoke@78 (line 116)
                      ;   {optimized virtual_call}
  0x000000011303c388: 4e5c a595 

  0x000000011303c38c: ;   {post_call_nop}
  0x000000011303c38c: 1f20 03d5 | 9f38 84f2 | 1f80 83f2 

  0x000000011303c398: ; ImmutableOopMap {c_rarg0=Oop [168]=Oop [176]=Oop [184]=Oop [264]=Oop }
                      ;*athrow {reexecute=1 rethrow=0 return_oop=0}
                      ; - (reexecute) jdk.internal.reflect.DirectMethodHandleAccessor::invoke@81 (line 116)
  0x000000011303c398: e09b 40f9 

  0x000000011303c39c: ;   {section_word}
  0x000000011303c39c: 0300 0010 

  0x000000011303c3a0: ;   {runtime_call C1 Runtime handle_exception_nofpu_blob}
  0x000000011303c3a0: c8bf a895 | 1f20 03d5 | 8087 42f9 | 9f87 02f9 | 9f8b 02f9 

  0x000000011303c3b4: ;   {metadata('java/lang/reflect/InvocationTargetException')}
  0x000000011303c3b4: 0359 95d2 | 8321 a0f2 | 03fe c7f2 | e603 00aa | 80e7 40f9 | 0ba0 0091 | 88ef 40f9 | 7f01 08eb 
  0x000000011303c3d4: a81d 0054 | 8be7 00f9 | ea03 40b2 | 0a00 00f9 | 6a24 5cd2 | 0a7c 0129 | 0a40 0091 | 5f01 00f9 
  0x000000011303c3f4: 5ffd 00a9 | bf3a 03d5 | e303 00aa 

  0x000000011303c400: ;   {metadata(method data for {method} {0x00003ff0002a5db0} 'invoke' '(Ljava/lang/Object;[Ljava/lang/Object;)Ljava/lang/Object;' in 'jdk/internal/reflect/DirectMethodHandleAccessor')}
  0x000000011303c400: 0445 84d2 | 8423 a7f2 | 2400 c0f2 | 8848 41f9 | 0805 0091 | 8848 01f9 | e203 06aa | e103 00aa 
  0x000000011303c420: e09b 13a9 

  0x000000011303c424: ; ImmutableOopMap {[168]=Oop [176]=Oop [184]=Oop [312]=Oop [320]=Oop }
                      ;*invokespecial <init> {reexecute=0 rethrow=0 return_oop=0}
                      ; - jdk.internal.reflect.DirectMethodHandleAccessor::invoke@88 (line 119)
                      ;   {optimized virtual_call}
  0x000000011303c424: 275c a595 

  0x000000011303c428: ;   {post_call_nop}
  0x000000011303c428: 1f20 03d5 | 1f4c 84f2 | 1fc0 83f2 

  0x000000011303c434: ; ImmutableOopMap {c_rarg0=Oop [168]=Oop [176]=Oop [184]=Oop [320]=Oop }
                      ;*athrow {reexecute=1 rethrow=0 return_oop=0}
                      ; - (reexecute) jdk.internal.reflect.DirectMethodHandleAccessor::invoke@91 (line 119)
  0x000000011303c434: e09f 40f9 

  0x000000011303c438: ;   {section_word}
  0x000000011303c438: 0300 0010 

  0x000000011303c43c: ;   {runtime_call C1 Runtime handle_exception_nofpu_blob}
  0x000000011303c43c: a1bf a895 | 1f20 03d5 

  0x000000011303c444: ;   {metadata({method} {0x00003ff0002a5db0} 'invoke' '(Ljava/lang/Object;[Ljava/lang/Object;)Ljava/lang/Object;' in 'jdk/internal/reflect/DirectMethodHandleAccessor')}
  0x000000011303c444: 08b6 8bd2 | 4805 a0f2 | 08fe c7f2 | e807 00f9 | 0800 8092 | e803 00f9 

  0x000000011303c45c: ; ImmutableOopMap {c_rarg1=Oop c_rarg2=Oop c_rarg3=Oop [168]=Oop [176]=Oop [184]=Oop }
                      ;*synchronization entry
                      ; - jdk.internal.reflect.DirectMethodHandleAccessor::invoke@-1 (line 99)
                      ;   {runtime_call C1 Runtime counter_overflow_blob}
  0x000000011303c45c: 49c7 a895 | d2f8 ff17 

  0x000000011303c464: ;   {metadata({method} {0x00003ff000441230} 'isStatic' '()Z' in 'jdk/internal/reflect/DirectMethodHandleAccessor')}
  0x000000011303c464: 0846 82d2 | 8808 a0f2 | 08fe c7f2 | e807 00f9 | 0800 8092 | e803 00f9 

  0x000000011303c47c: ; ImmutableOopMap {c_rarg1=Oop c_rarg2=Oop c_rarg3=Oop [168]=Oop [176]=Oop [184]=Oop }
                      ;*synchronization entry
                      ; - jdk.internal.reflect.DirectMethodHandleAccessor::isStatic@-1 (line 184)
                      ; - jdk.internal.reflect.DirectMethodHandleAccessor::invoke@1 (line 99)
                      ;   {runtime_call C1 Runtime counter_overflow_blob}
  0x000000011303c47c: 41c7 a895 | daf8 ff17 

  0x000000011303c484: ;   {metadata({method} {0x00003ff000440f18} 'invokeImpl' '(Ljava/lang/Object;[Ljava/lang/Object;)Ljava/lang/Object;' in 'jdk/internal/reflect/DirectMethodHandleAccessor')}
  0x000000011303c484: 08e3 81d2 | 8808 a0f2 | 08fe c7f2 | e807 00f9 | 0800 8092 | e803 00f9 

  0x000000011303c49c: ; ImmutableOopMap {c_rarg1=Oop [168]=Oop [176]=Oop [184]=Oop }
                      ;*synchronization entry
                      ; - jdk.internal.reflect.DirectMethodHandleAccessor::invokeImpl@-1 (line 153)
                      ; - jdk.internal.reflect.DirectMethodHandleAccessor::invoke@23 (line 104)
                      ;   {runtime_call C1 Runtime counter_overflow_blob}
  0x000000011303c49c: 39c7 a895 | 22f9 ff17 

  0x000000011303c4a4: ; ImmutableOopMap {c_rarg1=Oop c_rarg3=Oop c_rarg2=Oop c_rarg0=Oop c_rarg4=Oop [168]=Oop [176]=Oop [184]=Oop }
                      ;*invokevirtual invokeExact {reexecute=0 rethrow=0 return_oop=0}
                      ; - jdk.internal.reflect.DirectMethodHandleAccessor::invokeImpl@104 (line 158)
                      ; - jdk.internal.reflect.DirectMethodHandleAccessor::invoke@23 (line 104)
                      ;   {runtime_call C1 Runtime throw_null_pointer_exception_blob}
  0x000000011303c4a4: f7bb a895 

  0x000000011303c4a8: ;   {internal_word}
  0x000000011303c4a8: 683a ff10 | 8833 02f9 

  0x000000011303c4b0: ;   {runtime_call SafepointBlob}
  0x000000011303c4b0: 7475 a515 

  0x000000011303c4b4: ; ImmutableOopMap {c_rarg2=Oop c_rarg1=Oop c_rarg3=Oop c_rarg0=Oop [168]=Oop [176]=Oop [184]=Oop }
                      ;*aaload {reexecute=0 rethrow=0 return_oop=0}
                      ; - jdk.internal.reflect.DirectMethodHandleAccessor::invokeImpl@85 (line 157)
                      ; - jdk.internal.reflect.DirectMethodHandleAccessor::invoke@23 (line 104)
                      ;   {runtime_call C1 Runtime throw_null_pointer_exception_blob}
  0x000000011303c4b4: f3bb a895 | 0800 80d2 | e903 03aa 

  0x000000011303c4c0: ;   {runtime_call C1 Runtime throw_range_check_failed_blob}
  0x000000011303c4c0: 1e00 96d2 | de34 a3f2 | 3e00 c0f2 

  0x000000011303c4cc: ; ImmutableOopMap {c_rarg2=Oop c_rarg1=Oop c_rarg3=Oop c_rarg0=Oop [168]=Oop [176]=Oop [184]=Oop }
                      ;*aaload {reexecute=0 rethrow=0 return_oop=0}
                      ; - jdk.internal.reflect.DirectMethodHandleAccessor::invokeImpl@85 (line 157)
                      ; - jdk.internal.reflect.DirectMethodHandleAccessor::invoke@23 (line 104)
  0x000000011303c4cc: c003 3fd6 | e803 40b2 | e903 03aa 

  0x000000011303c4d8: ;   {runtime_call C1 Runtime throw_range_check_failed_blob}
  0x000000011303c4d8: 1e00 96d2 | de34 a3f2 | 3e00 c0f2 

  0x000000011303c4e4: ; ImmutableOopMap {c_rarg2=Oop c_rarg1=Oop c_rarg3=Oop c_rarg0=Oop c_rarg4=Oop [168]=Oop [176]=Oop [184]=Oop }
                      ;*aaload {reexecute=0 rethrow=0 return_oop=0}
                      ; - jdk.internal.reflect.DirectMethodHandleAccessor::invokeImpl@88 (line 157)
                      ; - jdk.internal.reflect.DirectMethodHandleAccessor::invoke@23 (line 104)
  0x000000011303c4e4: c003 3fd6 | e803 7fb2 | e903 03aa 

  0x000000011303c4f0: ;   {runtime_call C1 Runtime throw_range_check_failed_blob}
  0x000000011303c4f0: 1e00 96d2 | de34 a3f2 | 3e00 c0f2 

  0x000000011303c4fc: ; ImmutableOopMap {c_rarg2=Oop c_rarg1=Oop c_rarg3=Oop c_rarg0=Oop c_rarg4=Oop c_rarg5=Oop [168]=Oop [176]=Oop [184]=Oop }
                      ;*aaload {reexecute=0 rethrow=0 return_oop=0}
                      ; - jdk.internal.reflect.DirectMethodHandleAccessor::invokeImpl@91 (line 157)
                      ; - jdk.internal.reflect.DirectMethodHandleAccessor::invoke@23 (line 104)
  0x000000011303c4fc: c003 3fd6 

  0x000000011303c500: ; ImmutableOopMap {c_rarg2=Oop c_rarg1=Oop c_rarg3=Oop c_rarg0=Oop c_rarg4=Oop c_rarg5=Oop c_rarg6=Oop c_rarg7=Oop [168]=Oop [176]=Oop [184]=Oop }
                      ;*invokevirtual invokeExact {reexecute=0 rethrow=0 return_oop=0}
                      ; - jdk.internal.reflect.DirectMethodHandleAccessor::invokeImpl@92 (line 157)
                      ; - jdk.internal.reflect.DirectMethodHandleAccessor::invoke@23 (line 104)
                      ;   {runtime_call C1 Runtime throw_null_pointer_exception_blob}
  0x000000011303c500: e0bb a895 

  0x000000011303c504: ;   {internal_word}
  0x000000011303c504: a84d ff10 | 8833 02f9 

  0x000000011303c50c: ;   {runtime_call SafepointBlob}
  0x000000011303c50c: 5d75 a515 

  0x000000011303c510: ; ImmutableOopMap {c_rarg2=Oop c_rarg3=Oop c_rarg1=Oop c_rarg0=Oop [168]=Oop [176]=Oop [184]=Oop [200]=Oop }
                      ;*aaload {reexecute=0 rethrow=0 return_oop=0}
                      ; - jdk.internal.reflect.DirectMethodHandleAccessor::invokeImpl@68 (line 156)
                      ; - jdk.internal.reflect.DirectMethodHandleAccessor::invoke@23 (line 104)
                      ;   {runtime_call C1 Runtime throw_null_pointer_exception_blob}
  0x000000011303c510: dcbb a895 | 0800 80d2 | e903 03aa 

  0x000000011303c51c: ;   {runtime_call C1 Runtime throw_range_check_failed_blob}
  0x000000011303c51c: 1e00 96d2 | de34 a3f2 | 3e00 c0f2 

  0x000000011303c528: ; ImmutableOopMap {c_rarg2=Oop c_rarg3=Oop c_rarg1=Oop c_rarg0=Oop [168]=Oop [176]=Oop [184]=Oop [200]=Oop }
                      ;*aaload {reexecute=0 rethrow=0 return_oop=0}
                      ; - jdk.internal.reflect.DirectMethodHandleAccessor::invokeImpl@68 (line 156)
                      ; - jdk.internal.reflect.DirectMethodHandleAccessor::invoke@23 (line 104)
  0x000000011303c528: c003 3fd6 | e803 40b2 | e903 03aa 

  0x000000011303c534: ;   {runtime_call C1 Runtime throw_range_check_failed_blob}
  0x000000011303c534: 1e00 96d2 | de34 a3f2 | 3e00 c0f2 

  0x000000011303c540: ; ImmutableOopMap {c_rarg2=Oop c_rarg3=Oop c_rarg1=Oop c_rarg0=Oop c_rarg4=Oop [168]=Oop [176]=Oop [184]=Oop [192]=Oop [200]=Oop }
                      ;*aaload {reexecute=0 rethrow=0 return_oop=0}
                      ; - jdk.internal.reflect.DirectMethodHandleAccessor::invokeImpl@71 (line 156)
                      ; - jdk.internal.reflect.DirectMethodHandleAccessor::invoke@23 (line 104)
  0x000000011303c540: c003 3fd6 

  0x000000011303c544: ;   {metadata({method} {0x000000013840e2b0} 'invokeExact_MT' '(Ljava/lang/Object;Ljava/lang/Object;Ljava/lang/Object;Ljava/lang/Object;Ljava/lang/Object;)Ljava/lang/Object;' in 'java/lang/invoke/LambdaForm$MH+0x00003ff001004800')}
  0x000000011303c544: 0856 9cd2 | 0808 a7f2 | 2800 c0f2 | e807 00f9 | 0800 8092 | e803 00f9 

  0x000000011303c55c: ; ImmutableOopMap {c_rarg2=Oop c_rarg3=Oop c_rarg1=Oop c_rarg0=Oop c_rarg4=Oop c_rarg5=Oop [168]=Oop [176]=Oop [184]=Oop [192]=Oop [200]=Oop [208]=Oop }
                      ;*synchronization entry
                      ; - java.lang.invoke.LambdaForm$MH/0x00003ff001004800::invokeExact_MT@-1
                      ; - jdk.internal.reflect.DirectMethodHandleAccessor::invokeImpl@72 (line 156)
                      ; - jdk.internal.reflect.DirectMethodHandleAccessor::invoke@23 (line 104)
                      ;   {runtime_call C1 Runtime counter_overflow_blob}
  0x000000011303c55c: 09c7 a895 | d5fa ff17 

  0x000000011303c564: ;   {metadata({method} {0x00003ff000454120} 'checkExactType' '(Ljava/lang/invoke/MethodHandle;Ljava/lang/invoke/MethodType;)V' in 'java/lang/invoke/Invokers')}
  0x000000011303c564: 0824 88d2 | a808 a0f2 | 08fe c7f2 | e807 00f9 | 0800 8092 | e803 00f9 

  0x000000011303c57c: ; ImmutableOopMap {c_rarg2=Oop c_rarg3=Oop c_rarg1=Oop c_rarg0=Oop c_rarg4=Oop c_rarg5=Oop [168]=Oop [176]=Oop [184]=Oop [192]=Oop [200]=Oop [208]=Oop }
                      ;*synchronization entry
                      ; - java.lang.invoke.Invokers::checkExactType@-1 (line 529)
                      ; - java.lang.invoke.LambdaForm$MH/0x00003ff001004800::invokeExact_MT@11
                      ; - jdk.internal.reflect.DirectMethodHandleAccessor::invokeImpl@72 (line 156)
                      ; - jdk.internal.reflect.DirectMethodHandleAccessor::invoke@23 (line 104)
                      ;   {runtime_call C1 Runtime counter_overflow_blob}
  0x000000011303c57c: 01c7 a895 | fbfa ff17 

  0x000000011303c584: ; ImmutableOopMap {c_rarg2=Oop c_rarg3=Oop c_rarg1=Oop c_rarg0=Oop c_rarg4=Oop c_rarg5=Oop [168]=Oop [176]=Oop [184]=Oop [192]=Oop [200]=Oop [208]=Oop }
                      ;*invokevirtual type {reexecute=0 rethrow=0 return_oop=0}
                      ; - java.lang.invoke.Invokers::checkExactType@1 (line 529)
                      ; - java.lang.invoke.LambdaForm$MH/0x00003ff001004800::invokeExact_MT@11
                      ; - jdk.internal.reflect.DirectMethodHandleAccessor::invokeImpl@72 (line 156)
                      ; - jdk.internal.reflect.DirectMethodHandleAccessor::invoke@23 (line 104)
                      ;   {runtime_call C1 Runtime throw_null_pointer_exception_blob}
  0x000000011303c584: bfbb a895 

  0x000000011303c588: ;   {metadata({method} {0x00003ff000454018} 'checkCustomized' '(Ljava/lang/invoke/MethodHandle;)V' in 'java/lang/invoke/Invokers')}
  0x000000011303c588: 0803 88d2 | a808 a0f2 | 08fe c7f2 | e807 00f9 | 0800 8092 | e803 00f9 

  0x000000011303c5a0: ; ImmutableOopMap {c_rarg2=Oop c_rarg3=Oop c_rarg1=Oop c_rarg0=Oop c_rarg4=Oop c_rarg5=Oop [168]=Oop [176]=Oop [184]=Oop [192]=Oop [200]=Oop [208]=Oop }
                      ;*synchronization entry
                      ; - java.lang.invoke.Invokers::checkCustomized@-1 (line 622)
                      ; - java.lang.invoke.LambdaForm$MH/0x00003ff001004800::invokeExact_MT@15
                      ; - jdk.internal.reflect.DirectMethodHandleAccessor::invokeImpl@72 (line 156)
                      ; - jdk.internal.reflect.DirectMethodHandleAccessor::invoke@23 (line 104)
                      ;   {runtime_call C1 Runtime counter_overflow_blob}
  0x000000011303c5a0: f8c6 a895 | 56fb ff17 

  0x000000011303c5a8: ;   {metadata({method} {0x00003ff0001e5650} 'isCompileConstant' '(Ljava/lang/Object;)Z' in 'java/lang/invoke/MethodHandleImpl')}
  0x000000011303c5a8: 08ca 8ad2 | c803 a0f2 | 08fe c7f2 | e807 00f9 | 0800 8092 | e803 00f9 

  0x000000011303c5c0: ; ImmutableOopMap {c_rarg2=Oop c_rarg3=Oop c_rarg1=Oop c_rarg0=Oop c_rarg4=Oop c_rarg5=Oop [168]=Oop [176]=Oop [184]=Oop [192]=Oop [200]=Oop [208]=Oop }
                      ;*synchronization entry
                      ; - java.lang.invoke.MethodHandleImpl::isCompileConstant@-1 (line 624)
                      ; - java.lang.invoke.Invokers::checkCustomized@1 (line 622)
                      ; - java.lang.invoke.LambdaForm$MH/0x00003ff001004800::invokeExact_MT@15
                      ; - jdk.internal.reflect.DirectMethodHandleAccessor::invokeImpl@72 (line 156)
                      ; - jdk.internal.reflect.DirectMethodHandleAccessor::invoke@23 (line 104)
                      ;   {runtime_call C1 Runtime counter_overflow_blob}
  0x000000011303c5c0: f0c6 a895 | 5dfb ff17 

  0x000000011303c5c8: ; ImmutableOopMap {c_rarg2=Oop c_rarg3=Oop c_rarg1=Oop c_rarg0=Oop c_rarg4=Oop c_rarg5=Oop [168]=Oop [176]=Oop [184]=Oop [192]=Oop [200]=Oop [208]=Oop }
                      ;*getfield customized {reexecute=1 rethrow=0 return_oop=0}
                      ; - (reexecute) java.lang.invoke.Invokers::checkCustomized@12 (line 625)
                      ; - java.lang.invoke.LambdaForm$MH/0x00003ff001004800::invokeExact_MT@15
                      ; - jdk.internal.reflect.DirectMethodHandleAccessor::invokeImpl@72 (line 156)
                      ; - jdk.internal.reflect.DirectMethodHandleAccessor::invoke@23 (line 104)
                      ;   {runtime_call C1 Runtime throw_null_pointer_exception_blob}
  0x000000011303c5c8: aebb a895 

  0x000000011303c5cc: ;   {internal_word}
  0x000000011303c5cc: 0886 ff10 | 8833 02f9 

  0x000000011303c5d4: ;   {runtime_call SafepointBlob}
  0x000000011303c5d4: 2b75 a515 

  0x000000011303c5d8: ; ImmutableOopMap {c_rarg2=Oop c_rarg3=Oop c_rarg1=Oop c_rarg0=Oop [168]=Oop [176]=Oop [184]=Oop [224]=Oop }
                      ;*aaload {reexecute=0 rethrow=0 return_oop=0}
                      ; - jdk.internal.reflect.DirectMethodHandleAccessor::invokeImpl@54 (line 155)
                      ; - jdk.internal.reflect.DirectMethodHandleAccessor::invoke@23 (line 104)
                      ;   {runtime_call C1 Runtime throw_null_pointer_exception_blob}
  0x000000011303c5d8: aabb a895 | 0800 80d2 | e903 03aa 

  0x000000011303c5e4: ;   {runtime_call C1 Runtime throw_range_check_failed_blob}
  0x000000011303c5e4: 1e00 96d2 | de34 a3f2 | 3e00 c0f2 

  0x000000011303c5f0: ; ImmutableOopMap {c_rarg2=Oop c_rarg3=Oop c_rarg1=Oop c_rarg0=Oop [168]=Oop [176]=Oop [184]=Oop [224]=Oop }
                      ;*aaload {reexecute=0 rethrow=0 return_oop=0}
                      ; - jdk.internal.reflect.DirectMethodHandleAccessor::invokeImpl@54 (line 155)
                      ; - jdk.internal.reflect.DirectMethodHandleAccessor::invoke@23 (line 104)
  0x000000011303c5f0: c003 3fd6 

  0x000000011303c5f4: ;   {metadata({method} {0x00003ff0001fc788} 'invokeExact_MT' '(Ljava/lang/Object;Ljava/lang/Object;Ljava/lang/Object;Ljava/lang/Object;)Ljava/lang/Object;' in 'java/lang/invoke/Invokers$Holder')}
  0x000000011303c5f4: 08f1 98d2 | e803 a0f2 | 08fe c7f2 | e807 00f9 | 0800 8092 | e803 00f9 

  0x000000011303c60c: ; ImmutableOopMap {c_rarg2=Oop c_rarg3=Oop c_rarg1=Oop c_rarg0=Oop c_rarg4=Oop [168]=Oop [176]=Oop [184]=Oop [216]=Oop [224]=Oop }
                      ;*synchronization entry
                      ; - java.lang.invoke.Invokers$Holder::invokeExact_MT@-1
                      ; - jdk.internal.reflect.DirectMethodHandleAccessor::invokeImpl@55 (line 155)
                      ; - jdk.internal.reflect.DirectMethodHandleAccessor::invoke@23 (line 104)
                      ;   {runtime_call C1 Runtime counter_overflow_blob}
  0x000000011303c60c: ddc6 a895 | 55fc ff17 

  0x000000011303c614: ;   {metadata({method} {0x00003ff000454120} 'checkExactType' '(Ljava/lang/invoke/MethodHandle;Ljava/lang/invoke/MethodType;)V' in 'java/lang/invoke/Invokers')}
  0x000000011303c614: 0824 88d2 | a808 a0f2 | 08fe c7f2 | e807 00f9 | 0800 8092 | e803 00f9 

  0x000000011303c62c: ; ImmutableOopMap {c_rarg2=Oop c_rarg3=Oop c_rarg1=Oop c_rarg0=Oop c_rarg4=Oop [168]=Oop [176]=Oop [184]=Oop [216]=Oop [224]=Oop }
                      ;*synchronization entry
                      ; - java.lang.invoke.Invokers::checkExactType@-1 (line 529)
                      ; - java.lang.invoke.Invokers$Holder::invokeExact_MT@10
                      ; - jdk.internal.reflect.DirectMethodHandleAccessor::invokeImpl@55 (line 155)
                      ; - jdk.internal.reflect.DirectMethodHandleAccessor::invoke@23 (line 104)
                      ;   {runtime_call C1 Runtime counter_overflow_blob}
  0x000000011303c62c: d5c6 a895 | 65fc ff17 

  0x000000011303c634: ; ImmutableOopMap {c_rarg2=Oop c_rarg3=Oop c_rarg1=Oop c_rarg0=Oop c_rarg4=Oop [168]=Oop [176]=Oop [184]=Oop [216]=Oop [224]=Oop }
                      ;*invokevirtual type {reexecute=0 rethrow=0 return_oop=0}
                      ; - java.lang.invoke.Invokers::checkExactType@1 (line 529)
                      ; - java.lang.invoke.Invokers$Holder::invokeExact_MT@10
                      ; - jdk.internal.reflect.DirectMethodHandleAccessor::invokeImpl@55 (line 155)
                      ; - jdk.internal.reflect.DirectMethodHandleAccessor::invoke@23 (line 104)
                      ;   {runtime_call C1 Runtime throw_null_pointer_exception_blob}
  0x000000011303c634: 93bb a895 

  0x000000011303c638: ;   {metadata({method} {0x00003ff000454018} 'checkCustomized' '(Ljava/lang/invoke/MethodHandle;)V' in 'java/lang/invoke/Invokers')}
  0x000000011303c638: 0803 88d2 | a808 a0f2 | 08fe c7f2 | e807 00f9 | 0800 8092 | e803 00f9 

  0x000000011303c650: ; ImmutableOopMap {c_rarg2=Oop c_rarg3=Oop c_rarg1=Oop c_rarg0=Oop c_rarg4=Oop [168]=Oop [176]=Oop [184]=Oop [216]=Oop [224]=Oop }
                      ;*synchronization entry
                      ; - java.lang.invoke.Invokers::checkCustomized@-1 (line 622)
                      ; - java.lang.invoke.Invokers$Holder::invokeExact_MT@14
                      ; - jdk.internal.reflect.DirectMethodHandleAccessor::invokeImpl@55 (line 155)
                      ; - jdk.internal.reflect.DirectMethodHandleAccessor::invoke@23 (line 104)
                      ;   {runtime_call C1 Runtime counter_overflow_blob}
  0x000000011303c650: ccc6 a895 | a6fc ff17 

  0x000000011303c658: ;   {metadata({method} {0x00003ff0001e5650} 'isCompileConstant' '(Ljava/lang/Object;)Z' in 'java/lang/invoke/MethodHandleImpl')}
  0x000000011303c658: 08ca 8ad2 | c803 a0f2 | 08fe c7f2 | e807 00f9 | 0800 8092 | e803 00f9 

  0x000000011303c670: ; ImmutableOopMap {c_rarg2=Oop c_rarg3=Oop c_rarg1=Oop c_rarg0=Oop c_rarg4=Oop [168]=Oop [176]=Oop [184]=Oop [216]=Oop [224]=Oop }
                      ;*synchronization entry
                      ; - java.lang.invoke.MethodHandleImpl::isCompileConstant@-1 (line 624)
                      ; - java.lang.invoke.Invokers::checkCustomized@1 (line 622)
                      ; - java.lang.invoke.Invokers$Holder::invokeExact_MT@14
                      ; - jdk.internal.reflect.DirectMethodHandleAccessor::invokeImpl@55 (line 155)
                      ; - jdk.internal.reflect.DirectMethodHandleAccessor::invoke@23 (line 104)
                      ;   {runtime_call C1 Runtime counter_overflow_blob}
  0x000000011303c670: c4c6 a895 | adfc ff17 

  0x000000011303c678: ; ImmutableOopMap {c_rarg2=Oop c_rarg3=Oop c_rarg1=Oop c_rarg0=Oop c_rarg4=Oop [168]=Oop [176]=Oop [184]=Oop [216]=Oop [224]=Oop }
                      ;*getfield customized {reexecute=1 rethrow=0 return_oop=0}
                      ; - (reexecute) java.lang.invoke.Invokers::checkCustomized@12 (line 625)
                      ; - java.lang.invoke.Invokers$Holder::invokeExact_MT@14
                      ; - jdk.internal.reflect.DirectMethodHandleAccessor::invokeImpl@55 (line 155)
                      ; - jdk.internal.reflect.DirectMethodHandleAccessor::invoke@23 (line 104)
                      ;   {runtime_call C1 Runtime throw_null_pointer_exception_blob}
  0x000000011303c678: 82bb a895 

  0x000000011303c67c: ;   {internal_word}
  0x000000011303c67c: 68a6 ff10 | 8833 02f9 

  0x000000011303c684: ;   {runtime_call SafepointBlob}
  0x000000011303c684: ff74 a515 

  0x000000011303c688: ;   {metadata({method} {0x00003ff0001fc6d8} 'invokeExact_MT' '(Ljava/lang/Object;Ljava/lang/Object;Ljava/lang/Object;)Ljava/lang/Object;' in 'java/lang/invoke/Invokers$Holder')}
  0x000000011303c688: 08db 98d2 | e803 a0f2 | 08fe c7f2 | e807 00f9 | 0800 8092 | e803 00f9 

  0x000000011303c6a0: ; ImmutableOopMap {c_rarg1=Oop c_rarg0=Oop [168]=Oop [176]=Oop [184]=Oop [232]=Oop }
                      ;*synchronization entry
                      ; - java.lang.invoke.Invokers$Holder::invokeExact_MT@-1
                      ; - jdk.internal.reflect.DirectMethodHandleAccessor::invokeImpl@41 (line 154)
                      ; - jdk.internal.reflect.DirectMethodHandleAccessor::invoke@23 (line 104)
                      ;   {runtime_call C1 Runtime counter_overflow_blob}
  0x000000011303c6a0: b8c6 a895 | 49fd ff17 

  0x000000011303c6a8: ;   {metadata({method} {0x00003ff000454120} 'checkExactType' '(Ljava/lang/invoke/MethodHandle;Ljava/lang/invoke/MethodType;)V' in 'java/lang/invoke/Invokers')}
  0x000000011303c6a8: 0824 88d2 | a808 a0f2 | 08fe c7f2 | e807 00f9 | 0800 8092 | e803 00f9 

  0x000000011303c6c0: ; ImmutableOopMap {c_rarg1=Oop c_rarg0=Oop [168]=Oop [176]=Oop [184]=Oop [232]=Oop }
                      ;*synchronization entry
                      ; - java.lang.invoke.Invokers::checkExactType@-1 (line 529)
                      ; - java.lang.invoke.Invokers$Holder::invokeExact_MT@10
                      ; - jdk.internal.reflect.DirectMethodHandleAccessor::invokeImpl@41 (line 154)
                      ; - jdk.internal.reflect.DirectMethodHandleAccessor::invoke@23 (line 104)
                      ;   {runtime_call C1 Runtime counter_overflow_blob}
  0x000000011303c6c0: b0c6 a895 | 59fd ff17 

  0x000000011303c6c8: ; ImmutableOopMap {c_rarg1=Oop c_rarg0=Oop [168]=Oop [176]=Oop [184]=Oop [232]=Oop }
                      ;*invokevirtual type {reexecute=0 rethrow=0 return_oop=0}
                      ; - java.lang.invoke.Invokers::checkExactType@1 (line 529)
                      ; - java.lang.invoke.Invokers$Holder::invokeExact_MT@10
                      ; - jdk.internal.reflect.DirectMethodHandleAccessor::invokeImpl@41 (line 154)
                      ; - jdk.internal.reflect.DirectMethodHandleAccessor::invoke@23 (line 104)
                      ;   {runtime_call C1 Runtime throw_null_pointer_exception_blob}
  0x000000011303c6c8: 6ebb a895 

  0x000000011303c6cc: ;   {metadata({method} {0x00003ff000454018} 'checkCustomized' '(Ljava/lang/invoke/MethodHandle;)V' in 'java/lang/invoke/Invokers')}
  0x000000011303c6cc: 0803 88d2 | a808 a0f2 | 08fe c7f2 | e807 00f9 | 0800 8092 | e803 00f9 

  0x000000011303c6e4: ; ImmutableOopMap {c_rarg1=Oop c_rarg0=Oop [168]=Oop [176]=Oop [184]=Oop [232]=Oop }
                      ;*synchronization entry
                      ; - java.lang.invoke.Invokers::checkCustomized@-1 (line 622)
                      ; - java.lang.invoke.Invokers$Holder::invokeExact_MT@14
                      ; - jdk.internal.reflect.DirectMethodHandleAccessor::invokeImpl@41 (line 154)
                      ; - jdk.internal.reflect.DirectMethodHandleAccessor::invoke@23 (line 104)
                      ;   {runtime_call C1 Runtime counter_overflow_blob}
  0x000000011303c6e4: a7c6 a895 | 9afd ff17 

  0x000000011303c6ec: ;   {metadata({method} {0x00003ff0001e5650} 'isCompileConstant' '(Ljava/lang/Object;)Z' in 'java/lang/invoke/MethodHandleImpl')}
  0x000000011303c6ec: 08ca 8ad2 | c803 a0f2 | 08fe c7f2 | e807 00f9 | 0800 8092 | e803 00f9 

  0x000000011303c704: ; ImmutableOopMap {c_rarg1=Oop c_rarg0=Oop [168]=Oop [176]=Oop [184]=Oop [232]=Oop }
                      ;*synchronization entry
                      ; - java.lang.invoke.MethodHandleImpl::isCompileConstant@-1 (line 624)
                      ; - java.lang.invoke.Invokers::checkCustomized@1 (line 622)
                      ; - java.lang.invoke.Invokers$Holder::invokeExact_MT@14
                      ; - jdk.internal.reflect.DirectMethodHandleAccessor::invokeImpl@41 (line 154)
                      ; - jdk.internal.reflect.DirectMethodHandleAccessor::invoke@23 (line 104)
                      ;   {runtime_call C1 Runtime counter_overflow_blob}
  0x000000011303c704: 9fc6 a895 | a1fd ff17 

  0x000000011303c70c: ; ImmutableOopMap {c_rarg1=Oop c_rarg0=Oop [168]=Oop [176]=Oop [184]=Oop [232]=Oop }
                      ;*getfield customized {reexecute=1 rethrow=0 return_oop=0}
                      ; - (reexecute) java.lang.invoke.Invokers::checkCustomized@12 (line 625)
                      ; - java.lang.invoke.Invokers$Holder::invokeExact_MT@14
                      ; - jdk.internal.reflect.DirectMethodHandleAccessor::invokeImpl@41 (line 154)
                      ; - jdk.internal.reflect.DirectMethodHandleAccessor::invoke@23 (line 104)
                      ;   {runtime_call C1 Runtime throw_null_pointer_exception_blob}
  0x000000011303c70c: 5dbb a895 

  0x000000011303c710: ;   {internal_word}
  0x000000011303c710: 48c1 ff10 | 8833 02f9 

  0x000000011303c718: ;   {runtime_call SafepointBlob}
  0x000000011303c718: da74 a515 

  0x000000011303c71c: ; ImmutableOopMap {c_rarg0=Oop [168]=Oop [176]=Oop [184]=Oop [232]=Oop [240]=Oop }
                      ;*athrow {reexecute=1 rethrow=0 return_oop=0}
                      ; - (reexecute) java.lang.invoke.Invokers::checkExactType@15 (line 531)
                      ; - java.lang.invoke.Invokers$Holder::invokeExact_MT@10
                      ; - jdk.internal.reflect.DirectMethodHandleAccessor::invokeImpl@41 (line 154)
                      ; - jdk.internal.reflect.DirectMethodHandleAccessor::invoke@23 (line 104)
                      ;   {runtime_call C1 Runtime throw_null_pointer_exception_blob}
  0x000000011303c71c: 59bb a895 

  0x000000011303c720: ; ImmutableOopMap {c_rarg0=Oop [168]=Oop [176]=Oop [184]=Oop [216]=Oop [224]=Oop [248]=Oop }
                      ;*athrow {reexecute=1 rethrow=0 return_oop=0}
                      ; - (reexecute) java.lang.invoke.Invokers::checkExactType@15 (line 531)
                      ; - java.lang.invoke.Invokers$Holder::invokeExact_MT@10
                      ; - jdk.internal.reflect.DirectMethodHandleAccessor::invokeImpl@55 (line 155)
                      ; - jdk.internal.reflect.DirectMethodHandleAccessor::invoke@23 (line 104)
                      ;   {runtime_call C1 Runtime throw_null_pointer_exception_blob}
  0x000000011303c720: 58bb a895 

  0x000000011303c724: ; ImmutableOopMap {c_rarg0=Oop [168]=Oop [176]=Oop [184]=Oop [192]=Oop [200]=Oop [208]=Oop [256]=Oop }
                      ;*athrow {reexecute=1 rethrow=0 return_oop=0}
                      ; - (reexecute) java.lang.invoke.Invokers::checkExactType@15 (line 531)
                      ; - java.lang.invoke.LambdaForm$MH/0x00003ff001004800::invokeExact_MT@11
                      ; - jdk.internal.reflect.DirectMethodHandleAccessor::invokeImpl@72 (line 156)
                      ; - jdk.internal.reflect.DirectMethodHandleAccessor::invoke@23 (line 104)
                      ;   {runtime_call C1 Runtime throw_null_pointer_exception_blob}
  0x000000011303c724: 57bb a895 

  0x000000011303c728: ;   {metadata({method} {0x00003ff000440ec0} 'isIllegalArgument' '(Ljava/lang/RuntimeException;)Z' in 'jdk/internal/reflect/DirectMethodHandleAccessor')}
  0x000000011303c728: 08d8 81d2 | 8808 a0f2 | 08fe c7f2 | e807 00f9 | 0800 8092 | e803 00f9 

  0x000000011303c740: ; ImmutableOopMap {c_rarg0=Oop [168]=Oop [176]=Oop [184]=Oop [264]=Oop }
                      ;*synchronization entry
                      ; - jdk.internal.reflect.DirectMethodHandleAccessor::isIllegalArgument@-1 (line 192)
                      ; - jdk.internal.reflect.DirectMethodHandleAccessor::invoke@58 (line 113)
                      ;   {runtime_call C1 Runtime counter_overflow_blob}
  0x000000011303c740: 90c6 a895 | 4efe ff17 

  0x000000011303c748: ;   {metadata({method} {0x00003ff000440ec0} 'isIllegalArgument' '(Ljava/lang/RuntimeException;)Z' in 'jdk/internal/reflect/DirectMethodHandleAccessor')}
  0x000000011303c748: 08d8 81d2 | 8808 a0f2 | 08fe c7f2 | e807 00f9 | 0800 8092 | e803 00f9 

  0x000000011303c760: ; ImmutableOopMap {c_rarg0=Oop [168]=Oop [176]=Oop [184]=Oop [272]=Oop }
                      ;*synchronization entry
                      ; - jdk.internal.reflect.DirectMethodHandleAccessor::isIllegalArgument@-1 (line 192)
                      ; - jdk.internal.reflect.DirectMethodHandleAccessor::invoke@30 (line 106)
                      ;   {runtime_call C1 Runtime counter_overflow_blob}
  0x000000011303c760: 88c6 a895 | 6ffe ff17 

  0x000000011303c768: ; ImmutableOopMap {[168]=Oop [176]=Oop [184]=Oop [272]=Oop }
                      ;*new {reexecute=0 rethrow=0 return_oop=0}
                      ; - jdk.internal.reflect.DirectMethodHandleAccessor::invoke@36 (line 108)
                      ;   {runtime_call C1 Runtime fast_new_instance_blob}
  0x000000011303c768: 96bc a895 | 90fe ff17 

  0x000000011303c770: ; ImmutableOopMap {c_rarg5=Oop [168]=Oop [176]=Oop [184]=Oop [272]=Oop }
                      ;*new {reexecute=0 rethrow=0 return_oop=0}
                      ; - jdk.internal.reflect.DirectMethodHandleAccessor::invoke@46 (line 110)
                      ;   {runtime_call C1 Runtime fast_new_instance_blob}
  0x000000011303c770: 94bc a895 | b5fe ff17 

  0x000000011303c778: ; ImmutableOopMap {[168]=Oop [176]=Oop [184]=Oop [264]=Oop }
                      ;*new {reexecute=0 rethrow=0 return_oop=0}
                      ; - jdk.internal.reflect.DirectMethodHandleAccessor::invoke@64 (line 114)
                      ;   {runtime_call C1 Runtime fast_new_instance_blob}
  0x000000011303c778: 92bc a895 | d4fe ff17 

  0x000000011303c780: ; ImmutableOopMap {c_rarg5=Oop [168]=Oop [176]=Oop [184]=Oop [264]=Oop }
                      ;*new {reexecute=0 rethrow=0 return_oop=0}
                      ; - jdk.internal.reflect.DirectMethodHandleAccessor::invoke@73 (line 116)
                      ;   {runtime_call C1 Runtime fast_new_instance_blob}
  0x000000011303c780: 90bc a895 | f7fe ff17 

  0x000000011303c788: ; ImmutableOopMap {c_rarg6=Oop [168]=Oop [176]=Oop [184]=Oop }
                      ;*new {reexecute=0 rethrow=0 return_oop=0}
                      ; - jdk.internal.reflect.DirectMethodHandleAccessor::invoke@83 (line 119)
                      ;   {runtime_call C1 Runtime fast_new_instance_blob}
  0x000000011303c788: 8ebc a895 | 1cff ff17 | 8087 42f9 | 9f87 02f9 | 9f8b 02f9 | fd7b 55a9 | ff83 0591 

  0x000000011303c7a4: ;   {runtime_call C1 Runtime unwind_exception_blob}
  0x000000011303c7a4: 47b9 a815 
[Stub Code]
  0x000000011303c7a8: ;   {no_reloc}
  0x000000011303c7a8: 4800 0058 | 0001 1fd6 | 0065 cb12 | 0100 0000 

  0x000000011303c7b8: ;   {trampoline_stub}
  0x000000011303c7b8: 4800 0058 | 0001 1fd6 | 005e cb12 | 0100 0000 

  0x000000011303c7c8: ;   {static_stub}
  0x000000011303c7c8: df3f 03d5 

  0x000000011303c7cc: ;   {metadata(nullptr)}
  0x000000011303c7cc: 0c00 80d2 | 0c00 a0f2 | 0c00 c0f2 | 0800 80d2 | 0800 a0f2 | 0800 c0f2 | 0001 1fd6 

  0x000000011303c7e8: ;   {trampoline_stub}
  0x000000011303c7e8: 4800 0058 | 0001 1fd6 | c034 9919 | 0100 0000 

  0x000000011303c7f8: ;   {static_stub}
  0x000000011303c7f8: df3f 03d5 

  0x000000011303c7fc: ;   {metadata(nullptr)}
  0x000000011303c7fc: 0c00 80d2 | 0c00 a0f2 | 0c00 c0f2 | 0800 80d2 | 0800 a0f2 | 0800 c0f2 | 0001 1fd6 

  0x000000011303c818: ;   {trampoline_stub}
  0x000000011303c818: 4800 0058 | 0001 1fd6 | c034 9919 | 0100 0000 

  0x000000011303c828: ;   {trampoline_stub}
  0x000000011303c828: 4800 0058 | 0001 1fd6 | c038 9919 | 0100 0000 

  0x000000011303c838: ;   {trampoline_stub}
  0x000000011303c838: 4800 0058 | 0001 1fd6 | c034 9919 | 0100 0000 

  0x000000011303c848: ;   {trampoline_stub}
  0x000000011303c848: 4800 0058 | 0001 1fd6 | c038 9919 | 0100 0000 

  0x000000011303c858: ;   {trampoline_stub}
  0x000000011303c858: 4800 0058 | 0001 1fd6 | c0cc ef19 | 0100 0000 

  0x000000011303c868: ;   {trampoline_stub}
  0x000000011303c868: 4800 0058 | 0001 1fd6 | 0079 161a | 0100 0000 

  0x000000011303c878: ;   {trampoline_stub}
  0x000000011303c878: 4800 0058 | 0001 1fd6 | 00a1 ee19 | 0100 0000 

  0x000000011303c888: ;   {trampoline_stub}
  0x000000011303c888: 4800 0058 | 0001 1fd6 | c038 9919 | 0100 0000 

  0x000000011303c898: ;   {trampoline_stub}
  0x000000011303c898: 4800 0058 | 0001 1fd6 | c038 9919 | 0100 0000 

  0x000000011303c8a8: ;   {trampoline_stub}
  0x000000011303c8a8: 4800 0058 | 0001 1fd6 | c038 9919 | 0100 0000 

  0x000000011303c8b8: ;   {static_stub}
  0x000000011303c8b8: df3f 03d5 

  0x000000011303c8bc: ;   {metadata(nullptr)}
  0x000000011303c8bc: 0c00 80d2 | 0c00 a0f2 | 0c00 c0f2 | 0800 80d2 | 0800 a0f2 | 0800 c0f2 | 0001 1fd6 

  0x000000011303c8d8: ;   {trampoline_stub}
  0x000000011303c8d8: 4800 0058 | 0001 1fd6 | c038 9919 | 0100 0000 

  0x000000011303c8e8: ;   {static_stub}
  0x000000011303c8e8: df3f 03d5 

  0x000000011303c8ec: ;   {metadata(nullptr)}
  0x000000011303c8ec: 0c00 80d2 | 0c00 a0f2 | 0c00 c0f2 | 0800 80d2 | 0800 a0f2 | 0800 c0f2 | 0001 1fd6 

  0x000000011303c908: ;   {trampoline_stub}
  0x000000011303c908: 4800 0058 | 0001 1fd6 | c038 9919 | 0100 0000 

  0x000000011303c918: ;   {trampoline_stub}
  0x000000011303c918: 4800 0058 | 0001 1fd6 | c034 9919 | 0100 0000 

  0x000000011303c928: ;   {trampoline_stub}
  0x000000011303c928: 4800 0058 | 0001 1fd6 | c034 9919 | 0100 0000 

  0x000000011303c938: ;   {trampoline_stub}
  0x000000011303c938: 4800 0058 | 0001 1fd6 | c034 9919 | 0100 0000 

  0x000000011303c948: ;   {trampoline_stub}
  0x000000011303c948: 4800 0058 | 0001 1fd6 | c034 9919 | 0100 0000 

  0x000000011303c958: ;   {trampoline_stub}
  0x000000011303c958: 4800 0058 | 0001 1fd6 | c034 9919 | 0100 0000 

  0x000000011303c968: ;   {static_stub}
  0x000000011303c968: df3f 03d5 

  0x000000011303c96c: ;   {metadata(nullptr)}
  0x000000011303c96c: 0c00 80d2 | 0c00 a0f2 | 0c00 c0f2 | 0800 80d2 | 0800 a0f2 | 0800 c0f2 | 0001 1fd6 

  0x000000011303c988: ;   {static_stub}
  0x000000011303c988: df3f 03d5 

  0x000000011303c98c: ;   {metadata(nullptr)}
  0x000000011303c98c: 0c00 80d2 | 0c00 a0f2 | 0c00 c0f2 | 0800 80d2 | 0800 a0f2 | 0800 c0f2 | 0001 1fd6 

  0x000000011303c9a8: ;   {static_stub}
  0x000000011303c9a8: df3f 03d5 

  0x000000011303c9ac: ;   {metadata(nullptr)}
  0x000000011303c9ac: 0c00 80d2 | 0c00 a0f2 | 0c00 c0f2 | 0800 80d2 | 0800 a0f2 | 0800 c0f2 | 0001 1fd6 

  0x000000011303c9c8: ;   {static_stub}
  0x000000011303c9c8: df3f 03d5 

  0x000000011303c9cc: ;   {metadata(nullptr)}
  0x000000011303c9cc: 0c00 80d2 | 0c00 a0f2 | 0c00 c0f2 | 0800 80d2 | 0800 a0f2 | 0800 c0f2 | 0001 1fd6 

  0x000000011303c9e8: ;   {static_stub}
  0x000000011303c9e8: df3f 03d5 

  0x000000011303c9ec: ;   {metadata(nullptr)}
  0x000000011303c9ec: 0c00 80d2 | 0c00 a0f2 | 0c00 c0f2 | 0800 80d2 | 0800 a0f2 | 0800 c0f2 | 0001 1fd6 

  0x000000011303ca08: ;   {static_stub}
  0x000000011303ca08: df3f 03d5 

  0x000000011303ca0c: ;   {metadata(nullptr)}
  0x000000011303ca0c: 0c00 80d2 | 0c00 a0f2 | 0c00 c0f2 | 0800 80d2 | 0800 a0f2 | 0800 c0f2 | 0001 1fd6 

  0x000000011303ca28: ;   {static_stub}
  0x000000011303ca28: df3f 03d5 

  0x000000011303ca2c: ;   {metadata(nullptr)}
  0x000000011303ca2c: 0c00 80d2 | 0c00 a0f2 | 0c00 c0f2 | 0800 80d2 | 0800 a0f2 | 0800 c0f2 | 0001 1fd6 

  0x000000011303ca48: ;   {static_stub}
  0x000000011303ca48: df3f 03d5 

  0x000000011303ca4c: ;   {metadata(nullptr)}
  0x000000011303ca4c: 0c00 80d2 | 0c00 a0f2 | 0c00 c0f2 | 0800 80d2 | 0800 a0f2 | 0800 c0f2 | 0001 1fd6 

  0x000000011303ca68: ;   {static_stub}
  0x000000011303ca68: df3f 03d5 

  0x000000011303ca6c: ;   {metadata(nullptr)}
  0x000000011303ca6c: 0c00 80d2 | 0c00 a0f2 | 0c00 c0f2 | 0800 80d2 | 0800 a0f2 | 0800 c0f2 | 0001 1fd6 

  0x000000011303ca88: ;   {static_stub}
  0x000000011303ca88: df3f 03d5 

  0x000000011303ca8c: ;   {metadata(nullptr)}
  0x000000011303ca8c: 0c00 80d2 | 0c00 a0f2 | 0c00 c0f2 | 0800 80d2 | 0800 a0f2 | 0800 c0f2 | 0001 1fd6 
[Exception Handler]
  0x000000011303caa8: ;   {runtime_call C1 Runtime handle_exception_from_callee_blob}
  0x000000011303caa8: d6be a895 | c1d5 bbd4 | fd59 3b09 | 0100 0000 
[Deopt Handler Code]
  0x000000011303cab8: 1e00 0010 

  0x000000011303cabc: ;   {runtime_call DeoptimizationBlob}
  0x000000011303cabc: 7174 a515 
[Deopt MH Handler Code]
  0x000000011303cac0: 1e00 0010 

  0x000000011303cac4: ;   {runtime_call DeoptimizationBlob}
  0x000000011303cac4: 6f74 a515 
[/MachCode]


---------------  P R O C E S S  ---------------

Threads class SMR info:
_java_thread_list=0x0000000acd6e3960, length=21, elements={
0x000000010365b6d0, 0x0000000ad1020000, 0x0000000ad1020800, 0x0000000ad1021000,
0x0000000ad1021800, 0x0000000ad1022000, 0x0000000ad1022800, 0x0000000ad1023000,
0x0000000ad1023800, 0x0000000ad1530000, 0x0000000ad1530800, 0x0000000ad1531000,
0x0000000ad1591000, 0x0000000ad1592000, 0x0000000ad11e1800, 0x0000000ad11e0800,
0x0000000ad11e2800, 0x0000000ad11bb800, 0x0000000ad1101800, 0x0000000ad1593800,
0x0000000ad1590800
}

Java Threads: ( => current thread )
=>0x000000010365b6d0 JavaThread "main"                              [_thread_in_Java, id=5891, stack(0x000000016d188000,0x000000016d38b000) (2060K)]
  0x0000000ad1020000 JavaThread "Reference Handler"          daemon [_thread_blocked, id=29699, stack(0x000000016e300000,0x000000016e503000) (2060K)]
  0x0000000ad1020800 JavaThread "Finalizer"                  daemon [_thread_blocked, id=29443, stack(0x000000016e50c000,0x000000016e70f000) (2060K)]
  0x0000000ad1021000 JavaThread "Signal Dispatcher"          daemon [_thread_blocked, id=25347, stack(0x000000016e718000,0x000000016e91b000) (2060K)]
  0x0000000ad1021800 JavaThread "Service Thread"             daemon [_thread_blocked, id=28931, stack(0x000000016e924000,0x000000016eb27000) (2060K)]
  0x0000000ad1022000 JavaThread "Monitor Deflation Thread"   daemon [_thread_blocked, id=28675, stack(0x000000016eb30000,0x000000016ed33000) (2060K)]
  0x0000000ad1022800 JavaThread "C2 CompilerThread0"         daemon [_thread_blocked, id=28419, stack(0x000000016ed3c000,0x000000016ef3f000) (2060K)]
  0x0000000ad1023000 JavaThread "C1 CompilerThread0"         daemon [_thread_blocked, id=27907, stack(0x000000016ef48000,0x000000016f14b000) (2060K)]
  0x0000000ad1023800 JavaThread "JDWP Transport Listener: dt_socket" daemon [_thread_blocked, id=26627, stack(0x000000016f154000,0x000000016f357000) (2060K)]
  0x0000000ad1530000 JavaThread "JDWP Event Helper Thread"   daemon [_thread_blocked, id=27651, stack(0x000000016f360000,0x000000016f563000) (2060K)]
  0x0000000ad1530800 JavaThread "JDWP Command Reader"        daemon [_thread_in_native, id=27395, stack(0x000000016f56c000,0x000000016f76f000) (2060K)]
  0x0000000ad1531000 JavaThread "Common-Cleaner"             daemon [_thread_blocked, id=43267, stack(0x000000016f778000,0x000000016f97b000) (2060K)]
  0x0000000ad1591000 JavaThread "Notification Thread"        daemon [_thread_blocked, id=43011, stack(0x000000016f984000,0x000000016fb87000) (2060K)]
  0x0000000ad1592000 JavaThread "ReaderThread"                      [_thread_in_native, id=33539, stack(0x000000016fb90000,0x000000016fd93000) (2060K)]
  0x0000000ad11e1800 JavaThread "VirtualThread-unblocker"    daemon [_thread_blocked, id=39939, stack(0x0000000171420000,0x0000000171623000) (2060K)]
  0x0000000ad11e0800 JavaThread "Read-Poller"                daemon [_thread_in_native, id=39683, stack(0x0000000171838000,0x0000000171a3b000) (2060K)]
  0x0000000ad11e2800 JavaThread "Write-Poller"               daemon [_thread_in_native, id=39171, stack(0x0000000171a44000,0x0000000171c47000) (2060K)]
  0x0000000ad11bb800 JavaThread "VirtualThread-unparker"     daemon [_thread_blocked, id=37635, stack(0x0000000171c50000,0x0000000171e53000) (2060K)]
  0x0000000ad1101800 JavaThread "VirtualThread-unparker"     daemon [_thread_blocked, id=36547, stack(0x000000017268c000,0x000000017288f000) (2060K)]
  0x0000000ad1593800 JavaThread "tend"                       daemon [_thread_blocked, id=45235, stack(0x0000000171008000,0x000000017120b000) (2060K)]
  0x0000000ad1590800 JavaThread "indexMonitorThread"         daemon [_thread_blocked, id=44891, stack(0x0000000171214000,0x0000000171417000) (2060K)]
Total: 21

Other Threads:
  0x0000000ad0489c00 VMThread "VM Thread"                           [id=19715, stack(0x000000016dfdc000,0x000000016e1df000) (2060K)]
  0x0000000ad0489400 WatcherThread "VM Periodic Task Thread"        [id=20751, stack(0x000000016ddd0000,0x000000016dfd3000) (2060K)]
  0x0000000103668a40 WorkerThread "GC Thread#0"                     [id=12547, stack(0x000000016d394000,0x000000016d597000) (2060K)]
  0x0000000ace943400 WorkerThread "GC Thread#1"                     [id=42755, stack(0x000000016fd9c000,0x000000016ff9f000) (2060K)]
  0x0000000ace943800 WorkerThread "GC Thread#2"                     [id=34307, stack(0x000000016ffa8000,0x00000001701ab000) (2060K)]
  0x0000000ace943c00 WorkerThread "GC Thread#3"                     [id=42243, stack(0x00000001701b4000,0x00000001703b7000) (2060K)]
  0x0000000ace9b8000 WorkerThread "GC Thread#4"                     [id=41987, stack(0x00000001703c0000,0x00000001705c3000) (2060K)]
  0x0000000ace9b8400 WorkerThread "GC Thread#5"                     [id=34819, stack(0x00000001705cc000,0x00000001707cf000) (2060K)]
  0x0000000ace9b8800 WorkerThread "GC Thread#6"                     [id=41219, stack(0x00000001707d8000,0x00000001709db000) (2060K)]
  0x0000000ace9b8c00 WorkerThread "GC Thread#7"                     [id=35075, stack(0x00000001709e4000,0x0000000170be7000) (2060K)]
  0x0000000ace9b9000 WorkerThread "GC Thread#8"                     [id=35587, stack(0x0000000170bf0000,0x0000000170df3000) (2060K)]
  0x0000000103669890 ConcurrentGCThread "G1 Main Marker"            [id=14083, stack(0x000000016d5a0000,0x000000016d7a3000) (2060K)]
  0x0000000ad0488000 WorkerThread "G1 Conc#0"                       [id=13571, stack(0x000000016d7ac000,0x000000016d9af000) (2060K)]
  0x0000000acdafc800 WorkerThread "G1 Conc#1"                       [id=40707, stack(0x0000000170dfc000,0x0000000170fff000) (2060K)]
  0x000000010366c2e0 ConcurrentGCThread "G1 Refine#0"               [id=16643, stack(0x000000016d9b8000,0x000000016dbbb000) (2060K)]
  0x0000000ad0488c00 ConcurrentGCThread "G1 Service"                [id=21251, stack(0x000000016dbc4000,0x000000016ddc7000) (2060K)]
Total: 16

Threads with active compile tasks:
Total: 0

VM state: not at safepoint (normal execution)

VM Mutex/Monitor currently owned by a thread: None

Heap address: 0x0000007000800000, size: 16384 MB, Compressed Oops mode: Non-zero disjoint base: 0x0000007000000000, Oop shift amount: 3

CDS archive(s) mapped at: [0x00003ff000000000-0x00003ff000d18000-0x00003ff000d18000), size 13729792, SharedBaseAddress: 0x00003ff000000000, ArchiveRelocationMode: 1.
Compressed class space mapped at: 0x00003ff001000000-0x00003ff041000000, reserved size: 1073741824
UseCompressedClassPointers 1, UseCompactObjectHeaders 0
Narrow klass pointer bits 32, Max shift 3
Narrow klass base: 0x00003ff000000000, Narrow klass shift: 0
Encoding Range: [0x00003ff000000000 - 0x00003ff100000000), (4294967296 bytes)
Klass Range:    [0x00003ff000000000 - 0x00003ff041000000), (1090519040 bytes)
Klass ID Range:  [8 - 1090519033) (1090519025)

GC Precious Log:
 CardTable entry size: 512
 Card Set container configuration: InlinePtr #cards 4 size 8 Array Of Cards #cards 64 size 144 Howl #buckets 8 coarsen threshold 14745 Howl Bitmap #cards 2048 size 272 coarsen threshold 1843 Card regions per heap region 1 cards per card region 16384
 CPUs: 10 total, 10 available
 Memory: 65536M
 Large Page Support: Disabled
 NUMA Support: Disabled
 Compressed Oops: Enabled (Non-zero disjoint base)
 Heap Region Size: 8M
 Heap Min Capacity: 8M
 Heap Initial Capacity: 1G
 Heap Max Capacity: 16G
 Pre-touch: Disabled
 Parallel Workers: 9
 Concurrent Workers: 2
 Concurrent Refinement Workers: 9
 Periodic GC: Disabled

Heap:
 garbage-first heap   total reserved 16777216K, committed 180224K, used 122171K [0x0000007000800000, 0x0000007400800000)
  region size 8192K, 8 young (65536K), 1 survivors (8192K)
 Metaspace       used 25810K, committed 26304K, reserved 1114112K
  class space    used 2900K, committed 3136K, reserved 1048576K

Heap Regions: E=young(eden), S=young(survivor), O=old, HS=humongous(starts), HC=humongous(continues), CS=collection set, F=free, TAMS=top-at-mark-start, PB=parsable bottom
|   0|0x0000007000800000, 0x0000007001000000, 0x0000007001000000|100%| O|  |TAMS 0x0000007000800000| PB 0x0000007000800000| Untracked |  0
|   1|0x0000007001000000, 0x0000007001800000, 0x0000007001800000|100%| O|  |TAMS 0x0000007001000000| PB 0x0000007001000000| Untracked |  0
|   2|0x0000007001800000, 0x0000007002000000, 0x0000007002000000|100%| O|  |TAMS 0x0000007001800000| PB 0x0000007001800000| Untracked |  0
|   3|0x0000007002000000, 0x0000007002800000, 0x0000007002800000|100%| O|  |TAMS 0x0000007002000000| PB 0x0000007002000000| Untracked |  0
|   4|0x0000007002800000, 0x0000007003000000, 0x0000007003000000|100%| O|  |TAMS 0x0000007002800000| PB 0x0000007002800000| Untracked |  0
|   5|0x0000007003000000, 0x0000007003800000, 0x0000007003800000|100%| O|  |TAMS 0x0000007003000000| PB 0x0000007003000000| Untracked |  0
|   6|0x0000007003800000, 0x0000007004000000, 0x0000007004000000|100%| O|  |TAMS 0x0000007003800000| PB 0x0000007003800000| Untracked |  0
|   7|0x0000007004000000, 0x0000007004800000, 0x0000007004800000|100%| O|  |TAMS 0x0000007004000000| PB 0x0000007004000000| Untracked |  0
|   8|0x0000007004800000, 0x0000007004800000, 0x0000007005000000|  0%| F|  |TAMS 0x0000007004800000| PB 0x0000007004800000| Untracked |  0
|   9|0x0000007005000000, 0x0000007005000000, 0x0000007005800000|  0%| F|  |TAMS 0x0000007005000000| PB 0x0000007005000000| Untracked |  0
|  10|0x0000007005800000, 0x0000007005800000, 0x0000007006000000|  0%| F|  |TAMS 0x0000007005800000| PB 0x0000007005800000| Untracked |  0
|  11|0x0000007006000000, 0x0000007006000000, 0x0000007006800000|  0%| F|  |TAMS 0x0000007006000000| PB 0x0000007006000000| Untracked |  0
|  12|0x0000007006800000, 0x0000007006b65b10, 0x0000007007000000| 42%| O|  |TAMS 0x0000007006800000| PB 0x0000007006800000| Untracked |  0
|  13|0x0000007007000000, 0x0000007007000000, 0x0000007007800000|  0%| F|  |TAMS 0x0000007007000000| PB 0x0000007007000000| Untracked |  0
|  14|0x0000007007800000, 0x0000007007be9220, 0x0000007008000000| 48%| S|CS|TAMS 0x0000007007800000| PB 0x0000007007800000| Complete |  0
|  15|0x0000007008000000, 0x00000070082505c8, 0x0000007008800000| 28%| E|  |TAMS 0x0000007008000000| PB 0x0000007008000000| Complete |  0
| 120|0x000000703c800000, 0x000000703d000000, 0x000000703d000000|100%| E|CS|TAMS 0x000000703c800000| PB 0x000000703c800000| Complete |  0
| 121|0x000000703d000000, 0x000000703d800000, 0x000000703d800000|100%| E|CS|TAMS 0x000000703d000000| PB 0x000000703d000000| Complete |  0
| 122|0x000000703d800000, 0x000000703e000000, 0x000000703e000000|100%| E|CS|TAMS 0x000000703d800000| PB 0x000000703d800000| Complete |  0
| 123|0x000000703e000000, 0x000000703e800000, 0x000000703e800000|100%| E|CS|TAMS 0x000000703e000000| PB 0x000000703e000000| Complete |  0
| 127|0x0000007040000000, 0x0000007040800000, 0x0000007040800000|100%| E|CS|TAMS 0x0000007040000000| PB 0x0000007040000000| Complete |  0
|2047|0x0000007400000000, 0x0000007400800000, 0x0000007400800000|100%| E|CS|TAMS 0x0000007400000000| PB 0x0000007400000000| Complete |  0

Card table byte_map: [0x0000000123424000,0x0000000125424000] _byte_map_base: 0x00000000eb420000

Marking Bits: (CMBitMap*) 0x00000001036690b0
 Bits: [0x0000000125424000, 0x0000000135424000)

Polling page: 0x0000000102d2c000

Metaspace:

Usage:
  Non-class:     22.37 MB used.
      Class:      2.83 MB used.
       Both:     25.21 MB used.

Virtual space:
  Non-class space:       64.00 MB reserved,      22.62 MB ( 35%) committed,  1 nodes.
      Class space:        1.00 GB reserved,       3.06 MB ( <1%) committed,  1 nodes.
             Both:        1.06 GB reserved,      25.69 MB (  2%) committed. 

Chunk freelists:
   Non-Class:  9.32 MB
       Class:  12.93 MB
        Both:  22.25 MB

MaxMetaspaceSize: unlimited
CompressedClassSpaceSize: 1.00 GB
Initial GC threshold: 21.00 MB
Current GC threshold: 42.31 MB
CDS: on
 - commit_granule_bytes: 65536.
 - commit_granule_words: 8192.
 - virtual_space_node_default_size: 8388608.
 - enlarge_chunks_in_place: 1.
UseCompressedClassPointers 1, UseCompactObjectHeaders 0
Narrow klass pointer bits 32, Max shift 3
Narrow klass base: 0x00003ff000000000, Narrow klass shift: 0
Encoding Range: [0x00003ff000000000 - 0x00003ff100000000), (4294967296 bytes)
Klass Range:    [0x00003ff000000000 - 0x00003ff041000000), (1090519040 bytes)
Klass ID Range:  [8 - 1090519033) (1090519025)


Internal statistics:

num_allocs_failed_limit: 3.
num_arena_births: 496.
num_arena_deaths: 0.
num_vsnodes_births: 2.
num_vsnodes_deaths: 0.
num_space_committed: 411.
num_space_uncommitted: 0.
num_chunks_returned_to_freelist: 3.
num_chunks_taken_from_freelist: 1359.
num_chunk_merges: 0.
num_chunk_splits: 893.
num_chunks_enlarged: 627.
num_inconsistent_stats: 0.

CodeHeap 'non-profiled nmethods': size=120048Kb used=2527Kb max_used=2919Kb free=117521Kb
 bounds [0x0000000119ee8000, 0x000000011a1c8000, 0x0000000121424000]
CodeHeap 'profiled nmethods': size=120016Kb used=9551Kb max_used=13618Kb free=110464Kb
 bounds [0x0000000112424000, 0x0000000113174000, 0x0000000119958000]
CodeHeap 'non-nmethods': size=5696Kb used=1444Kb max_used=1545Kb free=4251Kb
 bounds [0x0000000119958000, 0x0000000119bc8000, 0x0000000119ee8000]
CodeCache: size=245760Kb, used=13522Kb, max_used=18082Kb, free=232236Kb
 total_blobs=6838, nmethods=6197, adapters=550, full_count=0
Compilation: enabled, stopped_count=0, restarted_count=0

Compilation events (20 events):
Event: 284.688 Thread 0x0000000ad1023000 8187       3       java.util.stream.ReferencePipeline$5::opWrapSink (14 bytes)
Event: 284.688 Thread 0x0000000ad1023000 nmethod 8187 0x0000000112507248 code [0x00000001125073c0, 0x0000000112507958]
Event: 284.688 Thread 0x0000000ad1023000 8188       3       java.util.stream.ReferencePipeline$5$1::<init> (11 bytes)
Event: 284.688 Thread 0x0000000ad1023000 nmethod 8188 0x000000011262e688 code [0x000000011262e800, 0x000000011262ecd8]
Event: 284.688 Thread 0x0000000ad1023000 8189       3       java.util.stream.ReduceOps$8ReducingSink::begin (9 bytes)
Event: 284.688 Thread 0x0000000ad1023000 nmethod 8189 0x0000000112580c88 code [0x0000000112580d80, 0x0000000112580ea0]
Event: 284.688 Thread 0x0000000ad1023000 8190       3       java.util.stream.ReferencePipeline$5$1::accept (20 bytes)
Event: 284.688 Thread 0x0000000ad1023000 nmethod 8190 0x0000000112846008 code [0x0000000112846140, 0x0000000112846480]
Event: 284.688 Thread 0x0000000ad1023000 8191       3       com.aerospike.client.sdk.info.StatMerger$$Lambda/0x00003ff00128cdf0::applyAsLong (5 bytes)
Event: 284.688 Thread 0x0000000ad1023000 nmethod 8191 0x0000000112692d08 code [0x0000000112692e40, 0x0000000112693148]
Event: 284.688 Thread 0x0000000ad1023000 8192       3       com.aerospike.client.sdk.info.StatMerger::lambda$mergeAggregate$1 (8 bytes)
Event: 284.688 Thread 0x0000000ad1023000 nmethod 8192 0x000000011285a648 code [0x000000011285a780, 0x000000011285a9e8]
Event: 284.688 Thread 0x0000000ad1023000 8193       3       java.util.stream.ReduceOps$8ReducingSink::accept (19 bytes)
Event: 284.688 Thread 0x0000000ad1023000 nmethod 8193 0x00000001128e3888 code [0x00000001128e39c0, 0x00000001128e3be0]
Event: 284.688 Thread 0x0000000ad1023000 8186   !   3       com.aerospike.client.sdk.Node::getConnection (22 bytes)
Event: 284.689 Thread 0x0000000ad1023000 nmethod 8186 0x00000001128c0388 code [0x00000001128c04c0, 0x00000001128c07e0]
Event: 289.701 Thread 0x0000000ad1023000 8194       1       com.aerospike.ael.Index::getBin (5 bytes)
Event: 289.701 Thread 0x0000000ad1023000 nmethod 8194 0x000000011a122dc8 code [0x000000011a122ec0, 0x000000011a122fa0]
Event: 294.707 Thread 0x0000000ad1023000 8195       3       com.aerospike.client.sdk.command.Info::parseSingleResponse (67 bytes)
Event: 294.708 Thread 0x0000000ad1023000 nmethod 8195 0x00000001124f8c88 code [0x00000001124f8ec0, 0x00000001124f9d58]

GC Heap History (20 events):
Event: 133.738 GC heap before
{Heap before GC invocations=37 (full 0):
 garbage-first heap   total reserved 16777216K, committed 180224K, used 138417K [0x0000007000800000, 0x0000007400800000)
  region size 8192K, 10 young (81920K), 1 survivors (8192K)
 Metaspace       used 25569K, committed 26048K, reserved 1114112K
  class space    used 2863K, committed 3072K, reserved 1048576K
}
Event: 133.739 GC heap after
{Heap after GC invocations=38 (full 0):
 garbage-first heap   total reserved 16777216K, committed 180224K, used 69918K [0x0000007000800000, 0x0000007400800000)
  region size 8192K, 1 young (8192K), 1 survivors (8192K)
 Metaspace       used 25569K, committed 26048K, reserved 1114112K
  class space    used 2863K, committed 3072K, reserved 1048576K
}
Event: 134.327 GC heap before
{Heap before GC invocations=38 (full 0):
 garbage-first heap   total reserved 16777216K, committed 180224K, used 135454K [0x0000007000800000, 0x0000007400800000)
  region size 8192K, 10 young (81920K), 1 survivors (8192K)
 Metaspace       used 25569K, committed 26048K, reserved 1114112K
  class space    used 2863K, committed 3072K, reserved 1048576K
}
Event: 134.329 GC heap after
{Heap after GC invocations=39 (full 0):
 garbage-first heap   total reserved 16777216K, committed 180224K, used 69680K [0x0000007000800000, 0x0000007400800000)
  region size 8192K, 1 young (8192K), 1 survivors (8192K)
 Metaspace       used 25569K, committed 26048K, reserved 1114112K
  class space    used 2863K, committed 3072K, reserved 1048576K
}
Event: 134.915 GC heap before
{Heap before GC invocations=39 (full 0):
 garbage-first heap   total reserved 16777216K, committed 180224K, used 135216K [0x0000007000800000, 0x0000007400800000)
  region size 8192K, 10 young (81920K), 1 survivors (8192K)
 Metaspace       used 25569K, committed 26048K, reserved 1114112K
  class space    used 2863K, committed 3072K, reserved 1048576K
}
Event: 134.916 GC heap after
{Heap after GC invocations=40 (full 0):
 garbage-first heap   total reserved 16777216K, committed 180224K, used 71214K [0x0000007000800000, 0x0000007400800000)
  region size 8192K, 1 young (8192K), 1 survivors (8192K)
 Metaspace       used 25569K, committed 26048K, reserved 1114112K
  class space    used 2863K, committed 3072K, reserved 1048576K
}
Event: 135.595 GC heap before
{Heap before GC invocations=41 (full 0):
 garbage-first heap   total reserved 16777216K, committed 180224K, used 136750K [0x0000007000800000, 0x0000007400800000)
  region size 8192K, 10 young (81920K), 1 survivors (8192K)
 Metaspace       used 25569K, committed 26048K, reserved 1114112K
  class space    used 2863K, committed 3072K, reserved 1048576K
}
Event: 135.595 GC heap after
{Heap after GC invocations=42 (full 0):
 garbage-first heap   total reserved 16777216K, committed 180224K, used 68253K [0x0000007000800000, 0x0000007400800000)
  region size 8192K, 1 young (8192K), 1 survivors (8192K)
 Metaspace       used 25569K, committed 26048K, reserved 1114112K
  class space    used 2863K, committed 3072K, reserved 1048576K
}
Event: 136.207 GC heap before
{Heap before GC invocations=42 (full 0):
 garbage-first heap   total reserved 16777216K, committed 180224K, used 133789K [0x0000007000800000, 0x0000007400800000)
  region size 8192K, 10 young (81920K), 1 survivors (8192K)
 Metaspace       used 25569K, committed 26048K, reserved 1114112K
  class space    used 2863K, committed 3072K, reserved 1048576K
}
Event: 136.211 GC heap after
{Heap after GC invocations=43 (full 0):
 garbage-first heap   total reserved 16777216K, committed 180224K, used 68630K [0x0000007000800000, 0x0000007400800000)
  region size 8192K, 1 young (8192K), 1 survivors (8192K)
 Metaspace       used 25569K, committed 26048K, reserved 1114112K
  class space    used 2863K, committed 3072K, reserved 1048576K
}
Event: 136.738 GC heap before
{Heap before GC invocations=43 (full 0):
 garbage-first heap   total reserved 16777216K, committed 180224K, used 134166K [0x0000007000800000, 0x0000007400800000)
  region size 8192K, 10 young (81920K), 1 survivors (8192K)
 Metaspace       used 25570K, committed 26048K, reserved 1114112K
  class space    used 2863K, committed 3072K, reserved 1048576K
}
Event: 136.739 GC heap after
{Heap after GC invocations=44 (full 0):
 garbage-first heap   total reserved 16777216K, committed 180224K, used 70168K [0x0000007000800000, 0x0000007400800000)
  region size 8192K, 1 young (8192K), 1 survivors (8192K)
 Metaspace       used 25570K, committed 26048K, reserved 1114112K
  class space    used 2863K, committed 3072K, reserved 1048576K
}
Event: 137.350 GC heap before
{Heap before GC invocations=45 (full 0):
 garbage-first heap   total reserved 16777216K, committed 180224K, used 135704K [0x0000007000800000, 0x0000007400800000)
  region size 8192K, 10 young (81920K), 1 survivors (8192K)
 Metaspace       used 25597K, committed 26048K, reserved 1114112K
  class space    used 2869K, committed 3072K, reserved 1048576K
}
Event: 137.354 GC heap after
{Heap after GC invocations=46 (full 0):
 garbage-first heap   total reserved 16777216K, committed 180224K, used 83902K [0x0000007000800000, 0x0000007400800000)
  region size 8192K, 2 young (16384K), 2 survivors (16384K)
 Metaspace       used 25597K, committed 26048K, reserved 1114112K
  class space    used 2869K, committed 3072K, reserved 1048576K
}
Event: 137.854 GC heap before
{Heap before GC invocations=46 (full 0):
 garbage-first heap   total reserved 16777216K, committed 180224K, used 133054K [0x0000007000800000, 0x0000007400800000)
  region size 8192K, 9 young (73728K), 2 survivors (16384K)
 Metaspace       used 25597K, committed 26048K, reserved 1114112K
  class space    used 2869K, committed 3072K, reserved 1048576K
}
Event: 137.859 GC heap after
{Heap after GC invocations=47 (full 0):
 garbage-first heap   total reserved 16777216K, committed 180224K, used 84585K [0x0000007000800000, 0x0000007400800000)
  region size 8192K, 1 young (8192K), 1 survivors (8192K)
 Metaspace       used 25597K, committed 26048K, reserved 1114112K
  class space    used 2869K, committed 3072K, reserved 1048576K
}
Event: 138.357 GC heap before
{Heap before GC invocations=48 (full 0):
 garbage-first heap   total reserved 16777216K, committed 180224K, used 133737K [0x0000007000800000, 0x0000007400800000)
  region size 8192K, 8 young (65536K), 1 survivors (8192K)
 Metaspace       used 25598K, committed 26048K, reserved 1114112K
  class space    used 2869K, committed 3072K, reserved 1048576K
}
Event: 138.357 GC heap after
{Heap after GC invocations=49 (full 0):
 garbage-first heap   total reserved 16777216K, committed 180224K, used 85070K [0x0000007000800000, 0x0000007400800000)
  region size 8192K, 1 young (8192K), 1 survivors (8192K)
 Metaspace       used 25598K, committed 26048K, reserved 1114112K
  class space    used 2869K, committed 3072K, reserved 1048576K
}
Event: 138.828 GC heap before
{Heap before GC invocations=49 (full 0):
 garbage-first heap   total reserved 16777216K, committed 180224K, used 134222K [0x0000007000800000, 0x0000007400800000)
  region size 8192K, 8 young (65536K), 1 survivors (8192K)
 Metaspace       used 25617K, committed 26048K, reserved 1114112K
  class space    used 2875K, committed 3072K, reserved 1048576K
}
Event: 138.829 GC heap after
{Heap after GC invocations=50 (full 0):
 garbage-first heap   total reserved 16777216K, committed 180224K, used 73019K [0x0000007000800000, 0x0000007400800000)
  region size 8192K, 1 young (8192K), 1 survivors (8192K)
 Metaspace       used 25617K, committed 26048K, reserved 1114112K
  class space    used 2875K, committed 3072K, reserved 1048576K
}

Dll operation events (8 events):
Event: 0.018 Loaded shared library /opt/homebrew/Cellar/openjdk/24.0.1/libexec/openjdk.jdk/Contents/Home/lib/libjava.dylib
Event: 0.182 Loaded shared library /opt/homebrew/Cellar/openjdk/24.0.1/libexec/openjdk.jdk/Contents/Home/lib/libzip.dylib
Event: 0.184 Loaded shared library /opt/homebrew/Cellar/openjdk/24.0.1/libexec/openjdk.jdk/Contents/Home/lib/libinstrument.dylib
Event: 0.188 Loaded shared library /opt/homebrew/Cellar/openjdk/24.0.1/libexec/openjdk.jdk/Contents/Home/lib/libnio.dylib
Event: 0.191 Loaded shared library /opt/homebrew/Cellar/openjdk/24.0.1/libexec/openjdk.jdk/Contents/Home/lib/libzip.dylib
Event: 0.223 Loaded shared library /opt/homebrew/Cellar/openjdk/24.0.1/libexec/openjdk.jdk/Contents/Home/lib/libnet.dylib
Event: 0.279 Loaded shared library /opt/homebrew/Cellar/openjdk/24.0.1/libexec/openjdk.jdk/Contents/Home/lib/libjimage.dylib
Event: 0.331 Loaded shared library /opt/homebrew/Cellar/openjdk/24.0.1/libexec/openjdk.jdk/Contents/Home/lib/libextnet.dylib

Deoptimization events (20 events):
Event: 279.671 Thread 0x0000000ad1590800 DEOPT PACKING pc=0x00000001130cdabc sp=0x00000001714162f0
Event: 279.671 Thread 0x0000000ad1590800 DEOPT UNPACKING pc=0x0000000119999ebc sp=0x0000000171416030 mode 1
Event: 284.684 Thread 0x0000000ad1590800 DEOPT PACKING pc=0x0000000112f51240 sp=0x0000000171416220
Event: 284.684 Thread 0x0000000ad1590800 DEOPT UNPACKING pc=0x0000000119999ebc sp=0x0000000171415f40 mode 1
Event: 284.684 Thread 0x0000000ad1590800 DEOPT PACKING pc=0x00000001130cdabc sp=0x00000001714162f0
Event: 284.684 Thread 0x0000000ad1590800 DEOPT UNPACKING pc=0x0000000119999ebc sp=0x0000000171416030 mode 1
Event: 289.696 Thread 0x0000000ad1590800 DEOPT PACKING pc=0x0000000112f51240 sp=0x0000000171416220
Event: 289.696 Thread 0x0000000ad1590800 DEOPT UNPACKING pc=0x0000000119999ebc sp=0x0000000171415f40 mode 1
Event: 289.697 Thread 0x0000000ad1590800 DEOPT PACKING pc=0x00000001130cdabc sp=0x00000001714162f0
Event: 289.697 Thread 0x0000000ad1590800 DEOPT UNPACKING pc=0x0000000119999ebc sp=0x0000000171416030 mode 1
Event: 294.706 Thread 0x0000000ad1590800 DEOPT PACKING pc=0x0000000112f51240 sp=0x0000000171416220
Event: 294.706 Thread 0x0000000ad1590800 DEOPT UNPACKING pc=0x0000000119999ebc sp=0x0000000171415f40 mode 1
Event: 294.706 Thread 0x0000000ad1590800 DEOPT PACKING pc=0x00000001130cdabc sp=0x00000001714162f0
Event: 294.706 Thread 0x0000000ad1590800 DEOPT UNPACKING pc=0x0000000119999ebc sp=0x0000000171416030 mode 1
Event: 299.723 Thread 0x0000000ad1590800 DEOPT PACKING pc=0x0000000112f51240 sp=0x0000000171416220
Event: 299.723 Thread 0x0000000ad1590800 DEOPT UNPACKING pc=0x0000000119999ebc sp=0x0000000171415f40 mode 1
Event: 299.723 Thread 0x0000000ad1590800 DEOPT PACKING pc=0x00000001130cdabc sp=0x00000001714162f0
Event: 299.723 Thread 0x0000000ad1590800 DEOPT UNPACKING pc=0x0000000119999ebc sp=0x0000000171416030 mode 1
Event: 299.979 Thread 0x000000010365b6d0 DEOPT PACKING pc=0x0000000112e40c84 sp=0x000000016d387750
Event: 299.979 Thread 0x000000010365b6d0 DEOPT UNPACKING pc=0x0000000119999ebc sp=0x000000016d387410 mode 0

Classes loaded (20 events):
Event: 60.572 Loading class java/beans/SimpleBeanInfo done
Event: 60.572 Loading class java/beans/GenericBeanInfo done
Event: 60.572 Loading class sun/reflect/generics/tree/VoidDescriptor
Event: 60.572 Loading class sun/reflect/generics/tree/VoidDescriptor done
Event: 60.572 Loading class java/util/Hashtable$EntrySet
Event: 60.572 Loading class java/util/Hashtable$EntrySet done
Event: 60.589 Loading class java/util/WeakHashMap$EntrySet
Event: 60.589 Loading class java/util/WeakHashMap$EntrySet done
Event: 60.589 Loading class java/util/WeakHashMap$EntryIterator
Event: 60.589 Loading class java/util/WeakHashMap$HashIterator
Event: 60.589 Loading class java/util/WeakHashMap$HashIterator done
Event: 60.589 Loading class java/util/WeakHashMap$EntryIterator done
Event: 61.806 Loading class java/util/Collections$UnmodifiableList$1
Event: 61.806 Loading class java/util/Collections$UnmodifiableList$1 done
Event: 141.005 Loading class java/util/zip/Deflater
Event: 141.005 Loading class java/util/zip/Deflater done
Event: 141.005 Loading class java/util/zip/Deflater$DeflaterZStreamRef
Event: 141.005 Loading class java/util/zip/Deflater$DeflaterZStreamRef done
Event: 153.350 Loading class jdk/internal/reflect/AccessorUtils
Event: 153.353 Loading class jdk/internal/reflect/AccessorUtils done

Classes unloaded (0 events):
No events

Classes redefined (0 events):
No events

Internal exceptions (20 events):
Event: 125.364 Thread 0x000000010365b6d0 Exception <a 'java/lang/NoSuchMethodError'{0x000000703df98840}: 'java.lang.Object java.lang.invoke.DelegatingMethodHandle$Holder.reinvoke_L(java.lang.Object, java.lang.Object, double, double, int, int, double)'> (0x000000703df98840) 
thrown [src/hotspot/share/interpreter/linkResolver.cpp, line 805]
Event: 125.365 Thread 0x000000010365b6d0 Exception <a 'java/lang/NoSuchMethodError'{0x000000703dfcb650}: 'java.lang.Object java.lang.invoke.DelegatingMethodHandle$Holder.reinvoke_L(java.lang.Object, java.lang.Object, java.lang.Object, double, int, int, double, double, long, long)'> (0x000000703dfcb650) 
thrown [src/hotspot/share/interpreter/linkResolver.cpp, line 805]
Event: 138.935 Thread 0x0000000ad12d3000 Exception <a 'java/lang/InterruptedException'{0x000000703e620bf0}: sleep interrupted> (0x000000703e620bf0) 
thrown [src/hotspot/share/prims/jvm.cpp, line 2955]
Event: 138.935 Thread 0x0000000ad12d2000 Exception <a 'java/lang/InterruptedException'{0x000000703e627268}: sleep interrupted> (0x000000703e627268) 
thrown [src/hotspot/share/prims/jvm.cpp, line 2955]
Event: 139.960 Thread 0x0000000ad1231800 Exception <a 'java/lang/InterruptedException'{0x000000703e631928}: sleep interrupted> (0x000000703e631928) 
thrown [src/hotspot/share/prims/jvm.cpp, line 2955]
Event: 139.960 Thread 0x0000000ad1232800 Exception <a 'java/lang/InterruptedException'{0x000000703e6eb060}: sleep interrupted> (0x000000703e6eb060) 
thrown [src/hotspot/share/prims/jvm.cpp, line 2955]
Event: 141.045 Thread 0x0000000ad1232800 Exception <a 'java/lang/InterruptedException'{0x000000703d809ae8}: sleep interrupted> (0x000000703d809ae8) 
thrown [src/hotspot/share/prims/jvm.cpp, line 2955]
Event: 141.045 Thread 0x0000000ad11ba000 Exception <a 'java/lang/InterruptedException'{0x000000703e7a35a0}: sleep interrupted> (0x000000703e7a35a0) 
thrown [src/hotspot/share/prims/jvm.cpp, line 2955]
Event: 142.066 Thread 0x0000000ad11ba000 Exception <a 'java/lang/InterruptedException'{0x000000703d431910}: sleep interrupted> (0x000000703d431910) 
thrown [src/hotspot/share/prims/jvm.cpp, line 2955]
Event: 142.066 Thread 0x0000000ad1533800 Exception <a 'java/lang/InterruptedException'{0x000000703d37a5e0}: sleep interrupted> (0x000000703d37a5e0) 
thrown [src/hotspot/share/prims/jvm.cpp, line 2955]
Event: 143.099 Thread 0x0000000ad1232800 Exception <a 'java/lang/InterruptedException'{0x000000703d6b7f88}: sleep interrupted> (0x000000703d6b7f88) 
thrown [src/hotspot/share/prims/jvm.cpp, line 2955]
Event: 143.099 Thread 0x0000000ad11ba000 Exception <a 'java/lang/InterruptedException'{0x000000703d600c58}: sleep interrupted> (0x000000703d600c58) 
thrown [src/hotspot/share/prims/jvm.cpp, line 2955]
Event: 144.137 Thread 0x0000000ad11ba000 Exception <a 'java/lang/InterruptedException'{0x000000703c809ae8}: sleep interrupted> (0x000000703c809ae8) 
thrown [src/hotspot/share/prims/jvm.cpp, line 2955]
Event: 144.138 Thread 0x0000000ad1533000 Exception <a 'java/lang/InterruptedException'{0x000000703d7716c0}: sleep interrupted> (0x000000703d7716c0) 
thrown [src/hotspot/share/prims/jvm.cpp, line 2955]
Event: 145.165 Thread 0x0000000ad11ba000 Exception <a 'java/lang/InterruptedException'{0x000000703c97a550}: sleep interrupted> (0x000000703c97a550) 
thrown [src/hotspot/share/prims/jvm.cpp, line 2955]
Event: 145.165 Thread 0x0000000ad1533000 Exception <a 'java/lang/InterruptedException'{0x000000703c8c3220}: sleep interrupted> (0x000000703c8c3220) 
thrown [src/hotspot/share/prims/jvm.cpp, line 2955]
Event: 152.318 Thread 0x0000000ad1590000 Exception <a 'java/lang/InterruptedException'{0x000000703caf3268}: sleep interrupted> (0x000000703caf3268) 
thrown [src/hotspot/share/prims/jvm.cpp, line 2955]
Event: 152.318 Thread 0x0000000ad1590800 Exception <a 'java/lang/InterruptedException'{0x000000703ca35608}: sleep interrupted> (0x000000703ca35608) 
thrown [src/hotspot/share/prims/jvm.cpp, line 2955]
Event: 153.366 Thread 0x0000000ad1533800 Exception <a 'java/lang/InterruptedException'{0x000000703cdd2c98}: sleep interrupted> (0x000000703cdd2c98) 
thrown [src/hotspot/share/prims/jvm.cpp, line 2955]
Event: 153.366 Thread 0x0000000ad1533000 Exception <a 'java/lang/InterruptedException'{0x000000703ce89fc8}: sleep interrupted> (0x000000703ce89fc8) 
thrown [src/hotspot/share/prims/jvm.cpp, line 2955]

VM Operations (20 events):
Event: 248.062 Executing VM operation: get/set locals
Event: 248.062 Executing VM operation: get/set locals done
Event: 248.062 Executing VM operation: get/set locals
Event: 248.062 Executing VM operation: get/set locals done
Event: 248.063 Executing VM operation: get/set locals
Event: 248.063 Executing VM operation: get/set locals done
Event: 248.063 Executing VM operation: get/set locals
Event: 248.063 Executing VM operation: get/set locals done
Event: 248.063 Executing VM operation: get/set locals
Event: 248.063 Executing VM operation: get/set locals done
Event: 248.063 Executing VM operation: get/set locals
Event: 248.063 Executing VM operation: get/set locals done
Event: 248.064 Executing VM operation: get/set locals
Event: 248.064 Executing VM operation: get/set locals done
Event: 299.979 Executing VM operation: ChangeSingleStep
Event: 299.979 Executing VM operation: ChangeSingleStep done
Event: 299.979 Executing VM operation: ChangeSingleStep
Event: 299.979 Executing VM operation: ChangeSingleStep done
Event: 299.981 Executing VM operation: ChangeSingleStep
Event: 299.981 Executing VM operation: ChangeSingleStep done

Memory protections (20 events):
Event: 144.138 Protecting memory [0x0000000171008000,0x0000000171014000] with protection modes 3
Event: 144.145 Protecting memory [0x0000000171008000,0x0000000171014000] with protection modes 0
Event: 144.145 Protecting memory [0x0000000171214000,0x0000000171220000] with protection modes 0
Event: 145.165 Protecting memory [0x0000000171008000,0x0000000171014000] with protection modes 3
Event: 145.165 Protecting memory [0x0000000171214000,0x0000000171220000] with protection modes 3
Event: 145.170 Protecting memory [0x0000000171008000,0x0000000171014000] with protection modes 0
Event: 145.170 Protecting memory [0x0000000171214000,0x0000000171220000] with protection modes 0
Event: 152.318 Protecting memory [0x0000000171008000,0x0000000171014000] with protection modes 3
Event: 152.318 Protecting memory [0x0000000171214000,0x0000000171220000] with protection modes 3
Event: 152.326 Protecting memory [0x0000000171008000,0x0000000171014000] with protection modes 0
Event: 152.327 Protecting memory [0x0000000171214000,0x0000000171220000] with protection modes 0
Event: 153.366 Protecting memory [0x0000000171008000,0x0000000171014000] with protection modes 3
Event: 153.366 Protecting memory [0x0000000171214000,0x0000000171220000] with protection modes 3
Event: 153.371 Protecting memory [0x0000000171008000,0x0000000171014000] with protection modes 0
Event: 153.371 Protecting memory [0x0000000171214000,0x0000000171220000] with protection modes 0
Event: 183.370 Protecting memory [0x000000017162c000,0x0000000171638000] with protection modes 3
Event: 183.391 Protecting memory [0x0000000172480000,0x000000017248c000] with protection modes 3
Event: 183.413 Protecting memory [0x0000000171e5c000,0x0000000171e68000] with protection modes 3
Event: 183.435 Protecting memory [0x0000000172274000,0x0000000172280000] with protection modes 3
Event: 183.455 Protecting memory [0x0000000172068000,0x0000000172074000] with protection modes 3

Nmethod flushes (20 events):
Event: 130.426 Thread 0x0000000ad0489c00 flushing  nmethod 0x0000000113152e48
Event: 130.426 Thread 0x0000000ad0489c00 flushing  nmethod 0x0000000113154508
Event: 130.426 Thread 0x0000000ad0489c00 flushing osr nmethod 0x00000001131555c8
Event: 130.426 Thread 0x0000000ad0489c00 flushing  nmethod 0x0000000112df0d48
Event: 130.426 Thread 0x0000000ad0489c00 flushing  nmethod 0x0000000112df18c8
Event: 130.426 Thread 0x0000000ad0489c00 flushing  nmethod 0x0000000112dfb988
Event: 130.426 Thread 0x0000000ad0489c00 flushing  nmethod 0x0000000112e93848
Event: 130.426 Thread 0x0000000ad0489c00 flushing  nmethod 0x0000000112e95808
Event: 130.426 Thread 0x0000000ad0489c00 flushing  nmethod 0x0000000113003f48
Event: 130.426 Thread 0x0000000ad0489c00 flushing  nmethod 0x000000011253d148
Event: 130.426 Thread 0x0000000ad0489c00 flushing  nmethod 0x0000000112e26c08
Event: 130.426 Thread 0x0000000ad0489c00 flushing  nmethod 0x000000011a1a6408
Event: 130.426 Thread 0x0000000ad0489c00 flushing  nmethod 0x0000000112c4bb48
Event: 130.426 Thread 0x0000000ad0489c00 flushing  nmethod 0x0000000112e1be88
Event: 130.426 Thread 0x0000000ad0489c00 flushing  nmethod 0x0000000112e4a648
Event: 130.426 Thread 0x0000000ad0489c00 flushing  nmethod 0x0000000112e99c48
Event: 130.426 Thread 0x0000000ad0489c00 flushing  nmethod 0x0000000112ee35c8
Event: 133.186 Thread 0x0000000ad0489c00 flushing  nmethod 0x0000000112edfc08
Event: 133.186 Thread 0x0000000ad0489c00 flushing osr nmethod 0x00000001128a5708
Event: 134.943 Thread 0x0000000ad0489c00 flushing  nmethod 0x0000000112d9cc08

Events (20 events):
Event: 144.138 Thread 0x0000000ad1533000 Thread exited: 0x0000000ad1533000
Event: 144.145 Thread 0x000000010365b6d0 Thread added: 0x0000000ad1533000
Event: 144.145 Thread 0x000000010365b6d0 Thread added: 0x0000000ad11ba000
Event: 145.165 Thread 0x0000000ad1533000 Thread exited: 0x0000000ad1533000
Event: 145.165 Thread 0x0000000ad11ba000 Thread exited: 0x0000000ad11ba000
Event: 145.170 Thread 0x000000010365b6d0 Thread added: 0x0000000ad1590800
Event: 145.170 Thread 0x000000010365b6d0 Thread added: 0x0000000ad1590000
Event: 152.318 Thread 0x0000000ad1590800 Thread exited: 0x0000000ad1590800
Event: 152.318 Thread 0x0000000ad1590000 Thread exited: 0x0000000ad1590000
Event: 152.326 Thread 0x000000010365b6d0 Thread added: 0x0000000ad1533800
Event: 152.326 Thread 0x000000010365b6d0 Thread added: 0x0000000ad1533000
Event: 153.366 Thread 0x0000000ad1533800 Thread exited: 0x0000000ad1533800
Event: 153.366 Thread 0x0000000ad1533000 Thread exited: 0x0000000ad1533000
Event: 153.371 Thread 0x000000010365b6d0 Thread added: 0x0000000ad1593800
Event: 153.371 Thread 0x000000010365b6d0 Thread added: 0x0000000ad1590800
Event: 183.370 Thread 0x0000000ad19f8000 Thread exited: 0x0000000ad19f8000
Event: 183.391 Thread 0x0000000ad1100800 Thread exited: 0x0000000ad1100800
Event: 183.413 Thread 0x0000000ad1204000 Thread exited: 0x0000000ad1204000
Event: 183.435 Thread 0x0000000ad1101000 Thread exited: 0x0000000ad1101000
Event: 183.455 Thread 0x0000000ad1207000 Thread exited: 0x0000000ad1207000


Dynamic libraries:
0x0000000102d40000 	/opt/homebrew/Cellar/openjdk/24.0.1/libexec/openjdk.jdk/Contents/Home/lib/libjli.dylib
0x00000001975ce000 	/usr/lib/libz.1.dylib
0x0000000197684000 	/usr/lib/libSystem.B.dylib
0x000000019767e000 	/usr/lib/system/libcache.dylib
0x0000000197639000 	/usr/lib/system/libcommonCrypto.dylib
0x0000000197664000 	/usr/lib/system/libcompiler_rt.dylib
0x0000000197659000 	/usr/lib/system/libcopyfile.dylib
0x0000000187579000 	/usr/lib/system/libcorecrypto.dylib
0x0000000187679000 	/usr/lib/system/libdispatch.dylib
0x0000000187423000 	/usr/lib/system/libdyld.dylib
0x0000000197674000 	/usr/lib/system/libkeymgr.dylib
0x000000019761c000 	/usr/lib/system/libmacho.dylib
0x00000001968b3000 	/usr/lib/system/libquarantine.dylib
0x0000000197671000 	/usr/lib/system/libremovefile.dylib
0x000000018dfe1000 	/usr/lib/system/libsystem_asl.dylib
0x00000001874ff000 	/usr/lib/system/libsystem_blocks.dylib
0x00000001876c4000 	/usr/lib/system/libsystem_c.dylib
0x0000000197668000 	/usr/lib/system/libsystem_collections.dylib
0x0000000195254000 	/usr/lib/system/libsystem_configuration.dylib
0x0000000193e43000 	/usr/lib/system/libsystem_containermanager.dylib
0x0000000197052000 	/usr/lib/system/libsystem_coreservices.dylib
0x000000018b80c000 	/usr/lib/system/libsystem_darwin.dylib
0x000000028c4d8000 	/usr/lib/system/libsystem_darwindirectory.dylib
0x0000000197675000 	/usr/lib/system/libsystem_dnssd.dylib
0x000000028c4dc000 	/usr/lib/system/libsystem_eligibility.dylib
0x00000001876c1000 	/usr/lib/system/libsystem_featureflags.dylib
0x0000000187845000 	/usr/lib/system/libsystem_info.dylib
0x00000001975dd000 	/usr/lib/system/libsystem_m.dylib
0x0000000187628000 	/usr/lib/system/libsystem_malloc.dylib
0x000000018df44000 	/usr/lib/system/libsystem_networkextension.dylib
0x000000018bc77000 	/usr/lib/system/libsystem_notify.dylib
0x0000000195259000 	/usr/lib/system/libsystem_sandbox.dylib
0x000000028c4e6000 	/usr/lib/system/libsystem_sanitizers.dylib
0x000000019766d000 	/usr/lib/system/libsystem_secinit.dylib
0x00000001877f1000 	/usr/lib/system/libsystem_kernel.dylib
0x000000018783c000 	/usr/lib/system/libsystem_platform.dylib
0x000000018782f000 	/usr/lib/system/libsystem_pthread.dylib
0x000000018fb9f000 	/usr/lib/system/libsystem_symptoms.dylib
0x0000000187558000 	/usr/lib/system/libsystem_trace.dylib
0x000000028c4ee000 	/usr/lib/system/libsystem_trial.dylib
0x0000000197647000 	/usr/lib/system/libunwind.dylib
0x0000000187503000 	/usr/lib/system/libxpc.dylib
0x00000001873d0000 	/usr/lib/libobjc.A.dylib
0x0000000187875000 	/System/Library/Frameworks/CoreFoundation.framework/Versions/A/CoreFoundation
0x000000019aef4000 	/usr/lib/swift/libswiftCore.dylib
0x00000001877d6000 	/usr/lib/libc++abi.dylib
0x000000028a8bb000 	/usr/lib/libRosetta.dylib
0x0000000187745000 	/usr/lib/libc++.1.dylib
0x00000001890e2000 	/System/Library/Frameworks/Foundation.framework/Versions/C/Foundation
0x00000001a4a95000 	/usr/lib/swift/libswiftObjectiveC.dylib
0x000000028bd41000 	/usr/lib/libswiftPrespecialized.dylib
0x0000000188d51000 	/System/Library/Frameworks/SystemConfiguration.framework/Versions/A/SystemConfiguration
0x00000001920c1000 	/System/Library/PrivateFrameworks/CoreAutoLayout.framework/Versions/A/CoreAutoLayout
0x0000000197686000 	/usr/lib/libfakelink.dylib
0x00000001978ac000 	/usr/lib/libcompression.dylib
0x000000018db8e000 	/System/Library/Frameworks/CFNetwork.framework/Versions/A/CFNetwork
0x00000001914f1000 	/System/Library/Frameworks/DiskArbitration.framework/Versions/A/DiskArbitration
0x00000001976d9000 	/usr/lib/libarchive.2.dylib
0x00000001913f6000 	/usr/lib/libDiagnosticMessagesClient.dylib
0x000000018b536000 	/usr/lib/libicucore.A.dylib
0x000000019210a000 	/usr/lib/libxml2.2.dylib
0x000000019fd51000 	/System/Library/Frameworks/CoreServices.framework/Versions/A/CoreServices
0x0000000195267000 	/usr/lib/liblangid.dylib
0x000000018bb8e000 	/System/Library/Frameworks/IOKit.framework/Versions/A/IOKit
0x000000019d9eb000 	/System/Library/Frameworks/Combine.framework/Versions/A/Combine
0x00000002400bf000 	/System/Library/PrivateFrameworks/CollectionsInternal.framework/Versions/A/CollectionsInternal
0x000000026bfbe000 	/System/Library/PrivateFrameworks/ReflectionInternal.framework/Versions/A/ReflectionInternal
0x000000026cf11000 	/System/Library/PrivateFrameworks/RuntimeInternal.framework/Versions/A/RuntimeInternal
0x0000000197688000 	/System/Library/PrivateFrameworks/SoftLinking.framework/Versions/A/SoftLinking
0x00000001b4b42000 	/usr/lib/swift/libswiftCoreFoundation.dylib
0x00000001b19da000 	/usr/lib/swift/libswiftDarwin.dylib
0x00000001a1abd000 	/usr/lib/swift/libswiftDispatch.dylib
0x00000001b4ba3000 	/usr/lib/swift/libswiftIOKit.dylib
0x000000028c184000 	/usr/lib/swift/libswiftSystem.dylib
0x00000001b4b55000 	/usr/lib/swift/libswiftXPC.dylib
0x000000028c1b6000 	/usr/lib/swift/libswift_Builtin_float.dylib
0x000000028c1b7000 	/usr/lib/swift/libswift_Concurrency.dylib
0x000000028c243000 	/usr/lib/swift/libswift_DarwinFoundation1.dylib
0x000000028c2e7000 	/usr/lib/swift/libswift_StringProcessing.dylib
0x00000001a4a99000 	/usr/lib/swift/libswiftos.dylib
0x000000018bb0e000 	/System/Library/PrivateFrameworks/CoreServicesInternal.framework/Versions/A/CoreServicesInternal
0x0000000197651000 	/usr/lib/liboah.dylib
0x000000018b117000 	/System/Library/Frameworks/Security.framework/Versions/A/Security
0x00000001a3ec9000 	/System/Library/PrivateFrameworks/DiskImages.framework/Versions/A/DiskImages
0x00000001b147f000 	/System/Library/Frameworks/NetFS.framework/Versions/A/NetFS
0x0000000192086000 	/System/Library/Frameworks/CoreServices.framework/Versions/A/Frameworks/FSEvents.framework/Versions/A/FSEvents
0x000000018b816000 	/System/Library/Frameworks/CoreServices.framework/Versions/A/Frameworks/CarbonCore.framework/Versions/A/CarbonCore
0x0000000191465000 	/System/Library/Frameworks/CoreServices.framework/Versions/A/Frameworks/Metadata.framework/Versions/A/Metadata
0x0000000197059000 	/System/Library/Frameworks/CoreServices.framework/Versions/A/Frameworks/OSServices.framework/Versions/A/OSServices
0x00000001977d1000 	/System/Library/Frameworks/CoreServices.framework/Versions/A/Frameworks/SearchKit.framework/Versions/A/SearchKit
0x000000018fb19000 	/System/Library/Frameworks/CoreServices.framework/Versions/A/Frameworks/AE.framework/Versions/A/AE
0x0000000187dd4000 	/System/Library/Frameworks/CoreServices.framework/Versions/A/Frameworks/LaunchServices.framework/Versions/A/LaunchServices
0x0000000198b57000 	/System/Library/Frameworks/CoreServices.framework/Versions/A/Frameworks/DictionaryServices.framework/Versions/A/DictionaryServices
0x0000000192093000 	/System/Library/Frameworks/CoreServices.framework/Versions/A/Frameworks/SharedFileList.framework/Versions/A/SharedFileList
0x0000000197864000 	/usr/lib/libapple_nghttp2.dylib
0x000000018f730000 	/usr/lib/libsqlite3.dylib
0x000000018f919000 	/System/Library/Frameworks/Accounts.framework/Versions/A/Accounts
0x00000001a410b000 	/System/Library/PrivateFrameworks/AppSupport.framework/Versions/A/AppSupport
0x00000001b3906000 	/System/Library/Frameworks/AVFoundation.framework/Versions/A/AVFoundation
0x00000001913c6000 	/System/Library/PrivateFrameworks/CoreAnalytics.framework/Versions/A/CoreAnalytics
0x000000018e5d4000 	/System/Library/Frameworks/CoreGraphics.framework/Versions/A/CoreGraphics
0x000000019bc26000 	/System/Library/Frameworks/GSS.framework/Versions/A/GSS
0x000000019a018000 	/System/Library/PrivateFrameworks/InternationalSupport.framework/Versions/A/InternationalSupport
0x000000018faad000 	/System/Library/PrivateFrameworks/RunningBoardServices.framework/Versions/A/RunningBoardServices
0x00000001a4a1d000 	/System/Library/PrivateFrameworks/StreamingZip.framework/Versions/A/StreamingZip
0x000000018df5f000 	/usr/lib/libenergytrace.dylib
0x000000018fba8000 	/System/Library/Frameworks/Network.framework/Versions/A/Network
0x00000001968db000 	/usr/lib/libbsm.0.dylib
0x0000000197620000 	/usr/lib/system/libkxld.dylib
0x000000023b69f000 	/System/Library/PrivateFrameworks/AppleKeyStore.framework/Versions/A/AppleKeyStore
0x000000028a5bd000 	/usr/lib/libCoreEntitlements.dylib
0x00000002606a1000 	/System/Library/PrivateFrameworks/MessageSecurity.framework/Versions/A/MessageSecurity
0x000000018f714000 	/System/Library/PrivateFrameworks/ProtocolBuffer.framework/Versions/A/ProtocolBuffer
0x00000001a0ecc000 	/System/Library/PrivateFrameworks/SymptomDiagnosticReporter.framework/Versions/A/SymptomDiagnosticReporter
0x0000000198d9c000 	/System/Library/PrivateFrameworks/CrashReporterSupport.framework/Versions/A/CrashReporterSupport
0x000000018df61000 	/usr/lib/libMobileGestalt.dylib
0x0000000197039000 	/System/Library/PrivateFrameworks/AppleFSCompression.framework/Versions/A/AppleFSCompression
0x00000001968c3000 	/usr/lib/libcoretls.dylib
0x0000000198bcd000 	/usr/lib/libcoretls_cfhelpers.dylib
0x00000001978a6000 	/usr/lib/libpam.2.dylib
0x0000000198c43000 	/usr/lib/libxar.1.dylib
0x0000000198bcf000 	/System/Library/PrivateFrameworks/APFS.framework/Versions/A/APFS
0x000000027863e000 	/System/Library/PrivateFrameworks/SwiftASN1Internal.framework/Versions/A/SwiftASN1Internal
0x0000000198c52000 	/usr/lib/libutil.dylib
0x0000000195262000 	/System/Library/PrivateFrameworks/AppleSystemInfo.framework/Versions/A/AppleSystemInfo
0x000000019658a000 	/System/Library/PrivateFrameworks/IOMobileFramebuffer.framework/Versions/A/IOMobileFramebuffer
0x0000000193e7c000 	/System/Library/Frameworks/IOSurface.framework/Versions/A/IOSurface
0x00000001a3829000 	/System/Library/PrivateFrameworks/CoreWiFi.framework/Versions/A/CoreWiFi
0x00000001b4a04000 	/System/Library/PrivateFrameworks/LoggingSupport.framework/Versions/A/LoggingSupport
0x000000019bc89000 	/System/Library/PrivateFrameworks/MobileAsset.framework/Versions/A/MobileAsset
0x00000001a0edc000 	/System/Library/PrivateFrameworks/PowerLog.framework/Versions/A/PowerLog
0x00000001a239e000 	/System/Library/PrivateFrameworks/Rapport.framework/Versions/A/Rapport
0x00000002342c2000 	/System/Library/Frameworks/SwiftData.framework/Versions/A/SwiftData
0x000000018d5c3000 	/System/Library/Frameworks/UniformTypeIdentifiers.framework/Versions/A/UniformTypeIdentifiers
0x00000001922b3000 	/System/Library/PrivateFrameworks/UserManagement.framework/Versions/A/UserManagement
0x000000018dab5000 	/usr/lib/libboringssl.dylib
0x000000018fb8d000 	/usr/lib/libdns_services.dylib
0x00000001b3a3a000 	/usr/lib/libquic.dylib
0x000000019ae85000 	/usr/lib/libusrtcp.dylib
0x000000023c558000 	/System/Library/PrivateFrameworks/AtomicsInternal.framework/Versions/A/AtomicsInternal
0x00000001daccb000 	/System/Library/PrivateFrameworks/InternalSwiftProtobuf.framework/Versions/A/InternalSwiftProtobuf
0x000000028c00b000 	/usr/lib/swift/libswiftDistributed.dylib
0x000000028c034000 	/usr/lib/swift/libswiftObservation.dylib
0x000000028c170000 	/usr/lib/swift/libswiftSynchronization.dylib
0x0000000195260000 	/System/Library/PrivateFrameworks/AggregateDictionary.framework/Versions/A/AggregateDictionary
0x000000023cd86000 	/System/Library/PrivateFrameworks/BiomeLibrary.framework/Versions/A/BiomeLibrary
0x00000001c3b4e000 	/System/Library/PrivateFrameworks/BiomeStreams.framework/Versions/A/BiomeStreams
0x00000001bfbb4000 	/System/Library/PrivateFrameworks/BiomeFoundation.framework/Versions/A/BiomeFoundation
0x00000001c9dd0000 	/System/Library/PrivateFrameworks/BiomePubSub.framework/Versions/A/BiomePubSub
0x000000018f326000 	/System/Library/Frameworks/CoreData.framework/Versions/A/CoreData
0x00000001a5a00000 	/System/Library/PrivateFrameworks/ProactiveSupport.framework/Versions/A/ProactiveSupport
0x000000023631d000 	/System/Library/Frameworks/_LocationEssentials.framework/Versions/A/_LocationEssentials
0x0000000198bae000 	/usr/lib/liblzma.5.dylib
0x000000019ffd0000 	/System/Library/Frameworks/Accelerate.framework/Versions/A/Accelerate
0x00000001967bc000 	/System/Library/PrivateFrameworks/MobileKeyBag.framework/Versions/A/MobileKeyBag
0x00000001a441f000 	/System/Library/PrivateFrameworks/InternationalTextSearch.framework/Versions/A/InternationalTextSearch
0x00000001bc090000 	/System/Library/PrivateFrameworks/SoftwareUpdateCoreSupport.framework/Versions/A/SoftwareUpdateCoreSupport
0x00000001c45ec000 	/System/Library/PrivateFrameworks/SoftwareUpdateCoreConnect.framework/Versions/A/SoftwareUpdateCoreConnect
0x00000001a3fc3000 	/System/Library/PrivateFrameworks/RemoteServiceDiscovery.framework/Versions/A/RemoteServiceDiscovery
0x00000001bbc68000 	/System/Library/PrivateFrameworks/MSUDataAccessor.framework/Versions/A/MSUDataAccessor
0x00000001b6bd0000 	/usr/lib/libbootpolicy.dylib
0x00000001a3fda000 	/System/Library/PrivateFrameworks/RemoteXPC.framework/Versions/A/RemoteXPC
0x00000001c3a22000 	/usr/lib/libFDR.dylib
0x00000001c99d2000 	/usr/lib/libamsupport.dylib
0x000000028a8b3000 	/usr/lib/libReverseProxyDevice.dylib
0x000000023af0f000 	/System/Library/PrivateFrameworks/AppleDeviceQuerySupport.framework/Versions/A/AppleDeviceQuerySupport
0x00000001ccb94000 	/usr/lib/libpartition2_dynamic.dylib
0x0000000197840000 	/System/Library/PrivateFrameworks/AppleSauce.framework/Versions/A/AppleSauce
0x000000028a468000 	/usr/lib/libAppleArchive.dylib
0x0000000197045000 	/usr/lib/libbz2.1.0.dylib
0x00000001914fb000 	/System/Library/Frameworks/Accelerate.framework/Versions/A/Frameworks/vImage.framework/Versions/A/vImage
0x000000019fd2c000 	/System/Library/Frameworks/Accelerate.framework/Versions/A/Frameworks/vecLib.framework/Versions/A/vecLib
0x0000000198c89000 	/System/Library/Frameworks/Accelerate.framework/Versions/A/Frameworks/vecLib.framework/Versions/A/libvMisc.dylib
0x00000001882d8000 	/System/Library/Frameworks/Accelerate.framework/Versions/A/Frameworks/vecLib.framework/Versions/A/libBLAS.dylib
0x00000001a441e000 	/System/Library/Frameworks/ApplicationServices.framework/Versions/A/ApplicationServices
0x00000001921f1000 	/System/Library/Frameworks/CoreVideo.framework/Versions/A/CoreVideo
0x000000018ed2a000 	/System/Library/Frameworks/ColorSync.framework/Versions/A/ColorSync
0x000000018a758000 	/System/Library/Frameworks/CoreText.framework/Versions/A/CoreText
0x000000019496f000 	/System/Library/Frameworks/ImageIO.framework/Versions/A/ImageIO
0x000000019b83d000 	/System/Library/Frameworks/ApplicationServices.framework/Versions/A/Frameworks/ATS.framework/Versions/A/ATS
0x000000018eed2000 	/System/Library/Frameworks/ApplicationServices.framework/Versions/A/Frameworks/HIServices.framework/Versions/A/HIServices
0x0000000199f0e000 	/System/Library/Frameworks/ApplicationServices.framework/Versions/A/Frameworks/PrintCore.framework/Versions/A/PrintCore
0x000000019bbef000 	/System/Library/Frameworks/ApplicationServices.framework/Versions/A/Frameworks/QD.framework/Versions/A/QD
0x000000019bbea000 	/System/Library/Frameworks/ApplicationServices.framework/Versions/A/Frameworks/ColorSyncLegacy.framework/Versions/A/ColorSyncLegacy
0x000000019b80f000 	/System/Library/Frameworks/ApplicationServices.framework/Versions/A/Frameworks/SpeechSynthesis.framework/Versions/A/SpeechSynthesis
0x000000018e01d000 	/System/Library/PrivateFrameworks/SkyLight.framework/Versions/A/SkyLight
0x000000019434a000 	/System/Library/PrivateFrameworks/FontServices.framework/libFontParser.dylib
0x000000018f9bb000 	/System/Library/PrivateFrameworks/BaseBoard.framework/Versions/A/BaseBoard
0x00000001a1e1e000 	/System/Library/PrivateFrameworks/BoardServices.framework/Versions/A/BoardServices
0x00000001a3ceb000 	/System/Library/PrivateFrameworks/BackBoardServices.framework/Versions/A/BackBoardServices
0x000000023cc8b000 	/System/Library/PrivateFrameworks/BackBoardHIDEventFoundation.framework/Versions/A/BackBoardHIDEventFoundation
0x000000018a274000 	/System/Library/Frameworks/CoreDisplay.framework/Versions/A/CoreDisplay
0x0000000199867000 	/System/Library/Frameworks/VideoToolbox.framework/Versions/A/VideoToolbox
0x00000001978a4000 	/System/Library/Frameworks/MetalPerformanceShaders.framework/Versions/A/MetalPerformanceShaders
0x000000026aec8000 	/System/Library/PrivateFrameworks/ProDisplayLibrary.framework/Versions/A/ProDisplayLibrary
0x00000001a7b1c000 	/System/Library/PrivateFrameworks/IOSurfaceAccelerator.framework/Versions/A/IOSurfaceAccelerator
0x0000000193ea4000 	/System/Library/Frameworks/Metal.framework/Versions/A/Metal
0x0000000193e99000 	/System/Library/PrivateFrameworks/IOAccelerator.framework/Versions/A/IOAccelerator
0x00000001941a8000 	/System/Library/Frameworks/CoreMedia.framework/Versions/A/CoreMedia
0x000000018dff9000 	/System/Library/PrivateFrameworks/TCC.framework/Versions/A/TCC
0x000000019981f000 	/System/Library/PrivateFrameworks/WatchdogClient.framework/Versions/A/WatchdogClient
0x0000000191920000 	/System/Library/Frameworks/QuartzCore.framework/Versions/A/QuartzCore
0x0000000199821000 	/System/Library/PrivateFrameworks/MultitouchSupport.framework/Versions/A/MultitouchSupport
0x00000001cc97a000 	/usr/lib/swift/libswiftAccelerate.dylib
0x00000001b4b22000 	/usr/lib/swift/libswiftCoreAudio.dylib
0x00000001d0af5000 	/usr/lib/swift/libswiftCoreMedia.dylib
0x00000001c2ae3000 	/usr/lib/swift/libswiftMetal.dylib
0x00000001d22a8000 	/usr/lib/swift/libswiftOSLog.dylib
0x00000001c7ed7000 	/usr/lib/swift/libswiftQuartzCore.dylib
0x00000001cc96a000 	/usr/lib/swift/libswiftUniformTypeIdentifiers.dylib
0x000000028c19e000 	/usr/lib/swift/libswiftVideoToolbox.dylib
0x00000001b8694000 	/usr/lib/swift/libswiftsimd.dylib
0x00000001c9e31000 	/System/Library/PrivateFrameworks/BiomeStorage.framework/Versions/A/BiomeStorage
0x00000002593e5000 	/System/Library/PrivateFrameworks/IntelligencePlatformLibrary.framework/Versions/A/IntelligencePlatformLibrary
0x0000000269c8c000 	/System/Library/PrivateFrameworks/PoirotSchematizer.framework/Versions/A/PoirotSchematizer
0x000000023d639000 	/System/Library/PrivateFrameworks/BiomeSync.framework/Versions/A/BiomeSync
0x000000023cd6c000 	/System/Library/PrivateFrameworks/BiomeDSL.framework/Versions/A/BiomeDSL
0x00000001e2e94000 	/System/Library/PrivateFrameworks/FeatureFlags.framework/Versions/A/FeatureFlags
0x0000000269cfa000 	/System/Library/PrivateFrameworks/PoirotUDFs.framework/Versions/A/PoirotUDFs
0x000000028c246000 	/usr/lib/swift/libswift_DarwinFoundation2.dylib
0x000000028c247000 	/usr/lib/swift/libswift_DarwinFoundation3.dylib
0x00000001a2393000 	/System/Library/PrivateFrameworks/CoreTime.framework/Versions/A/CoreTime
0x00000001976be000 	/usr/lib/libiconv.2.dylib
0x000000019761b000 	/usr/lib/libcharset.1.dylib
0x0000000269c4f000 	/System/Library/PrivateFrameworks/PoirotSQLite.framework/Versions/A/PoirotSQLite
0x000000028c248000 	/usr/lib/swift/libswift_RegexParser.dylib
0x000000023ec6f000 	/System/Library/PrivateFrameworks/CascadeSets.framework/Versions/A/CascadeSets
0x000000019be00000 	/System/Library/PrivateFrameworks/CorePhoneNumbers.framework/Versions/A/CorePhoneNumbers
0x0000000199619000 	/System/Library/PrivateFrameworks/AppleJPEG.framework/Versions/A/AppleJPEG
0x0000000198ff3000 	/usr/lib/libexpat.1.dylib
0x0000000199de4000 	/System/Library/Frameworks/ImageIO.framework/Versions/A/Resources/libPng.dylib
0x0000000199e0f000 	/System/Library/Frameworks/ImageIO.framework/Versions/A/Resources/libTIFF.dylib
0x0000000199ef7000 	/System/Library/Frameworks/ImageIO.framework/Versions/A/Resources/libGIF.dylib
0x000000019965e000 	/System/Library/Frameworks/ImageIO.framework/Versions/A/Resources/libJP2.dylib
0x0000000198d03000 	/usr/lib/libate.dylib
0x0000000199e9e000 	/System/Library/Frameworks/ImageIO.framework/Versions/A/Resources/libJPEG.dylib
0x0000000199e95000 	/System/Library/Frameworks/ImageIO.framework/Versions/A/Resources/libRadiance.dylib
0x000000024f09c000 	/System/Library/PrivateFrameworks/GPUCompiler.framework/Versions/32023/Libraries/libllvm-flatbuffers.dylib
0x0000000249afb000 	/System/Library/PrivateFrameworks/FramePacing.framework/Versions/A/FramePacing
0x000000022cd0e000 	/System/Library/Frameworks/OpenGL.framework/Versions/A/Libraries/libCoreFSCache.dylib
0x000000024ac29000 	/System/Library/PrivateFrameworks/GPUCompiler.framework/Versions/32023/Libraries/libGPUCompilerUtils.dylib
0x00000001a1eeb000 	/System/Library/PrivateFrameworks/GraphicsServices.framework/Versions/A/GraphicsServices
0x000000022cd1c000 	/System/Library/Frameworks/OpenGL.framework/Versions/A/OpenGL
0x000000022cd6d000 	/System/Library/Frameworks/OpenGL.framework/Versions/A/Libraries/libGLU.dylib
0x000000022cd30000 	/System/Library/Frameworks/OpenGL.framework/Versions/A/Libraries/libGFXShared.dylib
0x000000022cefd000 	/System/Library/Frameworks/OpenGL.framework/Versions/A/Libraries/libGL.dylib
0x000000022cd39000 	/System/Library/Frameworks/OpenGL.framework/Versions/A/Libraries/libGLImage.dylib
0x000000022cd2d000 	/System/Library/Frameworks/OpenGL.framework/Versions/A/Libraries/libCVMSPluginSupport.dylib
0x000000022cd16000 	/System/Library/Frameworks/OpenGL.framework/Versions/A/Libraries/libCoreVMClient.dylib
0x0000000199e90000 	/System/Library/PrivateFrameworks/GPUWrangler.framework/Versions/A/GPUWrangler
0x0000000199e70000 	/System/Library/PrivateFrameworks/IOPresentment.framework/Versions/A/IOPresentment
0x0000000199e98000 	/System/Library/PrivateFrameworks/DSExternalDisplay.framework/Versions/A/DSExternalDisplay
0x0000000280201000 	/System/Library/PrivateFrameworks/VideoToolboxParavirtualizationSupport.framework/Versions/A/VideoToolboxParavirtualizationSupport
0x0000000198faa000 	/System/Library/PrivateFrameworks/AppleVA.framework/Versions/A/AppleVA
0x000000022ed98000 	/System/Library/Frameworks/ExtensionFoundation.framework/Versions/A/ExtensionFoundation
0x0000000199efd000 	/System/Library/PrivateFrameworks/CMCaptureCore.framework/Versions/A/CMCaptureCore
0x0000000199283000 	/usr/lib/libspindump.dylib
0x000000018a981000 	/System/Library/Frameworks/CoreAudio.framework/Versions/A/CoreAudio
0x0000000199276000 	/System/Library/PrivateFrameworks/AppServerSupport.framework/Versions/A/AppServerSupport
0x000000019bbf8000 	/System/Library/PrivateFrameworks/perfdata.framework/Versions/A/perfdata
0x000000018a395000 	/System/Library/PrivateFrameworks/AudioToolboxCore.framework/Versions/A/AudioToolboxCore
0x000000019417e000 	/System/Library/PrivateFrameworks/caulk.framework/Versions/A/caulk
0x000000019b7f5000 	/usr/lib/libAudioStatistics.dylib
0x00000001b3b2f000 	/System/Library/PrivateFrameworks/SystemPolicy.framework/Versions/A/SystemPolicy
0x000000019ba9d000 	/usr/lib/libSMC.dylib
0x00000001bb47c000 	/usr/lib/swift/libswiftCoreMIDI.dylib
0x00000001a6e0e000 	/System/Library/Frameworks/CoreMIDI.framework/Versions/A/CoreMIDI
0x0000000199dbe000 	/usr/lib/libAudioToolboxUtility.dylib
0x000000019bc06000 	/usr/lib/libperfcheck.dylib
0x000000023c627000 	/System/Library/PrivateFrameworks/AudioAnalytics.framework/Versions/A/AudioAnalytics
0x00000001da9b9000 	/System/Library/Frameworks/OSLog.framework/Versions/A/OSLog
0x0000000265702000 	/System/Library/PrivateFrameworks/OSEligibility.framework/Versions/A/OSEligibility
0x0000000199079000 	/System/Library/PrivateFrameworks/IconServices.framework/Versions/A/IconServices
0x000000023017c000 	/System/Library/Frameworks/LightweightCodeRequirements.framework/Versions/A/LightweightCodeRequirements
0x0000000198ef3000 	/System/Library/PrivateFrameworks/PlugInKit.framework/Versions/A/PlugInKit
0x00000001967d4000 	/System/Library/PrivateFrameworks/AssertionServices.framework/Versions/A/AssertionServices
0x0000000199018000 	/System/Library/PrivateFrameworks/IconFoundation.framework/Versions/A/IconFoundation
0x0000000255f73000 	/System/Library/PrivateFrameworks/IconRendering.framework/Versions/A/IconRendering
0x0000000191d88000 	/System/Library/PrivateFrameworks/CoreUI.framework/Versions/A/CoreUI
0x0000000194caf000 	/System/Library/Frameworks/CoreImage.framework/Versions/A/CoreImage
0x000000026d0dd000 	/System/Library/PrivateFrameworks/SFSymbols.framework/Versions/A/SFSymbols
0x000000022ec4e000 	/System/Library/Frameworks/DeveloperToolsSupport.framework/Versions/A/DeveloperToolsSupport
0x00000001abc91000 	/System/Library/PrivateFrameworks/RenderBox.framework/Versions/A/RenderBox
0x0000000194931000 	/System/Library/PrivateFrameworks/CoreSVG.framework/Versions/A/CoreSVG
0x0000000199f81000 	/System/Library/PrivateFrameworks/TextureIO.framework/Versions/A/TextureIO
0x00000001b4ba2000 	/usr/lib/swift/libswiftCoreImage.dylib
0x0000000199226000 	/System/Library/PrivateFrameworks/GraphVisualizer.framework/Versions/A/GraphVisualizer
0x0000000249a06000 	/System/Library/PrivateFrameworks/FontServices.framework/Versions/A/FontServices
0x0000000199236000 	/System/Library/PrivateFrameworks/OTSVG.framework/Versions/A/OTSVG
0x0000000191d36000 	/System/Library/Frameworks/ApplicationServices.framework/Versions/A/Frameworks/ATS.framework/Versions/A/Resources/libFontRegistry.dylib
0x000000028b37b000 	/usr/lib/libhvf.dylib
0x000000026638e000 	/System/Library/PrivateFrameworks/ParsingInternal.framework/Versions/A/ParsingInternal
0x0000000249a0a000 	/System/Library/PrivateFrameworks/FontServices.framework/libXTFontStaticRegistryData.dylib
0x000000019519a000 	/System/Library/Frameworks/MetalPerformanceShaders.framework/Versions/A/Frameworks/MPSCore.framework/Versions/A/MPSCore
0x0000000196fa4000 	/System/Library/Frameworks/MetalPerformanceShaders.framework/Versions/A/Frameworks/MPSImage.framework/Versions/A/MPSImage
0x0000000196963000 	/System/Library/Frameworks/MetalPerformanceShaders.framework/Versions/A/Frameworks/MPSNeuralNetwork.framework/Versions/A/MPSNeuralNetwork
0x0000000196da2000 	/System/Library/Frameworks/MetalPerformanceShaders.framework/Versions/A/Frameworks/MPSMatrix.framework/Versions/A/MPSMatrix
0x0000000196bba000 	/System/Library/Frameworks/MetalPerformanceShaders.framework/Versions/A/Frameworks/MPSRayIntersector.framework/Versions/A/MPSRayIntersector
0x0000000196dd4000 	/System/Library/Frameworks/MetalPerformanceShaders.framework/Versions/A/Frameworks/MPSNDArray.framework/Versions/A/MPSNDArray
0x0000000231001000 	/System/Library/Frameworks/MetalPerformanceShaders.framework/Versions/A/Frameworks/MPSFunctions.framework/Versions/A/MPSFunctions
0x0000000230fe2000 	/System/Library/Frameworks/MetalPerformanceShaders.framework/Versions/A/Frameworks/MPSBenchmarkLoop.framework/Versions/A/MPSBenchmarkLoop
0x0000000231015000 	/System/Library/Frameworks/MetalPerformanceShaders.framework/Versions/A/Frameworks/MPSHost.framework/Versions/A/MPSHost
0x00000001880ef000 	/System/Library/PrivateFrameworks/MetalTools.framework/Versions/A/MetalTools
0x00000001b9db9000 	/System/Library/PrivateFrameworks/IOAccelMemoryInfo.framework/Versions/A/IOAccelMemoryInfo
0x00000001c82ca000 	/System/Library/PrivateFrameworks/kperf.framework/Versions/A/kperf
0x00000001b4b1e000 	/System/Library/PrivateFrameworks/GPURawCounter.framework/Versions/A/GPURawCounter
0x00000001a5b8b000 	/System/Library/PrivateFrameworks/ASEProcessing.framework/Versions/A/ASEProcessing
0x00000001d6377000 	/System/Library/PrivateFrameworks/Symbolication.framework/Versions/A/Symbolication
0x000000026983b000 	/System/Library/PrivateFrameworks/PhotosensitivityProcessing.framework/Versions/A/PhotosensitivityProcessing
0x000000026d163000 	/System/Library/PrivateFrameworks/SILManager.framework/Versions/A/SILManager
0x00000001a2236000 	/System/Library/PrivateFrameworks/CoreSymbolication.framework/Versions/A/CoreSymbolication
0x00000001b4a93000 	/System/Library/PrivateFrameworks/MallocStackLogging.framework/Versions/A/MallocStackLogging
0x00000001a2214000 	/System/Library/PrivateFrameworks/DebugSymbols.framework/Versions/A/DebugSymbols
0x00000001c6a3d000 	/System/Library/PrivateFrameworks/OSAnalytics.framework/Versions/A/OSAnalytics
0x0000000247768000 	/System/Library/PrivateFrameworks/DeviceRecovery.framework/Versions/A/DeviceRecovery
0x000000027ba91000 	/System/Library/PrivateFrameworks/Tightbeam.framework/Versions/A/Tightbeam
0x00000001c2af1000 	/usr/lib/swift/libswiftCompression.dylib
0x00000001cd101000 	/System/Library/PrivateFrameworks/AFKUser.framework/Versions/A/AFKUser
0x0000000199ec9000 	/System/Library/Frameworks/ApplicationServices.framework/Versions/A/Frameworks/ATSUI.framework/Versions/A/ATSUI
0x000000019b59f000 	/System/Library/Frameworks/AudioToolbox.framework/Versions/A/AudioToolbox
0x0000000197412000 	/System/Library/Frameworks/UserNotifications.framework/Versions/A/UserNotifications
0x00000001ba54e000 	/System/Library/PrivateFrameworks/SiriInstrumentation.framework/Versions/A/SiriInstrumentation
0x000000026f5be000 	/System/Library/PrivateFrameworks/SiriAnalytics.framework/Versions/A/SiriAnalytics
0x00000001b7cb6000 	/System/Library/PrivateFrameworks/FeedbackLogger.framework/Versions/A/FeedbackLogger
0x00000001d2541000 	/usr/lib/swift/libswiftAVFoundation.dylib
0x000000027e2b9000 	/System/Library/PrivateFrameworks/UnifiedAssetFramework.framework/Versions/A/UnifiedAssetFramework
0x000000019b774000 	/System/Library/PrivateFrameworks/AudioSession.framework/Versions/A/AudioSession
0x0000000199137000 	/System/Library/PrivateFrameworks/MediaExperience.framework/Versions/A/MediaExperience
0x000000019b549000 	/System/Library/PrivateFrameworks/AudioSession.framework/libSessionUtility.dylib
0x00000001a0dc1000 	/System/Library/Frameworks/CoreBluetooth.framework/Versions/A/CoreBluetooth
0x0000000196647000 	/System/Library/PrivateFrameworks/CoreUtils.framework/Versions/A/CoreUtils
0x00000001ac9c4000 	/System/Library/PrivateFrameworks/HID.framework/Versions/A/HID
0x0000000246681000 	/System/Library/PrivateFrameworks/CoreUtilsExtras.framework/Versions/A/CoreUtilsExtras
0x0000000255ec8000 	/System/Library/PrivateFrameworks/IO80211.framework/Versions/A/IO80211
0x000000019d737000 	/System/Library/Frameworks/IOBluetooth.framework/Versions/A/IOBluetooth
0x000000028c053000 	/usr/lib/swift/libswiftRegexBuilder.dylib
0x0000000198d93000 	/usr/lib/libIOReport.dylib
0x00000001e2f18000 	/System/Library/PrivateFrameworks/WiFiPeerToPeer.framework/Versions/A/WiFiPeerToPeer
0x00000001967e3000 	/System/Library/Frameworks/SecurityFoundation.framework/Versions/A/SecurityFoundation
0x000000023ed23000 	/System/Library/PrivateFrameworks/Centauri.framework/Versions/A/Centauri
0x0000000188ad3000 	/System/Library/PrivateFrameworks/Lexicon.framework/Versions/A/Lexicon
0x000000028b7cb000 	/usr/lib/libmrc.dylib
0x0000000255f33000 	/System/Library/PrivateFrameworks/IPConfiguration.framework/Versions/A/IPConfiguration
0x00000001d6b4e000 	/System/Library/PrivateFrameworks/Netrb.framework/Versions/A/Netrb
0x00000001a1d44000 	/System/Library/PrivateFrameworks/FrontBoardServices.framework/Versions/A/FrontBoardServices
0x000000019694c000 	/usr/lib/libgermantok.dylib
0x0000000195389000 	/System/Library/PrivateFrameworks/LinguisticData.framework/Versions/A/LinguisticData
0x00000001a0fca000 	/System/Library/PrivateFrameworks/MediaKit.framework/Versions/A/MediaKit
0x00000001a0f18000 	/System/Library/Frameworks/DiscRecording.framework/Versions/A/DiscRecording
0x000000019900e000 	/usr/lib/libheimdal-asn1.dylib
0x00000001a49f3000 	/System/Library/Frameworks/AudioUnit.framework/Versions/A/AudioUnit
0x000000019204e000 	/System/Library/Frameworks/OpenDirectory.framework/Versions/A/OpenDirectory
0x000000019205c000 	/System/Library/Frameworks/OpenDirectory.framework/Versions/A/Frameworks/CFOpenDirectory.framework/Versions/A/CFOpenDirectory
0x000000019dadf000 	/System/Library/PrivateFrameworks/GeoServices.framework/Versions/A/GeoServices
0x000000019b50f000 	/System/Library/PrivateFrameworks/LocationSupport.framework/Versions/A/LocationSupport
0x0000000252bef000 	/System/Library/PrivateFrameworks/GeoServicesCore.framework/Versions/A/GeoServicesCore
0x00000001ad8c8000 	/System/Library/PrivateFrameworks/PhoneNumbers.framework/Versions/A/PhoneNumbers
0x000000025b377000 	/System/Library/PrivateFrameworks/LocationLogEncryption.framework/Versions/A/LocationLogEncryption
0x000000022d289000 	/System/Library/Frameworks/AVFAudio.framework/Versions/A/AVFAudio
0x000000022d3cd000 	/System/Library/Frameworks/AVRouting.framework/Versions/A/AVRouting
0x00000001ad9e0000 	/usr/lib/libAccessibility.dylib
0x0000000259d61000 	/System/Library/PrivateFrameworks/IsolatedCoreAudioClient.framework/Versions/A/IsolatedCoreAudioClient
0x00000002424b9000 	/System/Library/PrivateFrameworks/CoreAudioOrchestration.framework/Versions/A/CoreAudioOrchestration
0x000000019a3e5000 	/System/Library/Frameworks/MediaToolbox.framework/Versions/A/MediaToolbox
0x00000001a10f0000 	/System/Library/PrivateFrameworks/CoreAVCHD.framework/Versions/A/CoreAVCHD
0x00000001a001f000 	/System/Library/Frameworks/MediaAccessibility.framework/Versions/A/MediaAccessibility
0x00000001a10ec000 	/System/Library/PrivateFrameworks/Mangrove.framework/Versions/A/Mangrove
0x000000023e35f000 	/System/Library/PrivateFrameworks/CMPhoto.framework/Versions/A/CMPhoto
0x00000001a18b9000 	/System/Library/Frameworks/CoreTelephony.framework/Versions/A/CoreTelephony
0x00000001a10df000 	/System/Library/PrivateFrameworks/CoreAUC.framework/Versions/A/CoreAUC
0x000000023b4d0000 	/System/Library/PrivateFrameworks/AppleJPEGXL.framework/Versions/A/AppleJPEGXL
0x000000019be10000 	/usr/lib/libTelephonyUtilDynamic.dylib
0x00000001ddaaa000 	/System/Library/Frameworks/CryptoKit.framework/Versions/A/CryptoKit
0x00000001a49ee000 	/System/Library/PrivateFrameworks/CryptoKitCBridging.framework/Versions/A/CryptoKitCBridging
0x00000001a1efd000 	/System/Library/Frameworks/CryptoTokenKit.framework/Versions/A/CryptoTokenKit
0x00000002471d9000 	/System/Library/PrivateFrameworks/Dendrite.framework/Versions/A/Dendrite
0x00000001b46c6000 	/System/Library/Frameworks/NaturalLanguage.framework/Versions/A/NaturalLanguage
0x00000002528f2000 	/System/Library/PrivateFrameworks/GenerativeModels.framework/Versions/A/GenerativeModels
0x00000001e2ea0000 	/usr/lib/swift/libswiftNaturalLanguage.dylib
0x000000023c046000 	/System/Library/PrivateFrameworks/AppleMobileFileIntegrity.framework/Versions/A/AppleMobileFileIntegrity
0x000000028a92a000 	/usr/lib/libTLE.dylib
0x00000001b4ac5000 	/usr/lib/libmis.dylib
0x00000001ec5a7000 	/System/Library/PrivateFrameworks/ConfigProfileHelper.framework/Versions/A/ConfigProfileHelper
0x00000001a4b7d000 	/System/Library/PrivateFrameworks/Espresso.framework/Versions/A/Espresso
0x00000001927dd000 	/System/Library/Frameworks/CoreML.framework/Versions/A/CoreML
0x00000001e0d5d000 	/usr/lib/libedit.3.dylib
0x000000022a098000 	/System/Library/PrivateFrameworks/ANECompiler.framework/Versions/A/ANECompiler
0x00000001a6c52000 	/System/Library/PrivateFrameworks/AppleNeuralEngine.framework/Versions/A/AppleNeuralEngine
0x000000025b495000 	/System/Library/PrivateFrameworks/MIL.framework/Versions/A/MIL
0x000000023101b000 	/System/Library/Frameworks/MetalPerformanceShadersGraph.framework/Versions/A/MetalPerformanceShadersGraph
0x000000025bc04000 	/System/Library/PrivateFrameworks/MLCompilerServices.framework/Versions/A/MLCompilerServices
0x00000001a59cf000 	/System/Library/PrivateFrameworks/ANEServices.framework/Versions/A/ANEServices
0x00000001b9d7c000 	/usr/lib/libncurses.5.4.dylib
0x000000018bc8a000 	/usr/lib/libsandbox.1.dylib
0x0000000198f34000 	/usr/lib/libMatch.1.dylib
0x0000000265484000 	/System/Library/PrivateFrameworks/ODIE.framework/Versions/A/ODIE
0x000000025e891000 	/System/Library/PrivateFrameworks/MLModelAsset.framework/Versions/A/MLModelAsset
0x000000025bbaa000 	/System/Library/PrivateFrameworks/MLCompilerRuntime.framework/Versions/A/MLCompilerRuntime
0x0000000196c0f000 	/System/Library/Frameworks/MLCompute.framework/Versions/A/MLCompute
0x000000025bb2c000 	/System/Library/PrivateFrameworks/MLAssetIO.framework/Versions/A/MLAssetIO
0x000000028c025000 	/usr/lib/swift/libswiftMLCompute.dylib
0x00000001a1ad4000 	/System/Library/PrivateFrameworks/AVFCore.framework/Versions/A/AVFCore
0x00000001ab2e2000 	/System/Library/PrivateFrameworks/AVFCapture.framework/Versions/A/AVFCapture
0x000000023e156000 	/System/Library/PrivateFrameworks/CMImaging.framework/Versions/A/CMImaging
0x00000001ab524000 	/System/Library/PrivateFrameworks/Quagga.framework/Versions/A/Quagga
0x00000001ab655000 	/System/Library/PrivateFrameworks/CMCapture.framework/Versions/A/CMCapture
0x000000019b99a000 	/System/Library/Frameworks/CoreMediaIO.framework/Versions/A/CoreMediaIO
0x000000023e091000 	/System/Library/PrivateFrameworks/CMCaptureDevice.framework/Versions/A/CMCaptureDevice
0x000000019936f000 	/System/Library/PrivateFrameworks/CoreBrightness.framework/Versions/A/CoreBrightness
0x000000023f21a000 	/System/Library/PrivateFrameworks/CinematicFraming.framework/Versions/A/CinematicFraming
0x000000026196c000 	/System/Library/PrivateFrameworks/ModelManagerServices.framework/Versions/A/ModelManagerServices
0x00000001cf5ab000 	/System/Library/PrivateFrameworks/CPMS.framework/Versions/A/CPMS
0x00000002791b9000 	/System/Library/PrivateFrameworks/SystemStatus.framework/Versions/A/SystemStatus
0x00000001b3504000 	/System/Library/Frameworks/CoreMotion.framework/Versions/A/CoreMotion
0x00000001c3acd000 	/System/Library/PrivateFrameworks/TimeSync.framework/Versions/A/TimeSync
0x0000000247b9f000 	/System/Library/PrivateFrameworks/DistributedSensing.framework/Versions/A/DistributedSensing
0x00000001beec4000 	/System/Library/PrivateFrameworks/MobileBluetooth.framework/Versions/A/MobileBluetooth
0x00000001c578a000 	/System/Library/PrivateFrameworks/IOKitten.framework/Versions/A/IOKitten
0x000000023b34a000 	/System/Library/PrivateFrameworks/AppleIntelligenceReporting.framework/Versions/A/AppleIntelligenceReporting
0x0000000196556000 	/System/Library/PrivateFrameworks/CoreEmoji.framework/Versions/A/CoreEmoji
0x0000000188de5000 	/usr/lib/libCRFSuite.dylib
0x000000018a0c5000 	/System/Library/PrivateFrameworks/LanguageModeling.framework/Versions/A/LanguageModeling
0x0000000195269000 	/System/Library/PrivateFrameworks/CoreNLP.framework/Versions/A/CoreNLP
0x000000018f03b000 	/System/Library/PrivateFrameworks/Montreal.framework/Versions/A/Montreal
0x00000001976c6000 	/usr/lib/libcmph.dylib
0x00000001968ed000 	/usr/lib/libmecab.dylib
0x0000000197837000 	/usr/lib/libThaiTokenizer.dylib
0x00000002529d4000 	/System/Library/PrivateFrameworks/GenerativeModelsFoundation.framework/Versions/A/GenerativeModelsFoundation
0x000000027bf96000 	/System/Library/PrivateFrameworks/TokenGeneration.framework/Versions/A/TokenGeneration
0x00000002527a8000 	/System/Library/PrivateFrameworks/GenerativeFunctions.framework/Versions/A/GenerativeFunctions
0x00000002527f6000 	/System/Library/PrivateFrameworks/GenerativeFunctionsFoundation.framework/Versions/A/GenerativeFunctionsFoundation
0x0000000261632000 	/System/Library/PrivateFrameworks/ModelCatalog.framework/Versions/A/ModelCatalog
0x000000026e7d8000 	/System/Library/PrivateFrameworks/SensitiveContentAnalysisML.framework/Versions/A/SensitiveContentAnalysisML
0x000000025288c000 	/System/Library/PrivateFrameworks/GenerativeFunctionsInstrumentation.framework/Versions/A/GenerativeFunctionsInstrumentation
0x000000026b650000 	/System/Library/PrivateFrameworks/PromptKit.framework/Versions/A/PromptKit
0x000000026b067000 	/System/Library/PrivateFrameworks/ProactiveDaemonSupport.framework/Versions/A/ProactiveDaemonSupport
0x000000027c1ce000 	/System/Library/PrivateFrameworks/TokenGenerationCore.framework/Versions/A/TokenGenerationCore
0x00000001b5591000 	/System/Library/PrivateFrameworks/Trial.framework/Versions/A/Trial
0x00000001b5512000 	/System/Library/PrivateFrameworks/TrialProto.framework/Versions/A/TrialProto
0x000000023af76000 	/System/Library/PrivateFrameworks/AppleFlatBuffers.framework/Versions/A/AppleFlatBuffers
0x000000026eaa8000 	/System/Library/PrivateFrameworks/SentencePieceInternal.framework/Versions/A/SentencePieceInternal
0x00000001a0079000 	/System/Library/Frameworks/Vision.framework/Versions/A/Vision
0x0000000246363000 	/System/Library/PrivateFrameworks/CoreSceneUnderstanding.framework/Versions/A/CoreSceneUnderstanding
0x0000000280e0e000 	/System/Library/PrivateFrameworks/VisionCore.framework/Versions/A/VisionCore
0x000000019a322000 	/System/Library/PrivateFrameworks/DataDetectorsCore.framework/Versions/A/DataDetectorsCore
0x00000001bde52000 	/System/Library/Frameworks/Vision.framework/libfaceCore.dylib
0x00000001be96c000 	/System/Library/PrivateFrameworks/Futhark.framework/Versions/A/Futhark
0x00000001c28aa000 	/System/Library/PrivateFrameworks/InertiaCam.framework/Versions/A/InertiaCam
0x00000001be6f9000 	/System/Library/PrivateFrameworks/TextRecognition.framework/Versions/A/TextRecognition
0x000000022ec37000 	/System/Library/Frameworks/DataDetection.framework/Versions/A/DataDetection
0x00000001b8922000 	/System/Library/PrivateFrameworks/TextInput.framework/Versions/A/TextInput
0x0000000198dd1000 	/System/Library/PrivateFrameworks/CVNLP.framework/Versions/A/CVNLP
0x00000001daea2000 	/System/Library/PrivateFrameworks/HIDDisplay.framework/Versions/A/HIDDisplay
0x000000019bb7e000 	/usr/lib/libcups.2.dylib
0x000000019bc14000 	/System/Library/Frameworks/Kerberos.framework/Versions/A/Kerberos
0x000000019b885000 	/usr/lib/libresolv.9.dylib
0x000000019928a000 	/System/Library/PrivateFrameworks/Heimdal.framework/Versions/A/Heimdal
0x00000001a49f2000 	/System/Library/Frameworks/Kerberos.framework/Versions/A/Libraries/libHeimdalProxy.dylib
0x000000019bc78000 	/System/Library/PrivateFrameworks/CommonAuth.framework/Versions/A/CommonAuth
0x00000001ad8d4000 	/System/Library/PrivateFrameworks/AXCoreUtilities.framework/Versions/A/AXCoreUtilities
0x00000001bdc9d000 	/System/Library/PrivateFrameworks/AttributeGraph.framework/Versions/A/AttributeGraph
0x000000028a42b000 	/usr/lib/libAXSafeCategoryBundle.dylib
0x00000002353a6000 	/System/Library/Frameworks/TabularData.framework/Versions/A/TabularData
0x000000023c1f6000 	/System/Library/PrivateFrameworks/ArgumentParserInternal.framework/Versions/A/ArgumentParserInternal
0x0000000196418000 	/System/Library/Frameworks/Accelerate.framework/Versions/A/Frameworks/vecLib.framework/Versions/A/libvDSP.dylib
0x0000000197986000 	/System/Library/Frameworks/Accelerate.framework/Versions/A/Frameworks/vecLib.framework/Versions/A/libLAPACK.dylib
0x000000019694f000 	/System/Library/Frameworks/Accelerate.framework/Versions/A/Frameworks/vecLib.framework/Versions/A/libLinearAlgebra.dylib
0x000000019787d000 	/System/Library/Frameworks/Accelerate.framework/Versions/A/Frameworks/vecLib.framework/Versions/A/libSparseBLAS.dylib
0x0000000197981000 	/System/Library/Frameworks/Accelerate.framework/Versions/A/Frameworks/vecLib.framework/Versions/A/libQuadrature.dylib
0x0000000195390000 	/System/Library/Frameworks/Accelerate.framework/Versions/A/Frameworks/vecLib.framework/Versions/A/libBNNS.dylib
0x0000000188be3000 	/System/Library/Frameworks/Accelerate.framework/Versions/A/Frameworks/vecLib.framework/Versions/A/libSparse.dylib
0x000000022e71c000 	/System/Library/Frameworks/CoreTransferable.framework/Versions/A/CoreTransferable
0x000000019bbdd000 	/System/Library/PrivateFrameworks/NetAuth.framework/Versions/A/NetAuth
0x0000000192272000 	/System/Library/PrivateFrameworks/login.framework/Versions/A/Frameworks/loginsupport.framework/Versions/A/loginsupport
0x000000018d40a000 	/System/Library/PrivateFrameworks/UIFoundation.framework/Versions/A/UIFoundation
0x00000001968b7000 	/usr/lib/libCheckFix.dylib
0x00000001913f8000 	/System/Library/PrivateFrameworks/MetadataUtilities.framework/Versions/A/MetadataUtilities
0x00000002569ba000 	/System/Library/PrivateFrameworks/InstalledContentLibrary.framework/Versions/A/InstalledContentLibrary
0x000000018bb4e000 	/System/Library/PrivateFrameworks/CoreServicesStore.framework/Versions/A/CoreServicesStore
0x00000001920bd000 	/usr/lib/libapp_launch_measurement.dylib
0x00000001c83e1000 	/System/Library/PrivateFrameworks/MobileSystemServices.framework/Versions/A/MobileSystemServices
0x0000000198c56000 	/usr/lib/libxslt.1.dylib
0x0000000196876000 	/System/Library/PrivateFrameworks/BackgroundTaskManagement.framework/Versions/A/BackgroundTaskManagement
0x00000001a4084000 	/usr/lib/libcurl.4.dylib
0x000000028b12f000 	/usr/lib/libcrypto.46.dylib
0x000000028bcce000 	/usr/lib/libssl.48.dylib
0x00000001a3d5e000 	/System/Library/Frameworks/LDAP.framework/Versions/A/LDAP
0x00000001a3d9a000 	/System/Library/PrivateFrameworks/TrustEvaluationAgent.framework/Versions/A/TrustEvaluationAgent
0x000000019b8a2000 	/usr/lib/libsasl2.2.dylib
0x00000001a7001000 	/System/Library/Frameworks/Cocoa.framework/Versions/A/Cocoa
0x000000018bce7000 	/System/Library/Frameworks/AppKit.framework/Versions/C/AppKit
0x000000024009a000 	/System/Library/PrivateFrameworks/CollectionViewCore.framework/Versions/A/CollectionViewCore
0x000000019492b000 	/System/Library/PrivateFrameworks/XCTTargetBootstrap.framework/Versions/A/XCTTargetBootstrap
0x000000019a374000 	/System/Library/PrivateFrameworks/UserActivity.framework/Versions/A/UserActivity
0x0000000249b08000 	/System/Library/PrivateFrameworks/FrontBoard.framework/Versions/A/FrontBoard
0x000000027dbde000 	/System/Library/PrivateFrameworks/UIIntelligenceSupport.framework/Versions/A/UIIntelligenceSupport
0x000000023442f000 	/System/Library/Frameworks/SwiftUICore.framework/Versions/A/SwiftUICore
0x0000000284773000 	/System/Library/PrivateFrameworks/WritingTools.framework/Versions/A/WritingTools
0x000000028356e000 	/System/Library/PrivateFrameworks/WindowManagement.framework/Versions/A/WindowManagement
0x000000024983d000 	/System/Library/PrivateFrameworks/FocusEngine.framework/Versions/A/FocusEngine
0x0000000247249000 	/System/Library/PrivateFrameworks/DesignLibrary.framework/Versions/A/DesignLibrary
0x0000000194916000 	/System/Library/PrivateFrameworks/DFRFoundation.framework/Versions/A/DFRFoundation
0x000000027eb27000 	/System/Library/PrivateFrameworks/UpdateCycle.framework/Versions/A/UpdateCycle
0x000000019461a000 	/System/Library/Frameworks/Carbon.framework/Versions/A/Frameworks/HIToolbox.framework/Versions/A/HIToolbox
0x000000019f93f000 	/System/Library/Frameworks/Carbon.framework/Versions/A/Frameworks/SpeechRecognition.framework/Versions/A/SpeechRecognition
0x0000000192044000 	/System/Library/PrivateFrameworks/PerformanceAnalysis.framework/Versions/A/PerformanceAnalysis
0x000000019fccf000 	/System/Library/Frameworks/Accessibility.framework/Versions/A/Accessibility
0x000000023538c000 	/System/Library/Frameworks/Symbols.framework/Versions/A/Symbols
0x0000000252d9d000 	/System/Library/PrivateFrameworks/Gestures.framework/Versions/A/Gestures
0x000000028c0f6000 	/usr/lib/swift/libswiftSpatial.dylib
0x00000001b19d9000 	/usr/lib/swift/libswiftCoreGraphics.dylib
0x00000001a0713000 	/usr/lib/swift/libswiftFoundation.dylib
0x00000001ebf4b000 	/usr/lib/swift/libswiftSwiftOnoneSupport.dylib
0x000000028c37c000 	/usr/lib/swift/libswiftsys_time.dylib
0x00000001d6b8c000 	/System/Library/PrivateFrameworks/CoreMaterial.framework/Versions/A/CoreMaterial
0x000000028a927000 	/usr/lib/libSpatial.dylib
0x000000028a348000 	/System/Library/SubFrameworks/UIUtilities.framework/Versions/A/UIUtilities
0x0000000108a20000 	/opt/homebrew/Cellar/openjdk/24.0.1/libexec/openjdk.jdk/Contents/Home/lib/server/libjvm.dylib
0x0000000102d64000 	/opt/homebrew/Cellar/openjdk/24.0.1/libexec/openjdk.jdk/Contents/Home/lib/libjimage.dylib
0x0000000102dc4000 	/opt/homebrew/Cellar/openjdk/24.0.1/libexec/openjdk.jdk/Contents/Home/lib/libjdwp.dylib
0x0000000102d94000 	/opt/homebrew/Cellar/openjdk/24.0.1/libexec/openjdk.jdk/Contents/Home/lib/libinstrument.dylib
0x0000000102e40000 	/opt/homebrew/Cellar/openjdk/24.0.1/libexec/openjdk.jdk/Contents/Home/lib/libjava.dylib
0x000000028a41d000 	/usr/lib/i18n/libiconv_std.dylib
0x000000028a413000 	/usr/lib/i18n/libUTF8.dylib
0x000000028a421000 	/usr/lib/i18n/libmapper_646.dylib
0x0000000102e28000 	/opt/homebrew/Cellar/openjdk/24.0.1/libexec/openjdk.jdk/Contents/Home/lib/libdt_socket.dylib
0x00000001030a0000 	/opt/homebrew/Cellar/openjdk/24.0.1/libexec/openjdk.jdk/Contents/Home/lib/libzip.dylib
0x0000000103424000 	/opt/homebrew/Cellar/openjdk/24.0.1/libexec/openjdk.jdk/Contents/Home/lib/libnio.dylib
0x00000001030d4000 	/opt/homebrew/Cellar/openjdk/24.0.1/libexec/openjdk.jdk/Contents/Home/lib/libnet.dylib
0x0000000103088000 	/opt/homebrew/Cellar/openjdk/24.0.1/libexec/openjdk.jdk/Contents/Home/lib/libextnet.dylib

JVMTI agents:
jdwp path:none, loaded, initialized, options:transport=dt_socket,suspend=y,address=localhost:59937
/Applications/Eclipse.app/Contents/Eclipse/configuration/org.eclipse.osgi/1364/0/.cp/lib/javaagent-shaded.jar path:none, loaded, initialized, instrumentlib options:none


VM Arguments:
jvm_args: -XX:+ShowCodeDetailsInExceptionMessages -agentlib:jdwp=transport=dt_socket,suspend=y,address=localhost:59937 -ea -Dargs=-p 3100 -javaagent:/Applications/Eclipse.app/Contents/Eclipse/configuration/org.eclipse.osgi/1364/0/.cp/lib/javaagent-shaded.jar -Dfile.encoding=UTF-8 -Dstdout.encoding=UTF-8 -Dstderr.encoding=UTF-8 
java_command: org.eclipse.jdt.internal.junit.runner.RemoteTestRunner -version 3 -port 59936 -testLoaderClass org.eclipse.jdt.internal.junit5.runner.JUnit5TestLoader -loaderpluginname org.eclipse.jdt.junit5.runtime -packageNameFile /var/folders/yp/vsk2hvbj4ns130jp7p3vd50r0000gp/T/packageNames14777167649501669003.txt
java_class_path (initial): /Users/tfaulkes/Programming/Aerospike/git/aerospike-client-java-sdk/client/target/test-classes:/Users/tfaulkes/Programming/Aerospike/git/aerospike-client-java-sdk/client/target/classes:/Users/tfaulkes/.m2/repository/org/mindrot/jbcrypt/0.4/jbcrypt-0.4.jar:/Users/tfaulkes/.m2/repository/org/yaml/snakeyaml/2.6/snakeyaml-2.6.jar:/Users/tfaulkes/.m2/repository/org/bouncycastle/bcprov-jdk18on/1.84/bcprov-jdk18on-1.84.jar:/Users/tfaulkes/.m2/repository/org/junit/jupiter/junit-jupiter-api/6.0.0/junit-jupiter-api-6.0.0.jar:/Users/tfaulkes/.m2/repository/org/opentest4j/opentest4j/1.3.0/opentest4j-1.3.0.jar:/Users/tfaulkes/.m2/repository/org/junit/platform/junit-platform-commons/6.0.0/junit-platform-commons-6.0.0.jar:/Users/tfaulkes/.m2/repository/org/apiguardian/apiguardian-api/1.1.2/apiguardian-api-1.1.2.jar:/Users/tfaulkes/.m2/repository/org/jspecify/jspecify/1.0.0/jspecify-1.0.0.jar:/Users/tfaulkes/.m2/repository/org/junit/jupiter/junit-jupiter-engine/6.0.0/junit-jupiter-engine-6.0.0.jar:/Users/tfaulkes/.m2/repository/org/junit/platform/junit-platform-engine/6.0.0/junit-platform-engine-6.0.0.jar:/Users/tfaulkes/.m2/repository/org/junit/platform/junit-platform-suite/6.0.0/junit-platform-suite-6.0.0.jar:/Users/tfaulkes/.m2/repository/org/junit/platform/junit-platform-suite-api/6.0.0/junit-platform-suite-api-6.0.0.jar:/Users/tfaulkes/.m2/repository/org/junit/platform/junit-platform-suite-engine/6.0.0/junit-platform-suite-engine-6.0.0.jar:/Users/tfaulkes/.m2/repository/org/junit/platform/junit-platform-launcher/6.0.0/junit-platform-launcher-6.0.0.jar:/Users/tfaulkes/.m2/repository/org/assertj/assertj-core/3.27.7/assertj-core-3.27.7.jar:/Users/tfaulkes/.m2/repository/net/bytebuddy/byte-buddy/1.18.3/byte-buddy-1.18.3.jar:/Users/tfaulkes/.m2/repository/org/antlr/antlr4-runtime/4.13.2/antlr4-runtime-4.13.2.jar:/Users/tfaulkes/.m2/repository/org/projectlombok/lombok/1.18.42/lombok-1.18.42.jar:/Users/tfaulkes/.m2/repository/commons-cli/commons-cli/1.11.0/commons-cli-1.11.0.jar:/Applications/Eclipse.app/Contents/Eclipse/configuration/org.eclipse.osgi/1363/0/.cp:/Applications/Eclipse.app/Contents/Eclipse/configuration/org.eclipse.osgi/1361/0/.cp
Launcher Type: SUN_STANDARD

[Global flags]
     intx CICompilerCount                          = 4                                         {product} {ergonomic}
     uint ConcGCThreads                            = 2                                         {product} {ergonomic}
     uint G1ConcRefinementThreads                  = 9                                         {product} {ergonomic}
   size_t G1HeapRegionSize                         = 8388608                                   {product} {ergonomic}
   size_t InitialHeapSize                          = 1073741824                                {product} {ergonomic}
   size_t MarkStackSize                            = 4194304                                   {product} {ergonomic}
   size_t MarkStackSizeMax                         = 536870912                                 {product} {ergonomic}
   size_t MaxHeapSize                              = 17179869184                               {product} {ergonomic}
   size_t MaxNewSize                               = 10301210624                               {product} {ergonomic}
   size_t MinHeapDeltaBytes                        = 8388608                                   {product} {ergonomic}
   size_t MinHeapSize                              = 8388608                                   {product} {ergonomic}
    uintx NonNMethodCodeHeapSize                   = 5832704                                {pd product} {ergonomic}
    uintx NonProfiledCodeHeapSize                  = 122929152                              {pd product} {ergonomic}
    uintx ProfiledCodeHeapSize                     = 122896384                              {pd product} {ergonomic}
    uintx ReservedCodeCacheSize                    = 251658240                              {pd product} {ergonomic}
     bool SegmentedCodeCache                       = true                                      {product} {ergonomic}
     bool ShowCodeDetailsInExceptionMessages       = true                                   {manageable} {command line}
   size_t SoftMaxHeapSize                          = 17179869184                            {manageable} {ergonomic}
     bool UseCompressedOops                        = true                           {product lp64_product} {ergonomic}
     bool UseG1GC                                  = true                                      {product} {ergonomic}
     bool UseNUMA                                  = false                                     {product} {ergonomic}
     bool UseNUMAInterleaving                      = false                                     {product} {ergonomic}

Logging:
Log output configuration:
 #0: stdout all=warning uptime,level,tags foldmultilines=false
 #1: stderr all=off uptime,level,tags foldmultilines=false

Environment Variables:
PATH=/usr/bin:/bin:/usr/sbin:/sbin
SHELL=/bin/zsh
TMPDIR=/var/folders/yp/vsk2hvbj4ns130jp7p3vd50r0000gp/T/

Active Locale:
LC_ALL=C
LC_COLLATE=C
LC_CTYPE=C
LC_MESSAGES=C
LC_MONETARY=C
LC_NUMERIC=C
LC_TIME=C

Signal Handlers:
   SIGSEGV: crash_handler in libjvm.dylib, mask=11100110000111110111111111111111, flags=SA_ONSTACK|SA_RESTART|SA_SIGINFO, unblocked
    SIGBUS: crash_handler in libjvm.dylib, mask=11100110000111110111111111111111, flags=SA_RESTART|SA_SIGINFO, unblocked
    SIGFPE: crash_handler in libjvm.dylib, mask=11100110000111110111111111111111, flags=SA_RESTART|SA_SIGINFO, unblocked
   SIGPIPE: javaSignalHandler in libjvm.dylib, mask=11100110000111110111111111111111, flags=SA_RESTART|SA_SIGINFO, blocked
   SIGXFSZ: javaSignalHandler in libjvm.dylib, mask=11100110000111110111111111111111, flags=SA_RESTART|SA_SIGINFO, blocked
    SIGILL: crash_handler in libjvm.dylib, mask=11100110000111110111111111111111, flags=SA_RESTART|SA_SIGINFO, unblocked
   SIGUSR2: SR_handler in libjvm.dylib, mask=00000000000000000000000000000000, flags=SA_RESTART|SA_SIGINFO, blocked
    SIGHUP: UserHandler in libjvm.dylib, mask=11100110000111110111111111111111, flags=SA_RESTART|SA_SIGINFO, blocked
    SIGINT: UserHandler in libjvm.dylib, mask=11100110000111110111111111111111, flags=SA_RESTART|SA_SIGINFO, blocked
   SIGTERM: UserHandler in libjvm.dylib, mask=11100110000111110111111111111111, flags=SA_RESTART|SA_SIGINFO, blocked
   SIGQUIT: UserHandler in libjvm.dylib, mask=11100110000111110111111111111111, flags=SA_RESTART|SA_SIGINFO, blocked
   SIGTRAP: crash_handler in libjvm.dylib, mask=11100110000111110111111111111111, flags=SA_RESTART|SA_SIGINFO, unblocked


Periodic native trim disabled

---------------  S Y S T E M  ---------------

OS:
uname: Darwin 25.5.0 Darwin Kernel Version 25.5.0: Mon Apr 27 20:38:56 PDT 2026; root:xnu-12377.121.6~2/RELEASE_ARM64_T6000 arm64
OS uptime: 16 days 9:24 hours
rlimit (soft/hard): STACK 8176k/65520k , CORE 0k/infinity , NPROC 10666/16000 , NOFILE 1048576/infinity , AS infinity/infinity , CPU infinity/infinity , DATA infinity/infinity , FSIZE infinity/infinity , MEMLOCK infinity/infinity , RSS infinity/infinity
load average: 40.70 30.04 26.92

CPU: total 10 (initial active 10) 0x61:0x0:0x1b588bb3:0, fp, asimd, aes, pmull, sha1, sha256, crc32, lse, sha3, sha512
machdep.cpu.brand_string:Apple M1 Max
hw.cachelinesize:128
hw.l1icachesize:131072
hw.l1dcachesize:65536
hw.l2cachesize:4194304

Memory: 16k page, physical 67108864k(64576k free), swap 25165824k(1660096k free)

vm_info: OpenJDK 64-Bit Server VM (24.0.1) for bsd-aarch64 JRE (24.0.1), built on 2025-03-05T07:19:53Z with clang Apple LLVM 15.0.0 (clang-1500.1.0.2.5)

END.
