#
# A fatal error has been detected by the Java Runtime Environment:
#
#  SIGSEGV (0xb) at pc=0x00000001176992b8, pid=45305, tid=5379
#
# JRE version: OpenJDK Runtime Environment Homebrew (24.0.1) (build 24.0.1)
# Java VM: OpenJDK 64-Bit Server VM Homebrew (24.0.1, mixed mode, sharing, tiered, compressed oops, compressed class ptrs, g1 gc, bsd-aarch64)
# Problematic frame:
# j  java.lang.invoke.LambdaForm$DMH+0x00001ffe01001400.invokeVirtual(Ljava/lang/Object;Ljava/lang/Object;)V+10 java.base@24.0.1
#
# No core dump will be written. Core dumps have been disabled. To enable core dumping, try "ulimit -c unlimited" before starting Java again
#
# If you would like to submit a bug report, please visit:
#   https://github.com/Homebrew/homebrew-core/issues
#

---------------  S U M M A R Y ------------

Command Line: -XX:+ShowCodeDetailsInExceptionMessages -agentlib:jdwp=transport=dt_socket,suspend=y,address=localhost:62665 -ea -Dargs=-p 3100 -javaagent:/Applications/Eclipse.app/Contents/Eclipse/configuration/org.eclipse.osgi/1364/0/.cp/lib/javaagent-shaded.jar -Dfile.encoding=UTF-8 -Dstdout.encoding=UTF-8 -Dstderr.encoding=UTF-8 org.eclipse.jdt.internal.junit.runner.RemoteTestRunner -version 3 -port 62664 -testLoaderClass org.eclipse.jdt.internal.junit5.runner.JUnit5TestLoader -loaderpluginname org.eclipse.jdt.junit5.runtime -packageNameFile /var/folders/yp/vsk2hvbj4ns130jp7p3vd50r0000gp/T/packageNames10478184711637338640.txt

Host: "MacBookPro18,2" arm64, 10 cores, 64G, Darwin 25.5.0, macOS 26.5.1 (25F80)
Time: Mon Jun 29 18:38:52 2026 AEST elapsed time: 244.770872 seconds (0d 0h 4m 4s)

---------------  T H R E A D  ---------------

Current thread (0x0000000101384de0):  JavaThread "main"             [_thread_in_Java, id=5379, stack(0x000000016f39c000,0x000000016f59f000) (2060K)]

Stack: [0x000000016f39c000,0x000000016f59f000],  sp=0x000000016f59b910,  free space=2046k
Native frames: (J=compiled Java code, j=interpreted, Vv=VM code, C=native code)
j  java.lang.invoke.LambdaForm$DMH+0x00001ffe01001400.invokeVirtual(Ljava/lang/Object;Ljava/lang/Object;)V+10 java.base@24.0.1
J 6277 c1 java.lang.invoke.LambdaForm$MH+0x00001ffe0120c400.invoke(Ljava/lang/Object;Ljava/lang/Object;)Ljava/lang/Object; java.base@24.0.1 (36 bytes) @ 0x0000000110c79e18 [0x0000000110c798c0+0x0000000000000558]
J 4951 c1 jdk.internal.reflect.DirectMethodHandleAccessor.invoke(Ljava/lang/Object;[Ljava/lang/Object;)Ljava/lang/Object; java.base@24.0.1 (92 bytes) @ 0x00000001109b7b18 [0x00000001109b6500+0x0000000000001618]
J 6223 c1 org.junit.platform.commons.util.ReflectionUtils.invokeMethod(Ljava/lang/reflect/Method;Ljava/lang/Object;[Ljava/lang/Object;)Ljava/lang/Object; (55 bytes) @ 0x0000000110c6df88 [0x0000000110c6c780+0x0000000000001808]
J 6220 c1 org.junit.jupiter.engine.execution.MethodInvocation.proceed()Ljava/lang/Object; (22 bytes) @ 0x0000000110c6adc0 [0x0000000110c6a7c0+0x0000000000000600]
J 5081 c1 org.junit.jupiter.engine.execution.InvocationInterceptorChain$ValidatingInvocation.proceed()Ljava/lang/Object; (14 bytes) @ 0x00000001109f99ac [0x00000001109f8f80+0x0000000000000a2c]
J 6214 c1 org.junit.jupiter.engine.extension.TimeoutExtension.intercept(Lorg/junit/jupiter/api/extension/InvocationInterceptor$Invocation;Lorg/junit/jupiter/api/extension/ReflectiveInvocationContext;Lorg/junit/jupiter/api/extension/ExtensionContext;Lorg/junit/jupiter/engine/extension/TimeoutDuration;Lorg/junit/jupiter/engine/extension/TimeoutExtension$TimeoutProvider;)Ljava/lang/Object; (59 bytes) @ 0x0000000110c6507c [0x0000000110c64a00+0x000000000000067c]
J 5712 c1 org.junit.jupiter.engine.extension.TimeoutExtension.interceptTestableMethod(Lorg/junit/jupiter/api/extension/InvocationInterceptor$Invocation;Lorg/junit/jupiter/api/extension/ReflectiveInvocationContext;Lorg/junit/jupiter/api/extension/ExtensionContext;Lorg/junit/jupiter/engine/extension/TimeoutExtension$TimeoutProvider;)Ljava/lang/Object; (35 bytes) @ 0x0000000110b6a8ec [0x0000000110b6a040+0x00000000000008ac]
J 5711 c1 org.junit.jupiter.engine.extension.TimeoutExtension.interceptTestMethod(Lorg/junit/jupiter/api/extension/InvocationInterceptor$Invocation;Lorg/junit/jupiter/api/extension/ReflectiveInvocationContext;Lorg/junit/jupiter/api/extension/ExtensionContext;)V (14 bytes) @ 0x0000000110b69c2c [0x0000000110b69ac0+0x000000000000016c]
J 5710 c1 org.junit.jupiter.engine.descriptor.TestMethodTestDescriptor$$Lambda+0x00001ffe01101b40.apply(Lorg/junit/jupiter/api/extension/InvocationInterceptor;Lorg/junit/jupiter/api/extension/InvocationInterceptor$Invocation;Lorg/junit/jupiter/api/extension/ReflectiveInvocationContext;Lorg/junit/jupiter/api/extension/ExtensionContext;)V (11 bytes) @ 0x0000000110b69854 [0x0000000110b69740+0x0000000000000114]
J 6213 c1 org.junit.jupiter.engine.execution.InterceptingExecutableInvoker$ReflectiveInterceptorCall.lambda$ofVoidMethod$0(Lorg/junit/jupiter/engine/execution/InterceptingExecutableInvoker$ReflectiveInterceptorCall$VoidMethodInterceptorCall;Lorg/junit/jupiter/api/extension/InvocationInterceptor;Lorg/junit/jupiter/api/extension/InvocationInterceptor$Invocation;Lorg/junit/jupiter/api/extension/ReflectiveInvocationContext;Lorg/junit/jupiter/api/extension/ExtensionContext;)Ljava/lang/Void; (13 bytes) @ 0x0000000110c6470c [0x0000000110c645c0+0x000000000000014c]
J 5708 c1 org.junit.jupiter.engine.execution.InterceptingExecutableInvoker$ReflectiveInterceptorCall$$Lambda+0x00001ffe011ff908.apply(Lorg/junit/jupiter/api/extension/InvocationInterceptor;Lorg/junit/jupiter/api/extension/InvocationInterceptor$Invocation;Lorg/junit/jupiter/api/extension/ReflectiveInvocationContext;Lorg/junit/jupiter/api/extension/ExtensionContext;)Ljava/lang/Object; (13 bytes) @ 0x0000000110b690f8 [0x0000000110b69000+0x00000000000000f8]
J 5707 c1 org.junit.jupiter.engine.execution.InterceptingExecutableInvoker.lambda$invoke$0(Lorg/junit/jupiter/engine/execution/InterceptingExecutableInvoker$ReflectiveInterceptorCall;Lorg/junit/jupiter/api/extension/ReflectiveInvocationContext;Lorg/junit/jupiter/api/extension/ExtensionContext;Lorg/junit/jupiter/api/extension/InvocationInterceptor;Lorg/junit/jupiter/api/extension/InvocationInterceptor$Invocation;)Ljava/lang/Object; (12 bytes) @ 0x0000000110b68dc8 [0x0000000110b68c80+0x0000000000000148]
J 5706 c1 org.junit.jupiter.engine.execution.InterceptingExecutableInvoker$$Lambda+0x00001ffe012062a8.apply(Lorg/junit/jupiter/api/extension/InvocationInterceptor;Lorg/junit/jupiter/api/extension/InvocationInterceptor$Invocation;)Ljava/lang/Object; (18 bytes) @ 0x0000000110b68a44 [0x0000000110b68940+0x0000000000000104]
J 5080 c1 org.junit.jupiter.engine.execution.InvocationInterceptorChain$InterceptedInvocation.proceed()Ljava/lang/Object; (18 bytes) @ 0x00000001109f8c04 [0x00000001109f8a80+0x0000000000000184]
J 4956 c1 org.junit.jupiter.engine.execution.InvocationInterceptorChain.chainAndInvoke(Lorg/junit/jupiter/api/extension/InvocationInterceptor$Invocation;Lorg/junit/jupiter/engine/execution/InvocationInterceptorChain$InterceptorCall;Ljava/util/List;)Ljava/lang/Object; (37 bytes) @ 0x00000001109c0fbc [0x00000001109c0bc0+0x00000000000003fc]
J 4955 c1 org.junit.jupiter.engine.execution.InvocationInterceptorChain.invoke(Lorg/junit/jupiter/api/extension/InvocationInterceptor$Invocation;Lorg/junit/jupiter/engine/extension/ExtensionRegistry;Lorg/junit/jupiter/engine/execution/InvocationInterceptorChain$InterceptorCall;)Ljava/lang/Object; (35 bytes) @ 0x00000001109c05d8 [0x00000001109bff00+0x00000000000006d8]
J 5704 c1 org.junit.jupiter.engine.execution.InterceptingExecutableInvoker.invoke(Lorg/junit/jupiter/api/extension/InvocationInterceptor$Invocation;Lorg/junit/jupiter/api/extension/ReflectiveInvocationContext;Lorg/junit/jupiter/api/extension/ExtensionContext;Lorg/junit/jupiter/engine/extension/ExtensionRegistry;Lorg/junit/jupiter/engine/execution/InterceptingExecutableInvoker$ReflectiveInterceptorCall;)Ljava/lang/Object; (19 bytes) @ 0x0000000110b680f4 [0x0000000110b67b80+0x0000000000000574]
J 5610 c1 org.junit.jupiter.engine.execution.InterceptingExecutableInvoker.invoke(Ljava/lang/reflect/Method;Ljava/lang/Object;Lorg/junit/jupiter/api/extension/ExtensionContext;Lorg/junit/jupiter/engine/extension/ExtensionRegistry;Lorg/junit/jupiter/engine/execution/InterceptingExecutableInvoker$ReflectiveInterceptorCall;)Ljava/lang/Object; (63 bytes) @ 0x0000000110b3edd8 [0x0000000110b3e7c0+0x0000000000000618]
J 5607 c1 org.junit.jupiter.engine.execution.InterceptingExecutableInvoker.invokeVoid(Ljava/lang/reflect/Method;Ljava/lang/Object;Lorg/junit/jupiter/api/extension/ExtensionContext;Lorg/junit/jupiter/engine/extension/ExtensionRegistry;Lorg/junit/jupiter/engine/execution/InterceptingExecutableInvoker$ReflectiveInterceptorCall$VoidMethodInterceptorCall;)V (16 bytes) @ 0x0000000110b3d74c [0x0000000110b3d240+0x000000000000050c]
J 5605 c1 org.junit.jupiter.engine.descriptor.TestMethodTestDescriptor.lambda$invokeTestMethod$0(Lorg/junit/jupiter/api/extension/ExtensionContext;Lorg/junit/jupiter/engine/execution/JupiterEngineExecutionContext;)V (50 bytes) @ 0x0000000110b3bfcc [0x0000000110b3b940+0x000000000000068c]
J 5604 c1 org.junit.jupiter.engine.descriptor.TestMethodTestDescriptor$$Lambda+0x00001ffe011ff480.execute()V (16 bytes) @ 0x0000000110b3b570 [0x0000000110b3b480+0x00000000000000f0]
J 5602 c1 org.junit.jupiter.engine.descriptor.TestMethodTestDescriptor.invokeTestMethod(Lorg/junit/jupiter/engine/execution/JupiterEngineExecutionContext;Lorg/junit/platform/engine/support/hierarchical/Node$DynamicTestExecutor;)V (25 bytes) @ 0x0000000110b3a724 [0x0000000110b39e80+0x00000000000008a4]
J 5492 c1 org.junit.jupiter.engine.descriptor.TestMethodTestDescriptor.execute(Lorg/junit/jupiter/engine/execution/JupiterEngineExecutionContext;Lorg/junit/platform/engine/support/hierarchical/Node$DynamicTestExecutor;)Lorg/junit/jupiter/engine/execution/JupiterEngineExecutionContext; (64 bytes) @ 0x0000000110af5c78 [0x0000000110af5400+0x0000000000000878]
J 5491 c1 org.junit.jupiter.engine.descriptor.TestMethodTestDescriptor.execute(Lorg/junit/platform/engine/support/hierarchical/EngineExecutionContext;Lorg/junit/platform/engine/support/hierarchical/Node$DynamicTestExecutor;)Lorg/junit/platform/engine/support/hierarchical/EngineExecutionContext; (10 bytes) @ 0x0000000110af4ffc [0x0000000110af4dc0+0x000000000000023c]
J 5570 c1 org.junit.platform.engine.support.hierarchical.NodeTestTask.lambda$executeRecursively$2(Lorg/junit/platform/engine/support/hierarchical/ThrowableCollector;)V (136 bytes) @ 0x0000000110b25bf0 [0x0000000110b24900+0x00000000000012f0]
J 5569 c1 org.junit.platform.engine.support.hierarchical.NodeTestTask$$Lambda+0x00001ffe011ec838.execute()V (12 bytes) @ 0x0000000110b241e4 [0x0000000110b24100+0x00000000000000e4]
J 5565 c1 org.junit.platform.engine.support.hierarchical.Node.around(Lorg/junit/platform/engine/support/hierarchical/EngineExecutionContext;Lorg/junit/platform/engine/support/hierarchical/Node$Invocation;)V (8 bytes) @ 0x0000000110b1fb80 [0x0000000110b1f4c0+0x00000000000006c0]
J 5562 c1 org.junit.platform.engine.support.hierarchical.NodeTestTask$$Lambda+0x00001ffe011ec3c8.execute()V (12 bytes) @ 0x0000000110b1dc60 [0x0000000110b1d540+0x0000000000000720]
J 5285 c1 org.junit.platform.engine.support.hierarchical.NodeTestTask.executeRecursively()V (38 bytes) @ 0x0000000110a6d51c [0x0000000110a6cd00+0x000000000000081c]
j  org.junit.platform.engine.support.hierarchical.NodeTestTask.execute()V+79
J 5294 c1 org.junit.platform.engine.support.hierarchical.SameThreadHierarchicalTestExecutorService$$Lambda+0x00001ffe011f2288.accept(Ljava/lang/Object;)V (10 bytes) @ 0x0000000110a74304 [0x0000000110a74100+0x0000000000000204]
J 5207 c2 java.util.ArrayList.forEach(Ljava/util/function/Consumer;)V java.base@24.0.1 (74 bytes) @ 0x0000000117de13e8 [0x0000000117de1300+0x00000000000000e8]
J 5570 c1 org.junit.platform.engine.support.hierarchical.NodeTestTask.lambda$executeRecursively$2(Lorg/junit/platform/engine/support/hierarchical/ThrowableCollector;)V (136 bytes) @ 0x0000000110b263e0 [0x0000000110b24900+0x0000000000001ae0]
J 5569 c1 org.junit.platform.engine.support.hierarchical.NodeTestTask$$Lambda+0x00001ffe011ec838.execute()V (12 bytes) @ 0x0000000110b241e4 [0x0000000110b24100+0x00000000000000e4]
J 5565 c1 org.junit.platform.engine.support.hierarchical.Node.around(Lorg/junit/platform/engine/support/hierarchical/EngineExecutionContext;Lorg/junit/platform/engine/support/hierarchical/Node$Invocation;)V (8 bytes) @ 0x0000000110b1fb80 [0x0000000110b1f4c0+0x00000000000006c0]
J 5562 c1 org.junit.platform.engine.support.hierarchical.NodeTestTask$$Lambda+0x00001ffe011ec3c8.execute()V (12 bytes) @ 0x0000000110b1dc60 [0x0000000110b1d540+0x0000000000000720]
J 5285 c1 org.junit.platform.engine.support.hierarchical.NodeTestTask.executeRecursively()V (38 bytes) @ 0x0000000110a6d51c [0x0000000110a6cd00+0x000000000000081c]
j  org.junit.platform.engine.support.hierarchical.NodeTestTask.execute()V+79
J 5294 c1 org.junit.platform.engine.support.hierarchical.SameThreadHierarchicalTestExecutorService$$Lambda+0x00001ffe011f2288.accept(Ljava/lang/Object;)V (10 bytes) @ 0x0000000110a74304 [0x0000000110a74100+0x0000000000000204]
J 5207 c2 java.util.ArrayList.forEach(Ljava/util/function/Consumer;)V java.base@24.0.1 (74 bytes) @ 0x0000000117de13e8 [0x0000000117de1300+0x00000000000000e8]
J 5570 c1 org.junit.platform.engine.support.hierarchical.NodeTestTask.lambda$executeRecursively$2(Lorg/junit/platform/engine/support/hierarchical/ThrowableCollector;)V (136 bytes) @ 0x0000000110b263e0 [0x0000000110b24900+0x0000000000001ae0]
J 5569 c1 org.junit.platform.engine.support.hierarchical.NodeTestTask$$Lambda+0x00001ffe011ec838.execute()V (12 bytes) @ 0x0000000110b241e4 [0x0000000110b24100+0x00000000000000e4]
J 5565 c1 org.junit.platform.engine.support.hierarchical.Node.around(Lorg/junit/platform/engine/support/hierarchical/EngineExecutionContext;Lorg/junit/platform/engine/support/hierarchical/Node$Invocation;)V (8 bytes) @ 0x0000000110b1fb80 [0x0000000110b1f4c0+0x00000000000006c0]
J 5562 c1 org.junit.platform.engine.support.hierarchical.NodeTestTask$$Lambda+0x00001ffe011ec3c8.execute()V (12 bytes) @ 0x0000000110b1dc60 [0x0000000110b1d540+0x0000000000000720]
J 5285 c1 org.junit.platform.engine.support.hierarchical.NodeTestTask.executeRecursively()V (38 bytes) @ 0x0000000110a6d51c [0x0000000110a6cd00+0x000000000000081c]
J 5074 c1 org.junit.platform.engine.support.hierarchical.NodeTestTask.execute()V (167 bytes) @ 0x00000001109f4fa8 [0x00000001109f3780+0x0000000000001828]
j  org.junit.platform.engine.support.hierarchical.SameThreadHierarchicalTestExecutorService.submit(Lorg/junit/platform/engine/support/hierarchical/HierarchicalTestExecutorService$TestTask;)Ljava/util/concurrent/Future;+1
j  org.junit.platform.engine.support.hierarchical.HierarchicalTestExecutor.execute()Ljava/util/concurrent/Future;+8
j  org.junit.platform.engine.support.hierarchical.HierarchicalTestEngine.execute(Lorg/junit/platform/engine/ExecutionRequest;)V+31
j  org.junit.platform.launcher.core.EngineExecutionOrchestrator.executeEngine(Lorg/junit/platform/engine/TestDescriptor;Lorg/junit/platform/engine/EngineExecutionListener;Lorg/junit/platform/engine/ConfigurationParameters;Lorg/junit/platform/engine/TestEngine;Lorg/junit/platform/engine/OutputDirectoryCreator;Lorg/junit/platform/launcher/core/DiscoveryIssueNotifier;Lorg/junit/platform/engine/support/store/NamespacedHierarchicalStore;Lorg/junit/platform/engine/CancellationToken;)V+26
j  org.junit.platform.launcher.core.EngineExecutionOrchestrator.failOrExecuteEngine(Lorg/junit/platform/launcher/core/LauncherDiscoveryResult;Lorg/junit/platform/engine/EngineExecutionListener;Lorg/junit/platform/engine/TestEngine;Lorg/junit/platform/engine/support/store/NamespacedHierarchicalStore;Lorg/junit/platform/engine/CancellationToken;)V+177
j  org.junit.platform.launcher.core.EngineExecutionOrchestrator.execute(Lorg/junit/platform/launcher/core/LauncherDiscoveryResult;Lorg/junit/platform/engine/EngineExecutionListener;Lorg/junit/platform/engine/support/store/NamespacedHierarchicalStore;Lorg/junit/platform/engine/CancellationToken;)V+70
j  org.junit.platform.launcher.core.EngineExecutionOrchestrator.execute(Lorg/junit/platform/launcher/core/InternalTestPlan;Lorg/junit/platform/engine/EngineExecutionListener;Lorg/junit/platform/launcher/TestExecutionListener;Lorg/junit/platform/engine/support/store/NamespacedHierarchicalStore;Lorg/junit/platform/engine/CancellationToken;)V+59
j  org.junit.platform.launcher.core.EngineExecutionOrchestrator.lambda$execute$0(Lorg/junit/platform/launcher/core/InternalTestPlan;Lorg/junit/platform/engine/support/store/NamespacedHierarchicalStore;Lorg/junit/platform/engine/CancellationToken;Lorg/junit/platform/launcher/TestExecutionListener;)V+9
j  org.junit.platform.launcher.core.EngineExecutionOrchestrator$$Lambda+0x00001ffe011de4f8.accept(Ljava/lang/Object;)V+20
j  org.junit.platform.launcher.core.EngineExecutionOrchestrator.withInterceptedStreams(Lorg/junit/platform/engine/ConfigurationParameters;Lorg/junit/platform/launcher/core/ListenerRegistry;Ljava/util/function/Consumer;)V+51
j  org.junit.platform.launcher.core.EngineExecutionOrchestrator.execute(Lorg/junit/platform/launcher/core/InternalTestPlan;Lorg/junit/platform/engine/support/store/NamespacedHierarchicalStore;Ljava/util/Collection;Lorg/junit/platform/engine/CancellationToken;)V+28
j  org.junit.platform.launcher.core.DefaultLauncher.execute(Lorg/junit/platform/launcher/core/InternalTestPlan;Ljava/util/Collection;Lorg/junit/platform/engine/CancellationToken;)V+15
j  org.junit.platform.launcher.core.DefaultLauncher.execute(Lorg/junit/platform/launcher/LauncherExecutionRequest;)V+42
j  org.junit.platform.launcher.core.DefaultLauncher.execute(Lorg/junit/platform/launcher/TestPlan;[Lorg/junit/platform/launcher/TestExecutionListener;)V+14
j  org.junit.platform.launcher.core.DelegatingLauncher.execute(Lorg/junit/platform/launcher/TestPlan;[Lorg/junit/platform/launcher/TestExecutionListener;)V+6
j  org.junit.platform.launcher.core.InterceptingLauncher.lambda$execute$1(Lorg/junit/platform/launcher/TestPlan;[Lorg/junit/platform/launcher/TestExecutionListener;)Ljava/lang/Object;+3
j  org.junit.platform.launcher.core.InterceptingLauncher$$Lambda+0x00001ffe011dd560.proceed()Ljava/lang/Object;+12
j  org.junit.platform.launcher.core.ClasspathAlignmentCheckingLauncherInterceptor.intercept(Lorg/junit/platform/launcher/LauncherInterceptor$Invocation;)Ljava/lang/Object;+1
j  org.junit.platform.launcher.core.InterceptingLauncher.execute(Lorg/junit/platform/launcher/TestPlan;[Lorg/junit/platform/launcher/TestExecutionListener;)V+12
j  org.junit.platform.launcher.core.DelegatingLauncher.execute(Lorg/junit/platform/launcher/TestPlan;[Lorg/junit/platform/launcher/TestExecutionListener;)V+6
j  org.junit.platform.launcher.core.SessionPerRequestLauncher.execute(Lorg/junit/platform/launcher/TestPlan;[Lorg/junit/platform/launcher/TestExecutionListener;)V+13
j  org.eclipse.jdt.internal.junit5.runner.JUnit5TestReference.run(Lorg/eclipse/jdt/internal/junit/runner/TestExecution;)V+77
j  org.eclipse.jdt.internal.junit.runner.TestExecution.run([Lorg/eclipse/jdt/internal/junit/runner/ITestReference;)V+27
j  org.eclipse.jdt.internal.junit.runner.RemoteTestRunner.runTests([Ljava/lang/String;Ljava/lang/String;Lorg/eclipse/jdt/internal/junit/runner/TestExecution;)V+62
j  org.eclipse.jdt.internal.junit.runner.RemoteTestRunner.runTests(Lorg/eclipse/jdt/internal/junit/runner/TestExecution;)V+10
j  org.eclipse.jdt.internal.junit.runner.RemoteTestRunner.run()V+70
j  org.eclipse.jdt.internal.junit.runner.RemoteTestRunner.main([Ljava/lang/String;)V+14
v  ~StubRoutines::call_stub 0x0000000117680114
V  [libjvm.dylib+0x3e20e0]  JavaCalls::call_helper(JavaValue*, methodHandle const&, JavaCallArguments*, JavaThread*)+0x264
V  [libjvm.dylib+0x44cbb4]  jni_invoke_static(JNIEnv_*, JavaValue*, _jobject*, JNICallType, _jmethodID*, JNI_ArgumentPusher*, JavaThread*)+0xc4
V  [libjvm.dylib+0x44f7b0]  jni_CallStaticVoidMethod+0xcc
C  [libjli.dylib+0x9250]  JavaMain+0x788
C  [libjli.dylib+0xbb08]  ThreadJavaMain+0xc
C  [libsystem_pthread.dylib+0x6c58]  _pthread_start+0x88

siginfo: si_signo: 11 (SIGSEGV), si_code: 2 (SEGV_ACCERR), si_addr: 0xfffffffffffffffe

Registers:
 x0=0x0000000136402610  x1=0x0000000fffffc118  x2=0x00000001364023f8  x3=0x0000000000000002
 x4=0xfffffffffffffff6  x5=0x00000000000000a0  x6=0x0000000000000000  x7=0x0000000000000000
 x8=0x000000016f59b940  x9=0x0000000000000009 x10=0x0000000000000001 x11=0x0000000000000002
x12=0x0000000136140290 x13=0x0000000000000300 x14=0x00000000000a9800 x15=0x0000000000000000
x16=0x000000018250ea1c x17=0x000000010137fe30 x18=0x0000000000000000 x19=0x00001ffe001e02f8
x20=0x000000016f59b938 x21=0x00000001072ad670 x22=0x0000000136402272 x23=0x0000000000000001
x24=0x000000016f59b9b0 x25=0x00000070062e6628 x26=0x0000000136402428 x27=0x0000007000000000
x28=0x0000000101384de0  fp=0x000000016f59b990  lr=0x0000000117685074  sp=0x000000016f59b910
pc=0x00000001176992b8 cpsr=0x0000000020001000

Register to memory mapping:

x0 =0x0000000136402610 is pointing into metadata
x1 =0x0000000fffffc118 points into unknown readable memory: 0x2010002030100000 | 00 00 10 30 20 00 10 20
x2 =0x00000001364023f8 is pointing into metadata
x3 =0x0000000000000002 is an unknown value
x4 =0xfffffffffffffff6 is an unknown value
x5 =0x00000000000000a0 is an unknown value
x6 =0x0 is null
x7 =0x0 is null
x8 =0x000000016f59b940 is pointing into the stack for thread: 0x0000000101384de0
x9 =0x0000000000000009 is an unknown value
x10=0x0000000000000001 is an unknown value
x11=0x0000000000000002 is an unknown value
x12={method} {0x0000000136140290} 'linkToVirtual' '(Ljava/lang/Object;Ljava/lang/invoke/MemberName;)V' in 'java/lang/invoke/MethodHandle'
x13=0x0000000000000300 is an unknown value
x14=0x00000000000a9800 is an unknown value
x15=0x0 is null
x16=0x000000018250ea1c: pthread_jit_write_protect_np+0 in /usr/lib/system/libsystem_pthread.dylib at 0x0000000182507000
x17=0x000000010137fe30 points into unknown readable memory: 0x00000000ffffffff | ff ff ff ff 00 00 00 00
x18=0x0 is null
x19=0x00001ffe001e02f8 is a pointer to class: 
java.lang.invoke.MethodHandle {0x00001ffe001e02f8}
 - instance size:     4
 - klass size:        109
 - access:            public synchronized abstract 
 - flags:             rewritten has_nonstatic_fields is_shared_boot_class has_localvariable_table has_final_method has_resolved_methods 
 - state:             fully_initialized
 - name:              'java/lang/invoke/MethodHandle'
 - super:             'java/lang/Object'
 - sub:               'java/lang/invoke/DelegatingMethodHandle'   'java/lang/invoke/BoundMethodHandle'   'java/lang/invoke/DirectMethodHandle'   
 - arrays:            'java/lang/invoke/MethodHandle'[]
 - methods:           Array<T>(0x00001ffe007b28f8)
 - method ordering:   Array<T>(0x00001ffe0065e870)
 - local interfaces:  Array<T>(0x00001ffe007b11b0)
 - trans. interfaces: Array<T>(0x00001ffe007b11b0)
 - secondary supers: Array<T>(0x00001ffe007b11b0)
 - hash_slot:         40
 - secondary bitmap: 0x8000000000000000
 - constants:         constant pool [734] {0x00001ffe007b11c0} for 'java/lang/invoke/MethodHandle' cache=0x00001ffe004597b0
 - class loader data:  loader data: 0x0000000a470e90e0 of 'bootstrap'
 - source file:       'MethodHandle.java'
 - inner classes:     Array<T>(0x00001ffe0065e838)
 - nest members:     Array<T>(0x00001ffe0065e9b0)
 - permitted subclasses:     Array<T>(0x00001ffe0065e9c0)
 - java mirror:       a 'java/lang/Class'{0x000000740007dc98} = 'java/lang/invoke/MethodHandle'
 - vtable length      43  (start addr: 0x00001ffe001e04d8)
 - itable length      5 (start addr: 0x00001ffe001e0630)
 - ---- static fields (3 words):
 - private static final 'FORM_OFFSET' 'J' @112 
 - private static final 'UPDATE_OFFSET' 'J' @120 
 - static final synthetic '$assertionsDisabled' 'Z' @128 
 - ---- non-static fields (5 words):
 - private 'customizationCount' 'B' @12 
 - private volatile 'updateInProgress' 'Z' @13 
 - private final 'type' 'Ljava/lang/invoke/MethodType;' @16 
 - final 'form' 'Ljava/lang/invoke/LambdaForm;' @20 
 - private 'asTypeCache' 'Ljava/lang/invoke/MethodHandle;' @24 
 - private 'asTypeSoftCache' 'Ljava/lang/ref/SoftReference;' @28 
 - non-static oop maps: 16-28 
x20=0x000000016f59b938 is pointing into the stack for thread: 0x0000000101384de0
x21=0x00000001072ad670: _ZN19TemplateInterpreter13_active_tableE+0 in /opt/homebrew/Cellar/openjdk/24.0.1/libexec/openjdk.jdk/Contents/Home/lib/server/libjvm.dylib at 0x0000000106748000
x22=0x0000000136402272 is pointing into metadata
x23=0x0000000000000001 is an unknown value
x24=0x000000016f59b9b0 is pointing into the stack for thread: 0x0000000101384de0
x25=0x00000070062e6628 is an oop: [B 
{0x00000070062e6628} - klass: {type array byte} - flags: is_cloneable_fast 

 - length: 1
 -   0: a  
x26=0x0000000136402428 is pointing into metadata
x27=0x0000007000000000 is an unknown value
x28=0x0000000101384de0 is a thread
 fp=0x000000016f59b990 is pointing into the stack for thread: 0x0000000101384de0
 lr=0x0000000117685074 is at code_begin+3764 in an Interpreter codelet
return entry points  [0x00000001176841c0, 0x0000000117685b88]  6600 bytes
 sp=0x000000016f59b910 is pointing into the stack for thread: 0x0000000101384de0

Top of Stack: (sp=0x000000016f59b910)
0x000000016f59b910:   000000016f59b990 000000011769fac0   ..Yo......i.....
0x000000016f59b920:   000000016f59b950 00000070062e6628   P.Yo....(f..p...
0x000000016f59b930:   0000000136a12d68 000000703eeca8d0   h-.6.......>p...
0x000000016f59b940:   fffffffffffffff6 0000000136402272   ........r"@6....
0x000000016f59b950:   0000000000000004 0000000136402428   ........($@6....
0x000000016f59b960:   00000070060003b8 fffffffffffffff0   ....p...........
0x000000016f59b970:   0000000136402610 0000000136402280   .&@6....."@6....
0x000000016f59b980:   0000000000000000 000000016f59b9c0   ..........Yo....
0x000000016f59b990:   000000016f59d030 0000000110c79f20   0.Yo.... .......
0x000000016f59b9a0:   000000703ef08d40 000000703eeca8d0   @..>p......>p...
0x000000016f59b9b0:   000000703ef08e38 0000000110c79f20   8..>p... .......
0x000000016f59b9c0:   000000703ef090a0 000000016f59ba48   ...>p...H.Yo....
0x000000016f59b9d0:   000000016f59d030 000000703ef090a0   0.Yo.......>p...
0x000000016f59b9e0:   000000703eeca8d0 000000703ef08fc0   ...>p......>p...
0x000000016f59b9f0:   000000703ef08e38 000000703eeca8d0   8..>p......>p...
0x000000016f59ba00:   0000000110c79e18 0000000000000000   ................
0x000000016f59ba10:   000000016f59d030 00000001109b86b8   0.Yo............
0x000000016f59ba20:   00001ffe012086e8 0000000101384de0   .. ......M8.....
0x000000016f59ba30:   0000000100000000 000000700635d660   ........`.5.p...
0x000000016f59ba40:   0000000000000000 000000010724d6c8   ..........$.....
0x000000016f59ba50:   00000070063572e0 000000703ef090a0   .r5.p......>p...
0x000000016f59ba60:   0000000000000001 000000016f59baa0   ..........Yo....
0x000000016f59ba70:   000000016f59ba90 0000000106cc0930   ..Yo....0.......
0x000000016f59ba80:   0000000000000001 0000000101384de0   .........M8.....
0x000000016f59ba90:   000000016f59d030 0000000110a10f24   0.Yo....$.......
0x000000016f59baa0:   000000700635d660 000000700698f680   `.5.p.......p...
0x000000016f59bab0:   00000070063572e0 0000000000000001   .r5.p...........
0x000000016f59bac0:   a81a664ba2bfe800 000000703ef090c8   ....Kf.....>p...
0x000000016f59bad0:   000000703ef08868 000000703eeca8d0   h..>p......>p...
0x000000016f59bae0:   000000016f59d030 00000001107f40dc   0.Yo.....@......
0x000000016f59baf0:   0000000100b1c000 000000703ef090a0   ...........>p...
0x000000016f59bb00:   000000016f59bb60 000000700698f680   `.Yo........p...

Instructions: (pc=0x00000001176992b8)
  0x00000001176991b8:   00 00 1f d6 88 07 40 f9 a8 00 00 b4 08 08 80 d2
  0x00000001176991c8:   08 ed a2 f2 28 00 c0 f2 00 01 1f d6 b6 e3 7b a9
  0x00000001176991d8:   b8 6f 38 8b c3 12 40 78 e2 07 7d b2 63 7c 02 9b
  0x00000001176991e8:   42 1f 40 f9 42 20 00 91 42 60 23 8b 53 00 40 f9
  0x00000001176991f8:   73 06 40 f9 73 06 40 f9 73 0e 40 f9 68 02 05 91
  0x0000000117699208:   08 fd df 08 1f 11 00 f1 80 00 00 54 68 a6 40 f9
  0x0000000117699218:   9f 03 08 eb a1 f7 ff 54 43 54 40 39 4c 00 40 f9
  0x0000000117699228:   b6 83 1b f8 49 50 40 39 08 6f 85 d2 68 e5 a0 f2
  0x0000000117699238:   28 00 c0 f2 1e 79 69 f8 a0 03 5e f8 e0 00 00 b4
  0x0000000117699248:   08 04 40 f9 08 05 00 b1 42 00 00 54 08 04 00 f9
  0x0000000117699258:   00 40 00 91 a0 03 1e f8 a0 03 5e f8 80 0a 00 b4
  0x0000000117699268:   08 00 5f 38 1f 29 00 f1 21 0a 00 54 04 00 40 f9
  0x0000000117699278:   84 00 00 d1 9f 08 00 f1 08 20 00 91 2b 09 00 54
  0x0000000117699288:   84 05 40 f9 84 5c 40 79 08 04 40 f9 84 00 08 cb
  0x0000000117699298:   84 04 00 d1 88 6e 24 8b 04 01 40 f9 a4 00 00 b5
  0x00000001176992a8:   08 08 40 f9 08 01 40 b2 08 08 00 f9 15 00 00 14
=>0x00000001176992b8:   84 08 40 b9 84 2c 5f d2 08 08 40 f9 84 00 08 ca
  0x00000001176992c8:   9f f4 7e f2 e0 01 00 54 c4 01 08 37 88 01 00 b4
  0x00000001176992d8:   1f 05 00 f1 40 01 00 54 84 00 08 ca 08 08 40 f9
  0x00000001176992e8:   84 00 08 ca 9f f4 7e f2 c0 00 00 54 08 08 40 f9
  0x00000001176992f8:   08 01 7f b2 08 08 00 f9 02 00 00 14 04 08 00 f9
  0x0000000117699308:   04 00 40 f9 84 08 00 d1 9f 08 00 f1 08 60 00 91
  0x0000000117699318:   8b 04 00 54 84 05 40 f9 84 5c 40 79 08 0c 40 f9
  0x0000000117699328:   84 00 08 cb 84 04 00 d1 88 6e 24 8b 04 01 40 f9
  0x0000000117699338:   a4 00 00 b5 08 10 40 f9 08 01 40 b2 08 10 00 f9
  0x0000000117699348:   15 00 00 14 84 08 40 b9 84 2c 5f d2 08 10 40 f9
  0x0000000117699358:   84 00 08 ca 9f f4 7e f2 e0 01 00 54 c4 01 08 37
  0x0000000117699368:   88 01 00 b4 1f 05 00 f1 40 01 00 54 84 00 08 ca
  0x0000000117699378:   08 10 40 f9 84 00 08 ca 9f f4 7e f2 c0 00 00 54
  0x0000000117699388:   08 10 40 f9 08 01 7f b2 08 10 00 f9 02 00 00 14
  0x0000000117699398:   04 10 00 f9 04 00 40 f9 84 10 00 d1 08 a0 00 91
  0x00000001176993a8:   e0 03 08 aa 00 0c 04 8b a0 03 1e f8 f3 03 00 91


Stack slot to memory mapping:

stack at sp + 0 slots: 0x000000016f59b990 is pointing into the stack for thread: 0x0000000101384de0
stack at sp + 1 slots: 0x000000011769fac0 is at code_begin+0 in an Interpreter codelet
deoptimization entry points  [0x000000011769fac0, 0x00000001176a2448]  10632 bytes
stack at sp + 2 slots: 0x000000016f59b950 is pointing into the stack for thread: 0x0000000101384de0
stack at sp + 3 slots: 0x00000070062e6628 is an oop: [B 
{0x00000070062e6628} - klass: {type array byte} - flags: is_cloneable_fast 

 - length: 1
 -   0: a  
stack at sp + 4 slots: 0x0000000136a12d68 is pointing into metadata
stack at sp + 5 slots: 0x000000703eeca8d0 is an oop: com.aerospike.client.sdk.query.QueryFilterSetTest 
{0x000000703eeca8d0} - klass: 'com/aerospike/client/sdk/query/QueryFilterSetTest' - flags: 

 - ---- fields (total size 2 words):
stack at sp + 6 slots: 0xfffffffffffffff6 is an unknown value
stack at sp + 7 slots: 0x0000000136402272 is pointing into metadata

Lock stack of current Java thread (top to bottom):

invokestatic  184 invokestatic  [0x00000001176990c0, 0x00000001176993e0]  800 bytes
[MachCode]
  0x00000001176990c0: 808e 1ff8 | 0900 0014 | 808e 1fbc | 0700 0014 | 800e 1ffc | 0500 0014 | 9f8e 1ff8 | 808e 1ff8 
  0x00000001176990e0: 0200 0014 | 808e 1ff8 | c312 4078 | e207 7db2 | 637c 029b | 421f 40f9 | 4220 0091 | 4260 238b 
  0x0000000117699100: 5358 0091 | 73fe df08 | 7fe2 02f1 | 4007 0054 | 1317 80d2 | e103 13aa | b683 1bf8 | e003 1caa 
  0x0000000117699120: 2801 0010 | 88db 01f9 | 94d7 01f9 | 9ddf 01f9 | e833 bfa9 | 88ea 82d2 | 48d6 a0f2 | 2800 c0f2 
  0x0000000117699140: 0001 3fd6 | e833 c1a8 | feff ff10 | 9fd7 01f9 | 9fdf 01f9 | 9fdb 01f9 | 8837 45b9 | 2801 0036 
  0x0000000117699160: 0801 0837 | e833 bfa9 | 8888 8cd2 | 28d6 a0f2 | 2800 c0f2 | 0001 3fd6 | e833 c1a8 | 0000 1fd6 
  0x0000000117699180: 88ef 42f9 | c801 00b4 | 089d 40b9 | 1f05 0071 | 6101 0054 | 88ef 42f9 | 08a1 40b9 | e003 08aa 
  0x00000001176991a0: e833 bfa9 | 08fa 8cd2 | 28d6 a0f2 | 2800 c0f2 | 0001 3fd6 | e833 c1a8 | 0000 1fd6 | 8807 40f9 
  0x00000001176991c0: a800 00b4 | 0808 80d2 | 08ed a2f2 | 2800 c0f2 | 0001 1fd6 | b6e3 7ba9 | b86f 388b | c312 4078 
  0x00000001176991e0: e207 7db2 | 637c 029b | 421f 40f9 | 4220 0091 | 4260 238b | 5300 40f9 | 7306 40f9 | 7306 40f9 
  0x0000000117699200: 730e 40f9 | 6802 0591 | 08fd df08 | 1f11 00f1 | 8000 0054 | 68a6 40f9 | 9f03 08eb | a1f7 ff54 
  0x0000000117699220: 4354 4039 | 4c00 40f9 | b683 1bf8 | 4950 4039 | 086f 85d2 | 68e5 a0f2 | 2800 c0f2 | 1e79 69f8 
  0x0000000117699240: a003 5ef8 | e000 00b4 | 0804 40f9 | 0805 00b1 | 4200 0054 | 0804 00f9 | 0040 0091 | a003 1ef8 
  0x0000000117699260: a003 5ef8 | 800a 00b4 | 0800 5f38 | 1f29 00f1 | 210a 0054 | 0400 40f9 | 8400 00d1 | 9f08 00f1 
  0x0000000117699280: 0820 0091 | 2b09 0054 | 8405 40f9 | 845c 4079 | 0804 40f9 | 8400 08cb | 8404 00d1 | 886e 248b 
  0x00000001176992a0: 0401 40f9 | a400 00b5 | 0808 40f9 | 0801 40b2 | 0808 00f9 | 1500 0014 | 8408 40b9 | 842c 5fd2 
  0x00000001176992c0: 0808 40f9 | 8400 08ca | 9ff4 7ef2 | e001 0054 | c401 0837 | 8801 00b4 | 1f05 00f1 | 4001 0054 
  0x00000001176992e0: 8400 08ca | 0808 40f9 | 8400 08ca | 9ff4 7ef2 | c000 0054 | 0808 40f9 | 0801 7fb2 | 0808 00f9 
  0x0000000117699300: 0200 0014 | 0408 00f9 | 0400 40f9 | 8408 00d1 | 9f08 00f1 | 0860 0091 | 8b04 0054 | 8405 40f9 
  0x0000000117699320: 845c 4079 | 080c 40f9 | 8400 08cb | 8404 00d1 | 886e 248b | 0401 40f9 | a400 00b5 | 0810 40f9 
  0x0000000117699340: 0801 40b2 | 0810 00f9 | 1500 0014 | 8408 40b9 | 842c 5fd2 | 0810 40f9 | 8400 08ca | 9ff4 7ef2 
  0x0000000117699360: e001 0054 | c401 0837 | 8801 00b4 | 1f05 00f1 | 4001 0054 | 8400 08ca | 0810 40f9 | 8400 08ca 
  0x0000000117699380: 9ff4 7ef2 | c000 0054 | 0810 40f9 | 0801 7fb2 | 0810 00f9 | 0200 0014 | 0410 00f9 | 0400 40f9 
  0x00000001176993a0: 8410 00d1 | 08a0 0091 | e003 08aa | 000c 048b | a003 1ef8 | f303 0091 | 8802 1dcb | 08fd 4393 
  0x00000001176993c0: a803 1ff8 | 88e3 45b9 | 6800 0034 | 881d 40f9 | 0001 1fd6 | 8829 40f9 | 0001 1fd6 | 1f20 03d5 
[/MachCode]

Compiled method (c1) 244786 6277       3       java.lang.invoke.LambdaForm$MH/0x00001ffe0120c400::invoke (36 bytes)
 total in heap  [0x0000000110c79748,0x0000000110c79f60] = 2072
 relocation     [0x0000000110c79820,0x0000000110c798a8] = 136
 main code      [0x0000000110c798c0,0x0000000110c79ea8] = 1512
 stub code      [0x0000000110c79ea8,0x0000000110c79f28] = 128
 oops           [0x0000000110c79f28,0x0000000110c79f30] = 8
 metadata       [0x0000000110c79f30,0x0000000110c79f60] = 48
 immutable data [0x0000000a460efa80,0x0000000a460efbe0] = 352
 dependencies   [0x0000000a460efa80,0x0000000a460efa88] = 8
 nul chk table  [0x0000000a460efa88,0x0000000a460efaa8] = 32
 scopes pcs     [0x0000000a460efaa8,0x0000000a460efb58] = 176
 scopes data    [0x0000000a460efb58,0x0000000a460efbe0] = 136

[Constant Pool (empty)]

[MachCode]
[Verified Entry Point]
  # {method} {0x0000000136f94ab0} 'invoke' '(Ljava/lang/Object;Ljava/lang/Object;)Ljava/lang/Object;' in 'java/lang/invoke/LambdaForm$MH+0x00001ffe0120c400'
  # parm0:    c_rarg1:c_rarg1 
                        = 'java/lang/Object'
  # parm1:    c_rarg2:c_rarg2 
                        = 'java/lang/Object'
  #           [sp+0x60]  (sp of caller)
  0x0000000110c798c0: 1f20 03d5 | e953 40d1 | 3f01 00f9 | ff83 01d1 | fd7b 05a9 | 2801 0018 | 8923 40b9 | 1f01 09eb 
  0x0000000110c798e0: e000 0054 

  0x0000000110c798e4: ;   {runtime_call StubRoutines (final stubs)}
  0x0000000110c798e4: 0800 89d2 | 88ed a2f2 | 2800 c0f2 | 0001 3fd6 | 0200 0014 | 0300 0000 

  0x0000000110c798fc: ;   {metadata(method data for {method} {0x0000000136f94ab0} 'invoke' '(Ljava/lang/Object;Ljava/lang/Object;)Ljava/lang/Object;' in 'java/lang/invoke/LambdaForm$MH+0x00001ffe0120c400')}
  0x0000000110c798fc: 00a3 89d2 | 20df a6f2 | 2000 c0f2 | 00e0 0991 | e303 01aa | a300 00b5 | 0900 40f9 | 2901 40b2 
  0x0000000110c7991c: 0900 00f9 | 0b00 0014 | 6308 40b9 | 632c 5fd2 | 0900 40f9 | 6300 09ca | 68f4 7e92 | a800 00b4 
  0x0000000110c7993c: 8300 0837 | 0900 40f9 | 2901 7fb2 | 0900 00f9 | e303 02aa | 8300 00b5 | 0908 40f9 | 2901 40b2 
  0x0000000110c7995c: 0908 00f9 

  0x0000000110c79960: ;   {metadata(method data for {method} {0x0000000136f94ab0} 'invoke' '(Ljava/lang/Object;Ljava/lang/Object;)Ljava/lang/Object;' in 'java/lang/invoke/LambdaForm$MH+0x00001ffe0120c400')}
  0x0000000110c79960: 00a3 89d2 | 20df a6f2 | 2000 c0f2 | 03ac 40b9 | 6308 0011 | 03ac 00b9 | 6324 1f12 | 7f00 0071 
  0x0000000110c79980: 0026 0054 

  0x0000000110c79984: ;   {metadata(method data for {method} {0x0000000136f94ab0} 'invoke' '(Ljava/lang/Object;Ljava/lang/Object;)Ljava/lang/Object;' in 'java/lang/invoke/LambdaForm$MH+0x00001ffe0120c400')}
  0x0000000110c79984: 05a3 89d2 | 25df a6f2 | 2500 c0f2 | a100 00b5 | a8a4 4339 | 0801 40b2 | a8a4 0339 | 2e00 0014 
  0x0000000110c799a4: 2408 40b9 | 842c 5fd2 | a9e0 0391 | 2801 40f9 | 9f00 08eb | a100 0054 | a880 40f9 | 0805 0091 
  0x0000000110c799c4: a880 00f9 | 1c00 0014 | a920 0491 | 2801 40f9 | 9f00 08eb | a100 0054 | a888 40f9 | 0805 0091 
  0x0000000110c799e4: a888 00f9 | 1400 0014 | a9e0 0391 | 2801 40f9 | c800 00b5 | 2401 00f9 | e803 40b2 | a900 0491 
  0x0000000110c79a04: 2801 00f9 | 0c00 0014 | a920 0491 | 2801 40f9 | c800 00b5 | 2401 00f9 | e803 40b2 | a940 0491 
  0x0000000110c79a24: 2801 00f9 | 0400 0014 | a878 40f9 | 0805 0091 | a878 00f9 

  0x0000000110c79a38: ;   {metadata('java/lang/invoke/BoundMethodHandle$Species_LL')}
  0x0000000110c79a38: 04e7 98d2 | a406 a0f2 | c4ff c3f2 | 2808 40b9 | 082d 5fd2 | 1f01 04eb | 8120 0054 | 0100 0014 
  0x0000000110c79a58: e003 01aa | e00f 00f9 

  0x0000000110c79a60: ; implicit exception: dispatches to 0x0000000110c79e68
  0x0000000110c79a60: 0324 40b9 | 4300 00b4 | 630f 038b 

  0x0000000110c79a6c: ;   {metadata(method data for {method} {0x0000000136f94ab0} 'invoke' '(Ljava/lang/Object;Ljava/lang/Object;)Ljava/lang/Object;' in 'java/lang/invoke/LambdaForm$MH+0x00001ffe0120c400')}
  0x0000000110c79a6c: 06a3 89d2 | 26df a6f2 | 2600 c0f2 | a300 00b5 | c864 4439 | 0801 40b2 | c864 0439 | 2f00 0014 
  0x0000000110c79a8c: 6508 40b9 | a52c 5fd2 | c9a0 0491 | 2801 40f9 | bf00 08eb | a100 0054 | c898 40f9 | 0805 0091 
  0x0000000110c79aac: c898 00f9 | 1c00 0014 | c9e0 0491 | 2801 40f9 | bf00 08eb | a100 0054 | c8a0 40f9 | 0805 0091 
  0x0000000110c79acc: c8a0 00f9 | 1400 0014 | c9a0 0491 | 2801 40f9 | c800 00b5 | 2501 00f9 | e803 40b2 | c9c0 0491 
  0x0000000110c79aec: 2801 00f9 | 0c00 0014 | c9e0 0491 | 2801 40f9 | c800 00b5 | 2501 00f9 | e803 40b2 | c900 0591 
  0x0000000110c79b0c: 2801 00f9 | 0400 0014 | c890 40f9 | 0805 0091 | c890 00f9 

  0x0000000110c79b20: ;   {metadata('java/lang/invoke/MethodHandle')}
  0x0000000110c79b20: 055f 80d2 | c503 a0f2 | c5ff c3f2 | 6608 40b9 | c62c 5fd2 | c81c 40f9 | bf00 08eb | 8119 0054 
  0x0000000110c79b40: 0100 0014 | e103 03aa 

  0x0000000110c79b48: ; implicit exception: dispatches to 0x0000000110c79e74
  0x0000000110c79b48: 3f00 40f9 

  0x0000000110c79b4c: ;   {metadata(method data for {method} {0x0000000136f94ab0} 'invoke' '(Ljava/lang/Object;Ljava/lang/Object;)Ljava/lang/Object;' in 'java/lang/invoke/LambdaForm$MH+0x00001ffe0120c400')}
  0x0000000110c79b4c: 04a3 89d2 | 24df a6f2 | 2400 c0f2 | 8400 0691 | e503 02aa | 8500 00b5 | 8904 40f9 | 2901 40b2 
  0x0000000110c79b6c: 8904 00f9 | e403 01aa 

  0x0000000110c79b74: ;   {metadata(method data for {method} {0x0000000136f94ab0} 'invoke' '(Ljava/lang/Object;Ljava/lang/Object;)Ljava/lang/Object;' in 'java/lang/invoke/LambdaForm$MH+0x00001ffe0120c400')}
  0x0000000110c79b74: 05a3 89d2 | 25df a6f2 | 2500 c0f2 | 8408 40b9 | 842c 5fd2 | a960 0591 | 2801 40f9 | 9f00 08eb 
  0x0000000110c79b94: a100 0054 | a8b0 40f9 | 0805 0091 | a8b0 00f9 | 1c00 0014 | a9a0 0591 | 2801 40f9 | 9f00 08eb 
  0x0000000110c79bb4: a100 0054 | a8b8 40f9 | 0805 0091 | a8b8 00f9 | 1400 0014 | a960 0591 | 2801 40f9 | c800 00b5 
  0x0000000110c79bd4: 2401 00f9 | e803 40b2 | a980 0591 | 2801 00f9 | 0c00 0014 | a9a0 0591 | 2801 40f9 | c800 00b5 
  0x0000000110c79bf4: 2401 00f9 | e803 40b2 | a9c0 0591 | 2801 00f9 | 0400 0014 | a8a8 40f9 | 0805 0091 | a8a8 00f9 
  0x0000000110c79c14: e403 02aa | e203 04aa | e40f 02a9 

  0x0000000110c79c20: ; ImmutableOopMap {[24]=Oop [32]=Oop [40]=Oop }
                      ;*invokevirtual invokeBasic {reexecute=0 rethrow=0 return_oop=0}
                      ; - java.lang.invoke.LambdaForm$MH/0x00001ffe0120c400::invoke@15
                      ;   {optimized virtual_call}
  0x0000000110c79c20: 3861 be95 

  0x0000000110c79c24: ;   {post_call_nop}
  0x0000000110c79c24: 1f20 03d5 | 9f9b 80f2 | 1f00 80f2 

  0x0000000110c79c30: ;   {metadata(method data for {method} {0x0000000136f94ab0} 'invoke' '(Ljava/lang/Object;Ljava/lang/Object;)Ljava/lang/Object;' in 'java/lang/invoke/LambdaForm$MH+0x00001ffe0120c400')}
  0x0000000110c79c30: 02a3 89d2 | 22df a6f2 | 2200 c0f2 | 4240 0691 | e103 00aa | 8100 00b5 | 4900 40f9 | 2901 40b2 
  0x0000000110c79c50: 4900 00f9 | e30f 40f9 | 6420 40b9 | 4400 00b4 | 640f 048b 

  0x0000000110c79c64: ;   {metadata(method data for {method} {0x0000000136f94ab0} 'invoke' '(Ljava/lang/Object;Ljava/lang/Object;)Ljava/lang/Object;' in 'java/lang/invoke/LambdaForm$MH+0x00001ffe0120c400')}
  0x0000000110c79c64: 06a3 89d2 | 26df a6f2 | 2600 c0f2 | a400 00b5 | c864 4639 | 0801 40b2 | c864 0639 | 2f00 0014 
  0x0000000110c79c84: 8508 40b9 | a52c 5fd2 | c9a0 0691 | 2801 40f9 | bf00 08eb | a100 0054 | c8d8 40f9 | 0805 0091 
  0x0000000110c79ca4: c8d8 00f9 | 1c00 0014 | c9e0 0691 | 2801 40f9 | bf00 08eb | a100 0054 | c8e0 40f9 | 0805 0091 
  0x0000000110c79cc4: c8e0 00f9 | 1400 0014 | c9a0 0691 | 2801 40f9 | c800 00b5 | 2501 00f9 | e803 40b2 | c9c0 0691 
  0x0000000110c79ce4: 2801 00f9 | 0c00 0014 | c9e0 0691 | 2801 40f9 | c800 00b5 | 2501 00f9 | e803 40b2 | c900 0791 
  0x0000000110c79d04: 2801 00f9 | 0400 0014 | c8d0 40f9 | 0805 0091 | c8d0 00f9 

  0x0000000110c79d18: ;   {metadata('java/lang/invoke/MethodHandle')}
  0x0000000110c79d18: 055f 80d2 | c503 a0f2 | c5ff c3f2 | 8608 40b9 | c62c 5fd2 | c81c 40f9 | bf00 08eb | 210a 0054 
  0x0000000110c79d38: 0100 0014 | e103 04aa 

  0x0000000110c79d40: ; implicit exception: dispatches to 0x0000000110c79e80
  0x0000000110c79d40: 3f00 40f9 

  0x0000000110c79d44: ;   {metadata(method data for {method} {0x0000000136f94ab0} 'invoke' '(Ljava/lang/Object;Ljava/lang/Object;)Ljava/lang/Object;' in 'java/lang/invoke/LambdaForm$MH+0x00001ffe0120c400')}
  0x0000000110c79d44: 02a3 89d2 | 22df a6f2 | 2200 c0f2 | 4200 0891 | e503 00aa | 8500 00b5 | 4904 40f9 | 2901 40b2 
  0x0000000110c79d64: 4904 00f9 | e203 01aa 

  0x0000000110c79d6c: ;   {metadata(method data for {method} {0x0000000136f94ab0} 'invoke' '(Ljava/lang/Object;Ljava/lang/Object;)Ljava/lang/Object;' in 'java/lang/invoke/LambdaForm$MH+0x00001ffe0120c400')}
  0x0000000110c79d6c: 05a3 89d2 | 25df a6f2 | 2500 c0f2 | 4208 40b9 | 422c 5fd2 | a960 0791 | 2801 40f9 | 5f00 08eb 
  0x0000000110c79d8c: a100 0054 | a8f0 40f9 | 0805 0091 | a8f0 00f9 | 1c00 0014 | a9a0 0791 | 2801 40f9 | 5f00 08eb 
  0x0000000110c79dac: a100 0054 | a8f8 40f9 | 0805 0091 | a8f8 00f9 | 1400 0014 | a960 0791 | 2801 40f9 | c800 00b5 
  0x0000000110c79dcc: 2201 00f9 | e803 40b2 | a980 0791 | 2801 00f9 | 0c00 0014 | a9a0 0791 | 2801 40f9 | c800 00b5 
  0x0000000110c79dec: 2201 00f9 | e803 40b2 | a9c0 0791 | 2801 00f9 | 0400 0014 | a8e8 40f9 | 0805 0091 | a8e8 00f9 
  0x0000000110c79e0c: e203 00aa | e403 03a9 

  0x0000000110c79e14: ; ImmutableOopMap {[24]=Oop [32]=Oop [40]=Oop [48]=Oop [56]=Oop }
                      ;*invokevirtual invokeBasic {reexecute=0 rethrow=0 return_oop=0}
                      ; - java.lang.invoke.LambdaForm$MH/0x00001ffe0120c400::invoke@31
                      ;   {optimized virtual_call}
  0x0000000110c79e14: 9b80 c395 

  0x0000000110c79e18: ;   {post_call_nop}
  0x0000000110c79e18: 1f20 03d5 | 1fda 80f2 | 1f20 80f2 | e003 1faa | fd7b 45a9 | ff83 0191 

  0x0000000110c79e30: ;   {poll_return}
  0x0000000110c79e30: 8817 40f9 | ff63 28eb | 6802 0054 | c003 5fd6 

  0x0000000110c79e40: ;   {metadata({method} {0x0000000136f94ab0} 'invoke' '(Ljava/lang/Object;Ljava/lang/Object;)Ljava/lang/Object;' in 'java/lang/invoke/LambdaForm$MH+0x00001ffe0120c400')}
  0x0000000110c79e40: 0856 89d2 | 28df a6f2 | 2800 c0f2 | e807 00f9 | 0800 8092 | e803 00f9 

  0x0000000110c79e58: ; ImmutableOopMap {c_rarg1=Oop c_rarg2=Oop }
                      ;*synchronization entry
                      ; - java.lang.invoke.LambdaForm$MH/0x00001ffe0120c400::invoke@-1
                      ;   {runtime_call C1 Runtime counter_overflow_blob}
  0x0000000110c79e58: ca70 ac95 | cafe ff17 | e803 01aa 

  0x0000000110c79e64: ; ImmutableOopMap {c_rarg1=Oop c_rarg2=Oop }
                      ;*checkcast {reexecute=0 rethrow=0 return_oop=0}
                      ; - java.lang.invoke.LambdaForm$MH/0x00001ffe0120c400::invoke@1
                      ;   {runtime_call C1 Runtime throw_class_cast_exception_blob}
  0x0000000110c79e64: 776b ac95 

  0x0000000110c79e68: ; ImmutableOopMap {c_rarg2=Oop c_rarg0=Oop [24]=Oop }
                      ;*getfield argL1 {reexecute=1 rethrow=0 return_oop=0}
                      ; - (reexecute) java.lang.invoke.LambdaForm$MH/0x00001ffe0120c400::invoke@6
                      ;   {runtime_call C1 Runtime throw_null_pointer_exception_blob}
  0x0000000110c79e68: e663 ac95 | e803 03aa 

  0x0000000110c79e70: ; ImmutableOopMap {c_rarg2=Oop c_rarg0=Oop c_rarg3=Oop [24]=Oop }
                      ;*checkcast {reexecute=0 rethrow=0 return_oop=0}
                      ; - java.lang.invoke.LambdaForm$MH/0x00001ffe0120c400::invoke@11
                      ;   {runtime_call C1 Runtime throw_class_cast_exception_blob}
  0x0000000110c79e70: 746b ac95 

  0x0000000110c79e74: ; ImmutableOopMap {c_rarg2=Oop c_rarg0=Oop c_rarg3=Oop c_rarg1=Oop [24]=Oop }
                      ;*invokevirtual invokeBasic {reexecute=0 rethrow=0 return_oop=0}
                      ; - java.lang.invoke.LambdaForm$MH/0x00001ffe0120c400::invoke@15
                      ;   {runtime_call C1 Runtime throw_null_pointer_exception_blob}
  0x0000000110c79e74: e363 ac95 | e803 04aa 

  0x0000000110c79e7c: ; ImmutableOopMap {c_rarg0=Oop c_rarg3=Oop c_rarg4=Oop [24]=Oop [32]=Oop [40]=Oop }
                      ;*checkcast {reexecute=0 rethrow=0 return_oop=0}
                      ; - java.lang.invoke.LambdaForm$MH/0x00001ffe0120c400::invoke@27
                      ;   {runtime_call C1 Runtime throw_class_cast_exception_blob}
  0x0000000110c79e7c: 716b ac95 

  0x0000000110c79e80: ; ImmutableOopMap {c_rarg0=Oop c_rarg3=Oop c_rarg4=Oop c_rarg1=Oop [24]=Oop [32]=Oop [40]=Oop }
                      ;*invokevirtual invokeBasic {reexecute=0 rethrow=0 return_oop=0}
                      ; - java.lang.invoke.LambdaForm$MH/0x00001ffe0120c400::invoke@31
                      ;   {runtime_call C1 Runtime throw_null_pointer_exception_blob}
  0x0000000110c79e80: e063 ac95 

  0x0000000110c79e84: ;   {internal_word}
  0x0000000110c79e84: 68fd ff10 | 8833 02f9 

  0x0000000110c79e8c: ;   {runtime_call SafepointBlob}
  0x0000000110c79e8c: fd1e a915 | 8087 42f9 | 9f87 02f9 | 9f8b 02f9 | fd7b 45a9 | ff83 0191 

  0x0000000110c79ea4: ;   {runtime_call C1 Runtime unwind_exception_blob}
  0x0000000110c79ea4: e761 ac15 
[Stub Code]
  0x0000000110c79ea8: ;   {no_reloc}
  0x0000000110c79ea8: 4800 0058 | 0001 1fd6 | 0021 c117 | 0100 0000 

  0x0000000110c79eb8: ;   {trampoline_stub}
  0x0000000110c79eb8: 4800 0058 | 0001 1fd6 | 80a0 d517 | 0100 0000 

  0x0000000110c79ec8: ;   {static_stub}
  0x0000000110c79ec8: df3f 03d5 

  0x0000000110c79ecc: ;   {metadata(nullptr)}
  0x0000000110c79ecc: 0c00 80d2 | 0c00 a0f2 | 0c00 c0f2 | 0800 80d2 | 0800 a0f2 | 0800 c0f2 | 0001 1fd6 

  0x0000000110c79ee8: ;   {static_stub}
  0x0000000110c79ee8: df3f 03d5 

  0x0000000110c79eec: ;   {metadata(nullptr)}
  0x0000000110c79eec: 0c00 80d2 | 0c00 a0f2 | 0c00 c0f2 | 0800 80d2 | 0800 a0f2 | 0800 c0f2 | 0001 1fd6 
[Exception Handler]
  0x0000000110c79f08: ;   {runtime_call C1 Runtime handle_exception_from_callee_blob}
  0x0000000110c79f08: 1e68 ac95 | c1d5 bbd4 | fdd9 0d07 | 0100 0000 
[Deopt Handler Code]
  0x0000000110c79f18: 1e00 0010 

  0x0000000110c79f1c: ;   {runtime_call DeoptimizationBlob}
  0x0000000110c79f1c: 591f a915 
[Deopt MH Handler Code]
  0x0000000110c79f20: 1e00 0010 

  0x0000000110c79f24: ;   {runtime_call DeoptimizationBlob}
  0x0000000110c79f24: 571f a915 
[/MachCode]


Compiled method (c1) 244795 4951   !   3       jdk.internal.reflect.DirectMethodHandleAccessor::invoke (92 bytes)
 total in heap  [0x00000001109b6048,0x00000001109b8810] = 10184
 relocation     [0x00000001109b6120,0x00000001109b64d0] = 944
 main code      [0x00000001109b6500,0x00000001109b8380] = 7808
 stub code      [0x00000001109b8380,0x00000001109b86c0] = 832
 oops           [0x00000001109b86c0,0x00000001109b86e8] = 40
 metadata       [0x00000001109b86e8,0x00000001109b8810] = 296
 immutable data [0x0000000a51aea000,0x0000000a51aeaed8] = 3800
 dependencies   [0x0000000a51aea000,0x0000000a51aea020] = 32
 nul chk table  [0x0000000a51aea020,0x0000000a51aea0a0] = 128
 handler table  [0x0000000a51aea0a0,0x0000000a51aea6a0] = 1536
 scopes pcs     [0x0000000a51aea6a0,0x0000000a51aeab40] = 1184
 scopes data    [0x0000000a51aeab40,0x0000000a51aeaed8] = 920

[Constant Pool (empty)]

[MachCode]
[Instructions begin]
  0x00000001109b6500: 1f20 03d5 | 1f20 03d5 | 1f20 03d5 | 1f20 03d5 | 1f20 03d5 | 1f20 03d5 | 1f20 03d5 | 1f20 03d5 
  0x00000001109b6520: 1f20 03d5 | 1f20 03d5 | 1f20 03d5 
[Entry Point]
  # {method} {0x00001ffe002a5db0} 'invoke' '(Ljava/lang/Object;[Ljava/lang/Object;)Ljava/lang/Object;' in 'jdk/internal/reflect/DirectMethodHandleAccessor'
  # this:     c_rarg1:c_rarg1 
                        = 'jdk/internal/reflect/DirectMethodHandleAccessor'
  # parm0:    c_rarg2:c_rarg2 
                        = 'java/lang/Object'
  # parm1:    c_rarg3:c_rarg3 
                        = '[Ljava/lang/Object;'
  #           [sp+0x150]  (sp of caller)
  0x00000001109b652c: 2808 40b9 | 2a09 40b9 | 1f01 0a6b | 4000 0054 

  0x00000001109b653c: ;   {runtime_call Shared Runtime ic_miss_blob}
  0x00000001109b653c: 6113 b415 
[Verified Entry Point]
  0x00000001109b6540: 1f20 03d5 | e953 40d1 | 3f01 00f9 | ff43 05d1 | fd7b 14a9 | 2801 0018 | 8923 40b9 | 1f01 09eb 
  0x00000001109b6560: e000 0054 

  0x00000001109b6564: ;   {runtime_call StubRoutines (final stubs)}
  0x00000001109b6564: 0800 89d2 | 88ed a2f2 | 2800 c0f2 | 0001 3fd6 | 0200 0014 | 0300 0000 | e157 00f9 | e30b 0ba9 
  0x00000001109b6584: ;   {metadata(method data for {method} {0x00001ffe002a5db0} 'invoke' '(Ljava/lang/Object;[Ljava/lang/Object;)Ljava/lang/Object;' in 'jdk/internal/reflect/DirectMethodHandleAccessor')}
  0x00000001109b6584: 007c 81d2 | 80e3 a6f2 | 2000 c0f2 | 04ac 40b9 | 8408 0011 | 04ac 00b9 | 8424 1f12 | 9f00 0071 
  0x00000001109b65a4: a0d7 0054 | e003 01aa 

  0x00000001109b65ac: ;   {metadata(method data for {method} {0x00001ffe002a5db0} 'invoke' '(Ljava/lang/Object;[Ljava/lang/Object;)Ljava/lang/Object;' in 'jdk/internal/reflect/DirectMethodHandleAccessor')}
  0x00000001109b65ac: 047c 81d2 | 84e3 a6f2 | 2400 c0f2 | 8878 40f9 | 0805 0091 | 8878 00f9 

  0x00000001109b65c4: ;   {metadata(method data for {method} {0x00001ffe00441230} 'isStatic' '()Z' in 'jdk/internal/reflect/DirectMethodHandleAccessor')}
  0x00000001109b65c4: 00de 81d2 | 80e3 a6f2 | 2000 c0f2 | 04ac 40b9 | 8408 0011 | 04ac 00b9 | 844c 1f12 | 9f00 0071 
  0x00000001109b65e4: a0d6 0054 | 2010 40b9 | 0000 1712 | 1f00 0871 

  0x00000001109b65f4: ;   {metadata(method data for {method} {0x00001ffe00441230} 'isStatic' '()Z' in 'jdk/internal/reflect/DirectMethodHandleAccessor')}
  0x00000001109b65f4: 00de 81d2 | 80e3 a6f2 | 2000 c0f2 | e80f 7cb2 | e903 78b2 | 0411 899a | 0568 64f8 | a504 0091 
  0x00000001109b6614: 0568 24f8 | 2101 0054 

  0x00000001109b661c: ;   {metadata(method data for {method} {0x00001ffe00441230} 'isStatic' '()Z' in 'jdk/internal/reflect/DirectMethodHandleAccessor')}
  0x00000001109b661c: 00de 81d2 | 80e3 a6f2 | 2000 c0f2 | 0488 40f9 | 8404 0091 | 0488 00f9 | e003 0032 | 0200 0014 
  0x00000001109b663c: 0000 a052 | 0000 0012 | 1f00 0071 

  0x00000001109b6648: ;   {metadata(method data for {method} {0x00001ffe002a5db0} 'invoke' '(Ljava/lang/Object;[Ljava/lang/Object;)Ljava/lang/Object;' in 'jdk/internal/reflect/DirectMethodHandleAccessor')}
  0x00000001109b6648: 007c 81d2 | 80e3 a6f2 | 2000 c0f2 | 0824 80d2 | 0926 80d2 | 0411 899a | 0568 64f8 | a504 0091 
  0x00000001109b6668: 0568 24f8 | 2102 0054 | e003 01aa 

  0x00000001109b6674: ;   {metadata(method data for {method} {0x00001ffe002a5db0} 'invoke' '(Ljava/lang/Object;[Ljava/lang/Object;)Ljava/lang/Object;' in 'jdk/internal/reflect/DirectMethodHandleAccessor')}
  0x00000001109b6674: 047c 81d2 | 84e3 a6f2 | 2400 c0f2 | 88a0 40f9 | 0805 0091 | 88a0 00f9 | e003 02aa | e203 00aa 
  0x00000001109b6694: e403 01aa | e103 04aa 

  0x00000001109b669c: ; ImmutableOopMap {[168]=Oop [176]=Oop [184]=Oop }
                      ;*invokevirtual checkReceiver {reexecute=0 rethrow=0 return_oop=0}
                      ; - jdk.internal.reflect.DirectMethodHandleAccessor::invoke@9 (line 100)
                      ;   {optimized virtual_call}
  0x00000001109b669c: d920 0294 

  0x00000001109b66a0: ;   {post_call_nop}
  0x00000001109b66a0: 1f20 03d5 | 1fcb 80f2 | 1f00 80f2 | e157 40f9 | 220c 40b9 

  0x00000001109b66b4: ;   {metadata(method data for {method} {0x00001ffe002a5db0} 'invoke' '(Ljava/lang/Object;[Ljava/lang/Object;)Ljava/lang/Object;' in 'jdk/internal/reflect/DirectMethodHandleAccessor')}
  0x00000001109b66b4: 007c 81d2 | 80e3 a6f2 | 2000 c0f2 | 08b8 40f9 | 0805 0091 | 08b8 00f9 | e103 02aa | e25b 40f9 
  0x00000001109b66d4: ; ImmutableOopMap {[168]=Oop [176]=Oop [184]=Oop }
                      ;*invokestatic checkArgumentCount {reexecute=0 rethrow=0 return_oop=0}
                      ; - jdk.internal.reflect.DirectMethodHandleAccessor::invoke@17 (line 102)
                      ;   {static_call}
  0x00000001109b66d4: 4b1b 0294 

  0x00000001109b66d8: ;   {post_call_nop}
  0x00000001109b66d8: 1f20 03d5 | 1fd2 80f2 | 1f20 80f2 | e157 40f9 | e203 01aa 

  0x00000001109b66ec: ;   {metadata(method data for {method} {0x00001ffe002a5db0} 'invoke' '(Ljava/lang/Object;[Ljava/lang/Object;)Ljava/lang/Object;' in 'jdk/internal/reflect/DirectMethodHandleAccessor')}
  0x00000001109b66ec: 037c 81d2 | 83e3 a6f2 | 2300 c0f2 | 68c0 40f9 | 0805 0091 | 68c0 00f9 

  0x00000001109b6704: ;   {metadata(method data for {method} {0x00001ffe00440f18} 'invokeImpl' '(Ljava/lang/Object;[Ljava/lang/Object;)Ljava/lang/Object;' in 'jdk/internal/reflect/DirectMethodHandleAccessor')}
  0x00000001109b6704: 02c7 82d2 | 82e3 a6f2 | 2200 c0f2 | 43ac 40b9 | 6308 0011 | 43ac 00b9 | 634c 1f12 | 7f00 0071 
  0x00000001109b6724: a0cd 0054 | 220c 40b9 

  0x00000001109b672c: ;   {metadata(method data for {method} {0x00001ffe00440f18} 'invokeImpl' '(Ljava/lang/Object;[Ljava/lang/Object;)Ljava/lang/Object;' in 'jdk/internal/reflect/DirectMethodHandleAccessor')}
  0x00000001109b672c: 03c7 82d2 | 83e3 a6f2 | 2300 c0f2 | e413 7db2 | 5f00 0071 | e003 04aa | 0821 80d2 | 0401 809a 
  0x00000001109b674c: 5f04 0071 | e003 04aa | 0823 80d2 | 0401 809a | 5f08 0071 | e003 04aa | 0825 80d2 | 0401 809a 
  0x00000001109b676c: 5f0c 0071 | e003 04aa | 0827 80d2 | 0401 809a | 6068 64f8 | 0004 0091 | 6068 24f8 | 5f00 0071 
  0x00000001109b678c: e07c 0054 | 5f04 0071 | 4068 0054 | 5f08 0071 | 6029 0054 | 5f0c 0071 | 0013 0054 | e30b 4ba9 
  0x00000001109b67ac: 2018 40b9 | 4000 00b4 | 600f 008b 

  0x00000001109b67b8: ; ImmutableOopMap {c_rarg1=Oop c_rarg3=Oop c_rarg2=Oop c_rarg0=Oop [168]=Oop [176]=Oop [184]=Oop }
                      ;*invokevirtual invokeExact {reexecute=0 rethrow=0 return_oop=0}
                      ; - jdk.internal.reflect.DirectMethodHandleAccessor::invokeImpl@104 (line 158)
                      ; - jdk.internal.reflect.DirectMethodHandleAccessor::invoke@23 (line 104)
                      ;   {runtime_call C1 Runtime load_appendix_patching_blob}
  0x00000001109b67b8: a27d b795 

  0x00000001109b67bc: ; implicit exception: dispatches to 0x00000001109b80f8
  0x00000001109b67bc: 1f00 40f9 

  0x00000001109b67c0: ;   {metadata(method data for {method} {0x00001ffe00440f18} 'invokeImpl' '(Ljava/lang/Object;[Ljava/lang/Object;)Ljava/lang/Object;' in 'jdk/internal/reflect/DirectMethodHandleAccessor')}
  0x00000001109b67c0: 05c7 82d2 | 85e3 a6f2 | 2500 c0f2 | a540 0d91 | e603 02aa | a600 00b5 | a904 40f9 | 2901 40b2 
  0x00000001109b67e0: a904 00f9 | 1600 0014 | c608 40b9 | c62c 5fd2 | a904 40f9 | c600 09ca | c8f4 7e92 | 0802 00b4 
  0x00000001109b6800: e601 0837 | a901 00b4 | 3f05 00f1 | 6001 0054 | bf39 03d5 | c600 09ca | a904 40f9 | c600 09ca 
  0x00000001109b6820: c8f4 7e92 | c800 00b4 | a904 40f9 | 2901 7fb2 | a904 00f9 | 0200 0014 | a604 00f9 | e603 03aa 
  0x00000001109b6840: a600 00b5 | a90c 40f9 | 2901 40b2 | a90c 00f9 | 1600 0014 | c608 40b9 | c62c 5fd2 | a90c 40f9 
  0x00000001109b6860: c600 09ca | c8f4 7e92 | 0802 00b4 | e601 0837 | a901 00b4 | 3f05 00f1 | 6001 0054 | bf39 03d5 
  0x00000001109b6880: c600 09ca | a90c 40f9 | c600 09ca | c8f4 7e92 | c800 00b4 | a90c 40f9 | 2901 7fb2 | a90c 00f9 
  0x00000001109b68a0: 0200 0014 | a60c 00f9 | e503 00aa 

  0x00000001109b68ac: ;   {metadata(method data for {method} {0x00001ffe00440f18} 'invokeImpl' '(Ljava/lang/Object;[Ljava/lang/Object;)Ljava/lang/Object;' in 'jdk/internal/reflect/DirectMethodHandleAccessor')}
  0x00000001109b68ac: 06c7 82d2 | 86e3 a6f2 | 2600 c0f2 | a508 40b9 | a52c 5fd2 | c9a0 0c91 | 2801 40f9 | bf00 08eb 
  0x00000001109b68cc: a100 0054 | c898 41f9 | 0805 0091 | c898 01f9 | 1c00 0014 | c9e0 0c91 | 2801 40f9 | bf00 08eb 
  0x00000001109b68ec: a100 0054 | c8a0 41f9 | 0805 0091 | c8a0 01f9 | 1400 0014 | c9a0 0c91 | 2801 40f9 | c800 00b5 
  0x00000001109b690c: 2501 00f9 | e803 40b2 | c9c0 0c91 | 2801 00f9 | 0c00 0014 | c9e0 0c91 | 2801 40f9 | c800 00b5 
  0x00000001109b692c: 2501 00f9 | e803 40b2 | c900 0d91 | 2801 00f9 | 0400 0014 | c890 41f9 | 0805 0091 | c890 01f9 
  0x00000001109b694c: e503 02aa | e203 05aa | e603 03aa | e303 06aa | e103 00aa 

  0x00000001109b6960: ; ImmutableOopMap {[168]=Oop [176]=Oop [184]=Oop }
                      ;*invokevirtual invokeExact {reexecute=0 rethrow=0 return_oop=0}
                      ; - jdk.internal.reflect.DirectMethodHandleAccessor::invokeImpl@104 (line 158)
                      ; - jdk.internal.reflect.DirectMethodHandleAccessor::invoke@23 (line 104)
                      ;   {optimized virtual_call}
  0x00000001109b6960: d812 b495 

  0x00000001109b6964: ;   {post_call_nop}
  0x00000001109b6964: 1f20 03d5 | 9f23 81f2 | 1f60 80f2 

  0x00000001109b6970: ;   {metadata(method data for {method} {0x00001ffe00440f18} 'invokeImpl' '(Ljava/lang/Object;[Ljava/lang/Object;)Ljava/lang/Object;' in 'jdk/internal/reflect/DirectMethodHandleAccessor')}
  0x00000001109b6970: 02c7 82d2 | 82e3 a6f2 | 2200 c0f2 | 42c0 0d91 | e303 00aa | a300 00b5 | 4900 40f9 | 2901 40b2 
  0x00000001109b6990: 4900 00f9 | 1600 0014 | 6308 40b9 | 632c 5fd2 | 4900 40f9 | 6300 09ca | 68f4 7e92 | 0802 00b4 
  0x00000001109b69b0: e301 0837 | a901 00b4 | 3f05 00f1 | 6001 0054 | bf39 03d5 | 6300 09ca | 4900 40f9 | 6300 09ca 
  0x00000001109b69d0: 68f4 7e92 | c800 00b4 | 4900 40f9 | 2901 7fb2 | 4900 00f9 | 0200 0014 | 4300 00f9 | fd7b 54a9 
  0x00000001109b69f0: ff43 0591 

  0x00000001109b69f4: ;   {poll_return}
  0x00000001109b69f4: 8817 40f9 | ff63 28eb | 08b8 0054 | c003 5fd6 | e30b 4ba9 | 2018 40b9 | 4000 00b4 | 600f 008b 
  0x00000001109b6a14: ; implicit exception: dispatches to 0x00000001109b8108
  0x00000001109b6a14: 640c 40b9 | 9f00 0071 | 89b7 0054 | 6410 40b9 | 4400 00b4 | 640f 048b | 650c 40b9 | bf04 0071 
  0x00000001109b6a34: 89b7 0054 | 6514 40b9 | 4500 00b4 | 650f 058b | 660c 40b9 | df08 0071 | 89b7 0054 | 6618 40b9 
  0x00000001109b6a54: 4600 00b4 | 660f 068b 

  0x00000001109b6a5c: ; ImmutableOopMap {c_rarg2=Oop c_rarg3=Oop c_rarg1=Oop c_rarg0=Oop c_rarg4=Oop c_rarg5=Oop c_rarg6=Oop [168]=Oop [176]=Oop [184]=Oop }
                      ;*invokevirtual invokeExact {reexecute=0 rethrow=0 return_oop=0}
                      ; - jdk.internal.reflect.DirectMethodHandleAccessor::invokeImpl@92 (line 157)
                      ; - jdk.internal.reflect.DirectMethodHandleAccessor::invoke@23 (line 104)
                      ;   {runtime_call C1 Runtime load_appendix_patching_blob}
  0x00000001109b6a5c: f97c b795 

  0x00000001109b6a60: ; implicit exception: dispatches to 0x00000001109b8154
  0x00000001109b6a60: 1f00 40f9 

  0x00000001109b6a64: ;   {metadata(method data for {method} {0x00001ffe00440f18} 'invokeImpl' '(Ljava/lang/Object;[Ljava/lang/Object;)Ljava/lang/Object;' in 'jdk/internal/reflect/DirectMethodHandleAccessor')}
  0x00000001109b6a64: 0ac7 82d2 | 8ae3 a6f2 | 2a00 c0f2 | 4a61 0b91 | eb03 02aa | ab00 00b5 | 4905 40f9 | 2901 40b2 
  0x00000001109b6a84: 4905 00f9 | 1600 0014 | 6b09 40b9 | 6b2d 5fd2 | 4905 40f9 | 6b01 09ca | 68f5 7e92 | 0802 00b4 
  0x00000001109b6aa4: eb01 0837 | a901 00b4 | 3f05 00f1 | 6001 0054 | bf39 03d5 | 6b01 09ca | 4905 40f9 | 6b01 09ca 
  0x00000001109b6ac4: 68f5 7e92 | c800 00b4 | 4905 40f9 | 2901 7fb2 | 4905 00f9 | 0200 0014 | 4b05 00f9 | eb03 04aa 
  0x00000001109b6ae4: ab00 00b5 | 490d 40f9 | 2901 40b2 | 490d 00f9 | 1600 0014 | 6b09 40b9 | 6b2d 5fd2 | 490d 40f9 
  0x00000001109b6b04: 6b01 09ca | 68f5 7e92 | 0802 00b4 | eb01 0837 | a901 00b4 | 3f05 00f1 | 6001 0054 | bf39 03d5 
  0x00000001109b6b24: 6b01 09ca | 490d 40f9 | 6b01 09ca | 68f5 7e92 | c800 00b4 | 490d 40f9 | 2901 7fb2 | 490d 00f9 
  0x00000001109b6b44: 0200 0014 | 4b0d 00f9 | ea03 00aa 

  0x00000001109b6b50: ;   {metadata(method data for {method} {0x00001ffe00440f18} 'invokeImpl' '(Ljava/lang/Object;[Ljava/lang/Object;)Ljava/lang/Object;' in 'jdk/internal/reflect/DirectMethodHandleAccessor')}
  0x00000001109b6b50: 0bc7 82d2 | 8be3 a6f2 | 2b00 c0f2 | 4a09 40b9 | 4a2d 5fd2 | 69c1 0a91 | 2801 40f9 | 5f01 08eb 
  0x00000001109b6b70: a100 0054 | 685d 41f9 | 0805 0091 | 685d 01f9 | 1c00 0014 | 6901 0b91 | 2801 40f9 | 5f01 08eb 
  0x00000001109b6b90: a100 0054 | 6865 41f9 | 0805 0091 | 6865 01f9 | 1400 0014 | 69c1 0a91 | 2801 40f9 | c800 00b5 
  0x00000001109b6bb0: 2a01 00f9 | e803 40b2 | 69e1 0a91 | 2801 00f9 | 0c00 0014 | 6901 0b91 | 2801 40f9 | c800 00b5 
  0x00000001109b6bd0: 2a01 00f9 | e803 40b2 | 6921 0b91 | 2801 00f9 | 0400 0014 | 6855 41f9 | 0805 0091 | 6855 01f9 
  0x00000001109b6bf0: ea03 02aa | e203 0aaa | e303 04aa | e403 05aa | e503 06aa | e603 07aa | e103 00aa 

  0x00000001109b6c0c: ; ImmutableOopMap {[168]=Oop [176]=Oop [184]=Oop }
                      ;*invokevirtual invokeExact {reexecute=0 rethrow=0 return_oop=0}
                      ; - jdk.internal.reflect.DirectMethodHandleAccessor::invokeImpl@92 (line 157)
                      ; - jdk.internal.reflect.DirectMethodHandleAccessor::invoke@23 (line 104)
                      ;   {optimized virtual_call}
  0x00000001109b6c0c: 2d12 b495 

  0x00000001109b6c10: ;   {post_call_nop}
  0x00000001109b6c10: 1f20 03d5 | 1f79 81f2 | 1fa0 80f2 

  0x00000001109b6c1c: ;   {metadata(method data for {method} {0x00001ffe00440f18} 'invokeImpl' '(Ljava/lang/Object;[Ljava/lang/Object;)Ljava/lang/Object;' in 'jdk/internal/reflect/DirectMethodHandleAccessor')}
  0x00000001109b6c1c: 01c7 82d2 | 81e3 a6f2 | 2100 c0f2 | 21e0 0b91 | e203 00aa | a200 00b5 | 2900 40f9 | 2901 40b2 
  0x00000001109b6c3c: 2900 00f9 | 1600 0014 | 4208 40b9 | 422c 5fd2 | 2900 40f9 | 4200 09ca | 48f4 7e92 | 0802 00b4 
  0x00000001109b6c5c: e201 0837 | a901 00b4 | 3f05 00f1 | 6001 0054 | bf39 03d5 | 4200 09ca | 2900 40f9 | 4200 09ca 
  0x00000001109b6c7c: 48f4 7e92 | c800 00b4 | 2900 40f9 | 2901 7fb2 | 2900 00f9 | 0200 0014 | 2200 00f9 

  0x00000001109b6c98: ;   {metadata(method data for {method} {0x00001ffe00440f18} 'invokeImpl' '(Ljava/lang/Object;[Ljava/lang/Object;)Ljava/lang/Object;' in 'jdk/internal/reflect/DirectMethodHandleAccessor')}
  0x00000001109b6c98: 01c7 82d2 | 81e3 a6f2 | 2100 c0f2 | 2284 41f9 | 4204 0091 | 2284 01f9 | fd7b 54a9 | ff43 0591 
  0x00000001109b6cb8: ;   {poll_return}
  0x00000001109b6cb8: 8817 40f9 | ff63 28eb | c8a4 0054 | c003 5fd6 | e30b 4ba9 | 2018 40b9 | 4000 00b4 | 600f 008b 
  0x00000001109b6cd8: e067 00f9 

  0x00000001109b6cdc: ; implicit exception: dispatches to 0x00000001109b8164
  0x00000001109b6cdc: 640c 40b9 | 9f00 0071 | 29a4 0054 | 6410 40b9 | 4400 00b4 | 640f 048b | e463 00f9 | 650c 40b9 
  0x00000001109b6cfc: bf04 0071 | 09a4 0054 | 6514 40b9 | 4500 00b4 | 650f 058b | e56b 00f9 

  0x00000001109b6d14: ;   {metadata(method data for {method} {0x00001ffe00440f18} 'invokeImpl' '(Ljava/lang/Object;[Ljava/lang/Object;)Ljava/lang/Object;' in 'jdk/internal/reflect/DirectMethodHandleAccessor')}
  0x00000001109b6d14: 06c7 82d2 | 86e3 a6f2 | 2600 c0f2 | c680 0991 | e703 02aa | a700 00b5 | c904 40f9 | 2901 40b2 
  0x00000001109b6d34: c904 00f9 | 1600 0014 | e708 40b9 | e72c 5fd2 | c904 40f9 | e700 09ca | e8f4 7e92 | 0802 00b4 
  0x00000001109b6d54: e701 0837 | a901 00b4 | 3f05 00f1 | 6001 0054 | bf39 03d5 | e700 09ca | c904 40f9 | e700 09ca 
  0x00000001109b6d74: e8f4 7e92 | c800 00b4 | c904 40f9 | 2901 7fb2 | c904 00f9 | 0200 0014 | c704 00f9 

  0x00000001109b6d90: ;   {metadata(method data for {method} {0x000000013640e2b0} 'invokeExact_MT' '(Ljava/lang/Object;Ljava/lang/Object;Ljava/lang/Object;Ljava/lang/Object;Ljava/lang/Object;)Ljava/lang/Object;' in 'java/lang/invoke/LambdaForm$MH+0x00001ffe01004800')}
  0x00000001109b6d90: 06a0 9cd2 | 06c8 a6f2 | 2600 c0f2 | c620 0a91 | e703 00aa | a700 00b5 | c900 40f9 | 2901 40b2 
  0x00000001109b6db0: c900 00f9 | 1600 0014 | e708 40b9 | e72c 5fd2 | c900 40f9 | e700 09ca | e8f4 7e92 | 0802 00b4 
  0x00000001109b6dd0: e701 0837 | a901 00b4 | 3f05 00f1 | 6001 0054 | bf39 03d5 | e700 09ca | c900 40f9 | e700 09ca 
  0x00000001109b6df0: e8f4 7e92 | c800 00b4 | c900 40f9 | 2901 7fb2 | c900 00f9 | 0200 0014 | c700 00f9 | e703 02aa 
  0x00000001109b6e10: a700 00b5 | c908 40f9 | 2901 40b2 | c908 00f9 | 1600 0014 | e708 40b9 | e72c 5fd2 | c908 40f9 
  0x00000001109b6e30: e700 09ca | e8f4 7e92 | 0802 00b4 | e701 0837 | a901 00b4 | 3f05 00f1 | 6001 0054 | bf39 03d5 
  0x00000001109b6e50: e700 09ca | c908 40f9 | e700 09ca | e8f4 7e92 | c800 00b4 | c908 40f9 | 2901 7fb2 | c908 00f9 
  0x00000001109b6e70: 0200 0014 | c708 00f9 

  0x00000001109b6e78: ;   {metadata(method data for {method} {0x00001ffe00440f18} 'invokeImpl' '(Ljava/lang/Object;[Ljava/lang/Object;)Ljava/lang/Object;' in 'jdk/internal/reflect/DirectMethodHandleAccessor')}
  0x00000001109b6e78: 06c7 82d2 | 86e3 a6f2 | 2600 c0f2 | c818 41f9 | 0805 0091 | c818 01f9 

  0x00000001109b6e90: ;   {metadata(method data for {method} {0x000000013640e2b0} 'invokeExact_MT' '(Ljava/lang/Object;Ljava/lang/Object;Ljava/lang/Object;Ljava/lang/Object;Ljava/lang/Object;)Ljava/lang/Object;' in 'java/lang/invoke/LambdaForm$MH+0x00001ffe01004800')}
  0x00000001109b6e90: 06a0 9cd2 | 06c8 a6f2 | 2600 c0f2 | c7ac 40b9 | e708 0011 | c7ac 00b9 | e74c 1f12 | ff00 0071 
  0x00000001109b6eb0: 4097 0054 

  0x00000001109b6eb4: ;   {metadata(method data for {method} {0x000000013640e2b0} 'invokeExact_MT' '(Ljava/lang/Object;Ljava/lang/Object;Ljava/lang/Object;Ljava/lang/Object;Ljava/lang/Object;)Ljava/lang/Object;' in 'java/lang/invoke/LambdaForm$MH+0x00001ffe01004800')}
  0x00000001109b6eb4: 06a0 9cd2 | 06c8 a6f2 | 2600 c0f2 | c680 0591 | e703 00aa | a700 00b5 | c904 40f9 | 2901 40b2 
  0x00000001109b6ed4: c904 00f9 | 1600 0014 | e708 40b9 | e72c 5fd2 | c904 40f9 | e700 09ca | e8f4 7e92 | 0802 00b4 
  0x00000001109b6ef4: e701 0837 | a901 00b4 | 3f05 00f1 | 6001 0054 | bf39 03d5 | e700 09ca | c904 40f9 | e700 09ca 
  0x00000001109b6f14: e8f4 7e92 | c800 00b4 | c904 40f9 | 2901 7fb2 | c904 00f9 | 0200 0014 | c704 00f9 

  0x00000001109b6f30: ;   {metadata(method data for {method} {0x000000013640e2b0} 'invokeExact_MT' '(Ljava/lang/Object;Ljava/lang/Object;Ljava/lang/Object;Ljava/lang/Object;Ljava/lang/Object;)Ljava/lang/Object;' in 'java/lang/invoke/LambdaForm$MH+0x00001ffe01004800')}
  0x00000001109b6f30: 06a0 9cd2 | 06c8 a6f2 | 2600 c0f2 | c8a8 40f9 | 0805 0091 | c8a8 00f9 

  0x00000001109b6f48: ;   {metadata(method data for {method} {0x00001ffe00454120} 'checkExactType' '(Ljava/lang/invoke/MethodHandle;Ljava/lang/invoke/MethodType;)V' in 'java/lang/invoke/Invokers')}
  0x00000001109b6f48: 06d7 84d2 | 46cb a6f2 | 2600 c0f2 | c7ac 40b9 | e708 0011 | c7ac 00b9 | e74c 1f12 | ff00 0071 
  0x00000001109b6f68: 8092 0054 

  0x00000001109b6f6c: ; implicit exception: dispatches to 0x00000001109b81d8
  0x00000001109b6f6c: 1f00 40f9 | e603 00aa 

  0x00000001109b6f74: ;   {metadata(method data for {method} {0x00001ffe00454120} 'checkExactType' '(Ljava/lang/invoke/MethodHandle;Ljava/lang/invoke/MethodType;)V' in 'java/lang/invoke/Invokers')}
  0x00000001109b6f74: 07d7 84d2 | 47cb a6f2 | 2700 c0f2 | c608 40b9 | c62c 5fd2 | e9e0 0391 | 2801 40f9 | df00 08eb 
  0x00000001109b6f94: a100 0054 | e880 40f9 | 0805 0091 | e880 00f9 | 1c00 0014 | e920 0491 | 2801 40f9 | df00 08eb 
  0x00000001109b6fb4: a100 0054 | e888 40f9 | 0805 0091 | e888 00f9 | 1400 0014 | e9e0 0391 | 2801 40f9 | c800 00b5 
  0x00000001109b6fd4: 2601 00f9 | e803 40b2 | e900 0491 | 2801 00f9 | 0c00 0014 | e920 0491 | 2801 40f9 | c800 00b5 
  0x00000001109b6ff4: 2601 00f9 | e803 40b2 | e940 0491 | 2801 00f9 | 0400 0014 | e878 40f9 | 0805 0091 | e878 00f9 
  0x00000001109b7014: 0610 40b9 | 4600 00b4 | 660f 068b 

  0x00000001109b7020: ;   {oop(a 'java/lang/invoke/MethodType'{0x0000007006000580} = (Ljava/lang/Object;Ljava/lang/Object;Ljava/lang/Object;)Ljava/lang/Object;)}
  0x00000001109b7020: 07b0 80d2 | 07c0 a0f2 | 070e c0f2 | df00 07eb 

  0x00000001109b7030: ;   {metadata(method data for {method} {0x00001ffe00454120} 'checkExactType' '(Ljava/lang/invoke/MethodHandle;Ljava/lang/invoke/MethodType;)V' in 'java/lang/invoke/Invokers')}
  0x00000001109b7030: 07d7 84d2 | 47cb a6f2 | 2700 c0f2 | 0826 80d2 | 0924 80d2 | 0a11 899a | eb68 6af8 | 6b05 0091 
  0x00000001109b7050: eb68 2af8 | 415e 0054 

  0x00000001109b7058: ;   {metadata(method data for {method} {0x000000013640e2b0} 'invokeExact_MT' '(Ljava/lang/Object;Ljava/lang/Object;Ljava/lang/Object;Ljava/lang/Object;Ljava/lang/Object;)Ljava/lang/Object;' in 'java/lang/invoke/LambdaForm$MH+0x00001ffe01004800')}
  0x00000001109b7058: 06a0 9cd2 | 06c8 a6f2 | 2600 c0f2 | c660 0691 | e703 00aa | e708 40b9 | e72c 5fd2 | c904 40f9 
  0x00000001109b7078: e700 09ca | e8f4 7e92 | 0802 00b4 | e701 0837 | a901 00b4 | 3f05 00f1 | 6001 0054 | bf39 03d5 
  0x00000001109b7098: e700 09ca | c904 40f9 | e700 09ca | e8f4 7e92 | c800 00b4 | c904 40f9 | 2901 7fb2 | c904 00f9 
  0x00000001109b70b8: 0200 0014 | c704 00f9 

  0x00000001109b70c0: ;   {metadata(method data for {method} {0x000000013640e2b0} 'invokeExact_MT' '(Ljava/lang/Object;Ljava/lang/Object;Ljava/lang/Object;Ljava/lang/Object;Ljava/lang/Object;)Ljava/lang/Object;' in 'java/lang/invoke/LambdaForm$MH+0x00001ffe01004800')}
  0x00000001109b70c0: 06a0 9cd2 | 06c8 a6f2 | 2600 c0f2 | c8c4 40f9 | 0805 0091 | c8c4 00f9 

  0x00000001109b70d8: ;   {metadata(method data for {method} {0x00001ffe00454018} 'checkCustomized' '(Ljava/lang/invoke/MethodHandle;)V' in 'java/lang/invoke/Invokers')}
  0x00000001109b70d8: 0653 85d2 | 46cb a6f2 | 2600 c0f2 | c7ac 40b9 | e708 0011 | c7ac 00b9 | e74c 1f12 | ff00 0071 
  0x00000001109b70f8: 2087 0054 

  0x00000001109b70fc: ;   {metadata(method data for {method} {0x00001ffe00454018} 'checkCustomized' '(Ljava/lang/invoke/MethodHandle;)V' in 'java/lang/invoke/Invokers')}
  0x00000001109b70fc: 0653 85d2 | 46cb a6f2 | 2600 c0f2 | c878 40f9 | 0805 0091 | c878 00f9 

  0x00000001109b7114: ;   {metadata(method data for {method} {0x00001ffe001e5650} 'isCompileConstant' '(Ljava/lang/Object;)Z' in 'java/lang/invoke/MethodHandleImpl')}
  0x00000001109b7114: 0685 85d2 | 46cb a6f2 | 2600 c0f2 | c7ac 40b9 | e708 0011 | c7ac 00b9 | e74c 1f12 | ff00 0071 
  0x00000001109b7134: 4086 0054 

  0x00000001109b7138: ;   {metadata(method data for {method} {0x00001ffe00454018} 'checkCustomized' '(Ljava/lang/invoke/MethodHandle;)V' in 'java/lang/invoke/Invokers')}
  0x00000001109b7138: 0653 85d2 | 46cb a6f2 | 2600 c0f2 | c780 40f9 | e704 0091 | c780 00f9 | 0614 40b9 | 4600 00b4 
  0x00000001109b7158: 660f 068b 

  0x00000001109b715c: ; implicit exception: dispatches to 0x00000001109b821c
  0x00000001109b715c: c61c 40b9 | 4600 00b4 | 660f 068b | e703 1faa | df00 07eb 

  0x00000001109b7170: ;   {metadata(method data for {method} {0x00001ffe00454018} 'checkCustomized' '(Ljava/lang/invoke/MethodHandle;)V' in 'java/lang/invoke/Invokers')}
  0x00000001109b7170: 0653 85d2 | 46cb a6f2 | 2600 c0f2 | 0824 80d2 | 0926 80d2 | 0711 899a | ca68 67f8 | 4a05 0091 
  0x00000001109b7190: ca68 27f8 | 8101 0054 

  0x00000001109b7198: ;   {metadata(method data for {method} {0x00001ffe00454018} 'checkCustomized' '(Ljava/lang/invoke/MethodHandle;)V' in 'java/lang/invoke/Invokers')}
  0x00000001109b7198: 0653 85d2 | 46cb a6f2 | 2600 c0f2 | c8a0 40f9 | 0805 0091 | c8a0 00f9 | e103 00aa 

  0x00000001109b71b4: ; ImmutableOopMap {[168]=Oop [176]=Oop [184]=Oop [192]=Oop [200]=Oop [208]=Oop }
                      ;*invokestatic maybeCustomize {reexecute=0 rethrow=0 return_oop=0}
                      ; - java.lang.invoke.Invokers::checkCustomized@19 (line 626)
                      ; - java.lang.invoke.LambdaForm$MH/0x00001ffe01004800::invokeExact_MT@15
                      ; - jdk.internal.reflect.DirectMethodHandleAccessor::invokeImpl@72 (line 156)
                      ; - jdk.internal.reflect.DirectMethodHandleAccessor::invoke@23 (line 104)
                      ;   {static_call}
  0x00000001109b71b4: c311 b495 

  0x00000001109b71b8: ;   {post_call_nop}
  0x00000001109b71b8: 1f20 03d5 | 1f2e 82f2 | 1fc0 80f2 | e293 4ba9 

  0x00000001109b71c8: ;   {metadata(method data for {method} {0x000000013640e2b0} 'invokeExact_MT' '(Ljava/lang/Object;Ljava/lang/Object;Ljava/lang/Object;Ljava/lang/Object;Ljava/lang/Object;)Ljava/lang/Object;' in 'java/lang/invoke/LambdaForm$MH+0x00001ffe01004800')}
  0x00000001109b71c8: 03a0 9cd2 | 03c8 a6f2 | 2300 c0f2 | 6380 0791 | e103 02aa | a100 00b5 | 6904 40f9 | 2901 40b2 
  0x00000001109b71e8: 6904 00f9 | 1600 0014 | 2108 40b9 | 212c 5fd2 | 6904 40f9 | 2100 09ca | 28f4 7e92 | 0802 00b4 
  0x00000001109b7208: e101 0837 | a901 00b4 | 3f05 00f1 | 6001 0054 | bf39 03d5 | 2100 09ca | 6904 40f9 | 2100 09ca 
  0x00000001109b7228: 28f4 7e92 | c800 00b4 | 6904 40f9 | 2901 7fb2 | 6904 00f9 | 0200 0014 | 6104 00f9 | e103 04aa 
  0x00000001109b7248: a100 00b5 | 690c 40f9 | 2901 40b2 | 690c 00f9 | 1600 0014 | 2108 40b9 | 212c 5fd2 | 690c 40f9 
  0x00000001109b7268: 2100 09ca | 28f4 7e92 | 0802 00b4 | e101 0837 | a901 00b4 | 3f05 00f1 | 6001 0054 | bf39 03d5 
  0x00000001109b7288: 2100 09ca | 690c 40f9 | 2100 09ca | 28f4 7e92 | c800 00b4 | 690c 40f9 | 2901 7fb2 | 690c 00f9 
  0x00000001109b72a8: 0200 0014 | 610c 00f9 | e067 40f9 

  0x00000001109b72b4: ;   {metadata(method data for {method} {0x000000013640e2b0} 'invokeExact_MT' '(Ljava/lang/Object;Ljava/lang/Object;Ljava/lang/Object;Ljava/lang/Object;Ljava/lang/Object;)Ljava/lang/Object;' in 'java/lang/invoke/LambdaForm$MH+0x00001ffe01004800')}
  0x00000001109b72b4: 03a0 9cd2 | 03c8 a6f2 | 2300 c0f2 | 0008 40b9 | 002c 5fd2 | 69e0 0691 | 2801 40f9 | 1f00 08eb 
  0x00000001109b72d4: a100 0054 | 68e0 40f9 | 0805 0091 | 68e0 00f9 | 1c00 0014 | 6920 0791 | 2801 40f9 | 1f00 08eb 
  0x00000001109b72f4: a100 0054 | 68e8 40f9 | 0805 0091 | 68e8 00f9 | 1400 0014 | 69e0 0691 | 2801 40f9 | c800 00b5 
  0x00000001109b7314: 2001 00f9 | e803 40b2 | 6900 0791 | 2801 00f9 | 0c00 0014 | 6920 0791 | 2801 40f9 | c800 00b5 
  0x00000001109b7334: 2001 00f9 | e803 40b2 | 6940 0791 | 2801 00f9 | 0400 0014 | 68d8 40f9 | 0805 0091 | 68d8 00f9 
  0x00000001109b7354: e003 02aa | e203 00aa | e303 04aa | e193 4ca9 

  0x00000001109b7364: ; ImmutableOopMap {[168]=Oop [176]=Oop [184]=Oop [192]=Oop [200]=Oop [208]=Oop }
                      ;*invokevirtual invokeBasic {reexecute=0 rethrow=0 return_oop=0}
                      ; - java.lang.invoke.LambdaForm$MH/0x00001ffe01004800::invokeExact_MT@22
                      ; - jdk.internal.reflect.DirectMethodHandleAccessor::invokeImpl@72 (line 156)
                      ; - jdk.internal.reflect.DirectMethodHandleAccessor::invoke@23 (line 104)
                      ;   {optimized virtual_call}
  0x00000001109b7364: 5710 b495 

  0x00000001109b7368: ;   {post_call_nop}
  0x00000001109b7368: 1f20 03d5 | 1f64 82f2 | 1fe0 80f2 

  0x00000001109b7374: ;   {metadata(method data for {method} {0x000000013640e2b0} 'invokeExact_MT' '(Ljava/lang/Object;Ljava/lang/Object;Ljava/lang/Object;Ljava/lang/Object;Ljava/lang/Object;)Ljava/lang/Object;' in 'java/lang/invoke/LambdaForm$MH+0x00001ffe01004800')}
  0x00000001109b7374: 02a0 9cd2 | 02c8 a6f2 | 2200 c0f2 | 4200 0891 | e303 00aa | a300 00b5 | 4900 40f9 | 2901 40b2 
  0x00000001109b7394: 4900 00f9 | 1600 0014 | 6308 40b9 | 632c 5fd2 | 4900 40f9 | 6300 09ca | 68f4 7e92 | 0802 00b4 
  0x00000001109b73b4: e301 0837 | a901 00b4 | 3f05 00f1 | 6001 0054 | bf39 03d5 | 6300 09ca | 4900 40f9 | 6300 09ca 
  0x00000001109b73d4: 68f4 7e92 | c800 00b4 | 4900 40f9 | 2901 7fb2 | 4900 00f9 | 0200 0014 | 4300 00f9 

  0x00000001109b73f0: ;   {metadata(method data for {method} {0x00001ffe00440f18} 'invokeImpl' '(Ljava/lang/Object;[Ljava/lang/Object;)Ljava/lang/Object;' in 'jdk/internal/reflect/DirectMethodHandleAccessor')}
  0x00000001109b73f0: 02c7 82d2 | 82e3 a6f2 | 2200 c0f2 | 4200 0a91 | e303 00aa | a300 00b5 | 4900 40f9 | 2901 40b2 
  0x00000001109b7410: 4900 00f9 | 1600 0014 | 6308 40b9 | 632c 5fd2 | 4900 40f9 | 6300 09ca | 68f4 7e92 | 0802 00b4 
  0x00000001109b7430: e301 0837 | a901 00b4 | 3f05 00f1 | 6001 0054 | bf39 03d5 | 6300 09ca | 4900 40f9 | 6300 09ca 
  0x00000001109b7450: 68f4 7e92 | c800 00b4 | 4900 40f9 | 2901 7fb2 | 4900 00f9 | 0200 0014 | 4300 00f9 

  0x00000001109b746c: ;   {metadata(method data for {method} {0x00001ffe00440f18} 'invokeImpl' '(Ljava/lang/Object;[Ljava/lang/Object;)Ljava/lang/Object;' in 'jdk/internal/reflect/DirectMethodHandleAccessor')}
  0x00000001109b746c: 02c7 82d2 | 82e3 a6f2 | 2200 c0f2 | 4348 41f9 | 6304 0091 | 4348 01f9 | fd7b 54a9 | ff43 0591 
  0x00000001109b748c: ;   {poll_return}
  0x00000001109b748c: 8817 40f9 | ff63 28eb | 686c 0054 | c003 5fd6 | e30b 4ba9 | 2018 40b9 | 4000 00b4 | 600f 008b 
  0x00000001109b74ac: ; implicit exception: dispatches to 0x00000001109b822c
  0x00000001109b74ac: 640c 40b9 | 9f00 0071 | e96b 0054 | 6410 40b9 | 4400 00b4 | 640f 048b 

  0x00000001109b74c4: ; ImmutableOopMap {c_rarg3=Oop c_rarg1=Oop c_rarg2=Oop c_rarg0=Oop c_rarg4=Oop [168]=Oop [176]=Oop [184]=Oop }
                      ;*invokevirtual invokeExact {reexecute=0 rethrow=0 return_oop=0}
                      ; - jdk.internal.reflect.DirectMethodHandleAccessor::invokeImpl@55 (line 155)
                      ; - jdk.internal.reflect.DirectMethodHandleAccessor::invoke@23 (line 104)
                      ;   {runtime_call C1 Runtime load_appendix_patching_blob}
  0x00000001109b74c4: 5f7a b795 

  0x00000001109b74c8: ; implicit exception: dispatches to 0x00000001109b8248
  0x00000001109b74c8: 1f00 40f9 

  0x00000001109b74cc: ;   {metadata(method data for {method} {0x00001ffe00440f18} 'invokeImpl' '(Ljava/lang/Object;[Ljava/lang/Object;)Ljava/lang/Object;' in 'jdk/internal/reflect/DirectMethodHandleAccessor')}
  0x00000001109b74cc: 06c7 82d2 | 86e3 a6f2 | 2600 c0f2 | c6a0 0791 | e703 02aa | a700 00b5 | c904 40f9 | 2901 40b2 
  0x00000001109b74ec: c904 00f9 | 1600 0014 | e708 40b9 | e72c 5fd2 | c904 40f9 | e700 09ca | e8f4 7e92 | 0802 00b4 
  0x00000001109b750c: e701 0837 | a901 00b4 | 3f05 00f1 | 6001 0054 | bf39 03d5 | e700 09ca | c904 40f9 | e700 09ca 
  0x00000001109b752c: e8f4 7e92 | c800 00b4 | c904 40f9 | 2901 7fb2 | c904 00f9 | 0200 0014 | c704 00f9 | e703 04aa 
  0x00000001109b754c: a700 00b5 | c90c 40f9 | 2901 40b2 | c90c 00f9 | 1600 0014 | e708 40b9 | e72c 5fd2 | c90c 40f9 
  0x00000001109b756c: e700 09ca | e8f4 7e92 | 0802 00b4 | e701 0837 | a901 00b4 | 3f05 00f1 | 6001 0054 | bf39 03d5 
  0x00000001109b758c: e700 09ca | c90c 40f9 | e700 09ca | e8f4 7e92 | c800 00b4 | c90c 40f9 | 2901 7fb2 | c90c 00f9 
  0x00000001109b75ac: 0200 0014 | c70c 00f9 | e603 00aa 

  0x00000001109b75b8: ;   {metadata(method data for {method} {0x00001ffe00440f18} 'invokeImpl' '(Ljava/lang/Object;[Ljava/lang/Object;)Ljava/lang/Object;' in 'jdk/internal/reflect/DirectMethodHandleAccessor')}
  0x00000001109b75b8: 07c7 82d2 | 87e3 a6f2 | 2700 c0f2 | c608 40b9 | c62c 5fd2 | e900 0791 | 2801 40f9 | df00 08eb 
  0x00000001109b75d8: a100 0054 | e8e4 40f9 | 0805 0091 | e8e4 00f9 | 1c00 0014 | e940 0791 | 2801 40f9 | df00 08eb 
  0x00000001109b75f8: a100 0054 | e8ec 40f9 | 0805 0091 | e8ec 00f9 | 1400 0014 | e900 0791 | 2801 40f9 | c800 00b5 
  0x00000001109b7618: 2601 00f9 | e803 40b2 | e920 0791 | 2801 00f9 | 0c00 0014 | e940 0791 | 2801 40f9 | c800 00b5 
  0x00000001109b7638: 2601 00f9 | e803 40b2 | e960 0791 | 2801 00f9 | 0400 0014 | e8dc 40f9 | 0805 0091 | e8dc 00f9 
  0x00000001109b7658: e603 02aa | e203 06aa | e303 04aa | e403 05aa | e103 00aa 

  0x00000001109b766c: ; ImmutableOopMap {[168]=Oop [176]=Oop [184]=Oop }
                      ;*invokevirtual invokeExact {reexecute=0 rethrow=0 return_oop=0}
                      ; - jdk.internal.reflect.DirectMethodHandleAccessor::invokeImpl@55 (line 155)
                      ; - jdk.internal.reflect.DirectMethodHandleAccessor::invoke@23 (line 104)
                      ;   {optimized virtual_call}
  0x00000001109b766c: 950f b495 

  0x00000001109b7670: ;   {post_call_nop}
  0x00000001109b7670: 1f20 03d5 | 1fc5 82f2 | 1f20 81f2 

  0x00000001109b767c: ;   {metadata(method data for {method} {0x00001ffe00440f18} 'invokeImpl' '(Ljava/lang/Object;[Ljava/lang/Object;)Ljava/lang/Object;' in 'jdk/internal/reflect/DirectMethodHandleAccessor')}
  0x00000001109b767c: 01c7 82d2 | 81e3 a6f2 | 2100 c0f2 | 2120 0891 | e203 00aa | a200 00b5 | 2900 40f9 | 2901 40b2 
  0x00000001109b769c: 2900 00f9 | 1600 0014 | 4208 40b9 | 422c 5fd2 | 2900 40f9 | 4200 09ca | 48f4 7e92 | 0802 00b4 
  0x00000001109b76bc: e201 0837 | a901 00b4 | 3f05 00f1 | 6001 0054 | bf39 03d5 | 4200 09ca | 2900 40f9 | 4200 09ca 
  0x00000001109b76dc: 48f4 7e92 | c800 00b4 | 2900 40f9 | 2901 7fb2 | 2900 00f9 | 0200 0014 | 2200 00f9 

  0x00000001109b76f8: ;   {metadata(method data for {method} {0x00001ffe00440f18} 'invokeImpl' '(Ljava/lang/Object;[Ljava/lang/Object;)Ljava/lang/Object;' in 'jdk/internal/reflect/DirectMethodHandleAccessor')}
  0x00000001109b76f8: 01c7 82d2 | 81e3 a6f2 | 2100 c0f2 | 220c 41f9 | 4204 0091 | 220c 01f9 | fd7b 54a9 | ff43 0591 
  0x00000001109b7718: ;   {poll_return}
  0x00000001109b7718: 8817 40f9 | ff63 28eb | 6859 0054 | c003 5fd6 | e25f 40f9 | 2018 40b9 | 4000 00b4 | 600f 008b 
  0x00000001109b7738: e06f 00f9 

  0x00000001109b773c: ;   {metadata(method data for {method} {0x00001ffe00440f18} 'invokeImpl' '(Ljava/lang/Object;[Ljava/lang/Object;)Ljava/lang/Object;' in 'jdk/internal/reflect/DirectMethodHandleAccessor')}
  0x00000001109b773c: 03c7 82d2 | 83e3 a6f2 | 2300 c0f2 | 6300 0691 | e403 02aa | a400 00b5 | 6904 40f9 | 2901 40b2 
  0x00000001109b775c: 6904 00f9 | 1600 0014 | 8408 40b9 | 842c 5fd2 | 6904 40f9 | 8400 09ca | 88f4 7e92 | 0802 00b4 
  0x00000001109b777c: e401 0837 | a901 00b4 | 3f05 00f1 | 6001 0054 | bf39 03d5 | 8400 09ca | 6904 40f9 | 8400 09ca 
  0x00000001109b779c: 88f4 7e92 | c800 00b4 | 6904 40f9 | 2901 7fb2 | 6904 00f9 | 0200 0014 | 6404 00f9 

  0x00000001109b77b8: ;   {metadata(method data for {method} {0x00001ffe001fc6d8} 'invokeExact_MT' '(Ljava/lang/Object;Ljava/lang/Object;Ljava/lang/Object;)Ljava/lang/Object;' in 'java/lang/invoke/Invokers$Holder')}
  0x00000001109b77b8: 03ba 84d2 | 83cb a6f2 | 2300 c0f2 | 63a0 0991 | e403 00aa | 8400 00b5 | 6900 40f9 | 2901 40b2 
  0x00000001109b77d8: 6900 00f9 

  0x00000001109b77dc: ;   {metadata(method data for {method} {0x00001ffe00440f18} 'invokeImpl' '(Ljava/lang/Object;[Ljava/lang/Object;)Ljava/lang/Object;' in 'jdk/internal/reflect/DirectMethodHandleAccessor')}
  0x00000001109b77dc: 03c7 82d2 | 83e3 a6f2 | 2300 c0f2 | 68a8 40f9 | 0805 0091 | 68a8 00f9 

  0x00000001109b77f4: ;   {metadata(method data for {method} {0x00001ffe001fc6d8} 'invokeExact_MT' '(Ljava/lang/Object;Ljava/lang/Object;Ljava/lang/Object;)Ljava/lang/Object;' in 'java/lang/invoke/Invokers$Holder')}
  0x00000001109b77f4: 03ba 84d2 | 83cb a6f2 | 2300 c0f2 | 64ac 40b9 | 8408 0011 | 64ac 00b9 | 844c 1f12 | 9f00 0071 
  0x00000001109b7814: 2052 0054 

  0x00000001109b7818: ;   {metadata(method data for {method} {0x00001ffe001fc6d8} 'invokeExact_MT' '(Ljava/lang/Object;Ljava/lang/Object;Ljava/lang/Object;)Ljava/lang/Object;' in 'java/lang/invoke/Invokers$Holder')}
  0x00000001109b7818: 03ba 84d2 | 83cb a6f2 | 2300 c0f2 | 6380 0591 | e403 00aa | 8400 00b5 | 6904 40f9 | 2901 40b2 
  0x00000001109b7838: 6904 00f9 

  0x00000001109b783c: ;   {metadata(method data for {method} {0x00001ffe001fc6d8} 'invokeExact_MT' '(Ljava/lang/Object;Ljava/lang/Object;Ljava/lang/Object;)Ljava/lang/Object;' in 'java/lang/invoke/Invokers$Holder')}
  0x00000001109b783c: 03ba 84d2 | 83cb a6f2 | 2300 c0f2 | 68a8 40f9 | 0805 0091 | 68a8 00f9 

  0x00000001109b7854: ;   {metadata(method data for {method} {0x00001ffe00454120} 'checkExactType' '(Ljava/lang/invoke/MethodHandle;Ljava/lang/invoke/MethodType;)V' in 'java/lang/invoke/Invokers')}
  0x00000001109b7854: 03d7 84d2 | 43cb a6f2 | 2300 c0f2 | 64ac 40b9 | 8408 0011 | 64ac 00b9 | 844c 1f12 | 9f00 0071 
  0x00000001109b7874: 2050 0054 

  0x00000001109b7878: ; implicit exception: dispatches to 0x00000001109b8298
  0x00000001109b7878: 1f00 40f9 | e303 00aa 

  0x00000001109b7880: ;   {metadata(method data for {method} {0x00001ffe00454120} 'checkExactType' '(Ljava/lang/invoke/MethodHandle;Ljava/lang/invoke/MethodType;)V' in 'java/lang/invoke/Invokers')}
  0x00000001109b7880: 04d7 84d2 | 44cb a6f2 | 2400 c0f2 | 6308 40b9 | 632c 5fd2 | 89e0 0391 | 2801 40f9 | 7f00 08eb 
  0x00000001109b78a0: a100 0054 | 8880 40f9 | 0805 0091 | 8880 00f9 | 1c00 0014 | 8920 0491 | 2801 40f9 | 7f00 08eb 
  0x00000001109b78c0: a100 0054 | 8888 40f9 | 0805 0091 | 8888 00f9 | 1400 0014 | 89e0 0391 | 2801 40f9 | c800 00b5 
  0x00000001109b78e0: 2301 00f9 | e803 40b2 | 8900 0491 | 2801 00f9 | 0c00 0014 | 8920 0491 | 2801 40f9 | c800 00b5 
  0x00000001109b7900: 2301 00f9 | e803 40b2 | 8940 0491 | 2801 00f9 | 0400 0014 | 8878 40f9 | 0805 0091 | 8878 00f9 
  0x00000001109b7920: 0310 40b9 | 4300 00b4 | 630f 038b 

  0x00000001109b792c: ;   {oop(a 'java/lang/invoke/MethodType'{0x00000070060005a8} = (Ljava/lang/Object;)Ljava/lang/Object;)}
  0x00000001109b792c: 04b5 80d2 | 04c0 a0f2 | 040e c0f2 | 7f00 04eb 

  0x00000001109b793c: ;   {metadata(method data for {method} {0x00001ffe00454120} 'checkExactType' '(Ljava/lang/invoke/MethodHandle;Ljava/lang/invoke/MethodType;)V' in 'java/lang/invoke/Invokers')}
  0x00000001109b793c: 04d7 84d2 | 44cb a6f2 | 2400 c0f2 | 0826 80d2 | 0924 80d2 | 0511 899a | 8668 65f8 | c604 0091 
  0x00000001109b795c: 8668 25f8 | 8113 0054 

  0x00000001109b7964: ;   {metadata(method data for {method} {0x00001ffe001fc6d8} 'invokeExact_MT' '(Ljava/lang/Object;Ljava/lang/Object;Ljava/lang/Object;)Ljava/lang/Object;' in 'java/lang/invoke/Invokers$Holder')}
  0x00000001109b7964: 03ba 84d2 | 83cb a6f2 | 2300 c0f2 | 68c4 40f9 | 0805 0091 | 68c4 00f9 

  0x00000001109b797c: ;   {metadata(method data for {method} {0x00001ffe00454018} 'checkCustomized' '(Ljava/lang/invoke/MethodHandle;)V' in 'java/lang/invoke/Invokers')}
  0x00000001109b797c: 0353 85d2 | 43cb a6f2 | 2300 c0f2 | 64ac 40b9 | 8408 0011 | 64ac 00b9 | 844c 1f12 | 9f00 0071 
  0x00000001109b799c: 0048 0054 

  0x00000001109b79a0: ;   {metadata(method data for {method} {0x00001ffe00454018} 'checkCustomized' '(Ljava/lang/invoke/MethodHandle;)V' in 'java/lang/invoke/Invokers')}
  0x00000001109b79a0: 0353 85d2 | 43cb a6f2 | 2300 c0f2 | 6878 40f9 | 0805 0091 | 6878 00f9 

  0x00000001109b79b8: ;   {metadata(method data for {method} {0x00001ffe001e5650} 'isCompileConstant' '(Ljava/lang/Object;)Z' in 'java/lang/invoke/MethodHandleImpl')}
  0x00000001109b79b8: 0385 85d2 | 43cb a6f2 | 2300 c0f2 | 64ac 40b9 | 8408 0011 | 64ac 00b9 | 844c 1f12 | 9f00 0071 
  0x00000001109b79d8: 2047 0054 

  0x00000001109b79dc: ;   {metadata(method data for {method} {0x00001ffe00454018} 'checkCustomized' '(Ljava/lang/invoke/MethodHandle;)V' in 'java/lang/invoke/Invokers')}
  0x00000001109b79dc: 0353 85d2 | 43cb a6f2 | 2300 c0f2 | 6480 40f9 | 8404 0091 | 6480 00f9 | 0314 40b9 | 4300 00b4 
  0x00000001109b79fc: 630f 038b 

  0x00000001109b7a00: ; implicit exception: dispatches to 0x00000001109b82dc
  0x00000001109b7a00: 631c 40b9 | 4300 00b4 | 630f 038b | e403 1faa | 7f00 04eb 

  0x00000001109b7a14: ;   {metadata(method data for {method} {0x00001ffe00454018} 'checkCustomized' '(Ljava/lang/invoke/MethodHandle;)V' in 'java/lang/invoke/Invokers')}
  0x00000001109b7a14: 0353 85d2 | 43cb a6f2 | 2300 c0f2 | 0824 80d2 | 0926 80d2 | 0411 899a | 6568 64f8 | a504 0091 
  0x00000001109b7a34: 6568 24f8 | 8101 0054 

  0x00000001109b7a3c: ;   {metadata(method data for {method} {0x00001ffe00454018} 'checkCustomized' '(Ljava/lang/invoke/MethodHandle;)V' in 'java/lang/invoke/Invokers')}
  0x00000001109b7a3c: 0353 85d2 | 43cb a6f2 | 2300 c0f2 | 68a0 40f9 | 0805 0091 | 68a0 00f9 | e103 00aa 

  0x00000001109b7a58: ; ImmutableOopMap {[168]=Oop [176]=Oop [184]=Oop [216]=Oop }
                      ;*invokestatic maybeCustomize {reexecute=0 rethrow=0 return_oop=0}
                      ; - java.lang.invoke.Invokers::checkCustomized@19 (line 626)
                      ; - java.lang.invoke.Invokers$Holder::invokeExact_MT@14
                      ; - jdk.internal.reflect.DirectMethodHandleAccessor::invokeImpl@41 (line 154)
                      ; - jdk.internal.reflect.DirectMethodHandleAccessor::invoke@23 (line 104)
                      ;   {static_call}
  0x00000001109b7a58: 2af2 e997 

  0x00000001109b7a5c: ;   {post_call_nop}
  0x00000001109b7a5c: 1f20 03d5 | 9f42 83f2 | 1f40 81f2 | e06f 40f9 

  0x00000001109b7a6c: ;   {metadata(method data for {method} {0x00001ffe001fc6d8} 'invokeExact_MT' '(Ljava/lang/Object;Ljava/lang/Object;Ljava/lang/Object;)Ljava/lang/Object;' in 'java/lang/invoke/Invokers$Holder')}
  0x00000001109b7a6c: 02ba 84d2 | 82cb a6f2 | 2200 c0f2 | 0008 40b9 | 002c 5fd2 | 49e0 0691 | 2801 40f9 | 1f00 08eb 
  0x00000001109b7a8c: a100 0054 | 48e0 40f9 | 0805 0091 | 48e0 00f9 | 1c00 0014 | 4920 0791 | 2801 40f9 | 1f00 08eb 
  0x00000001109b7aac: a100 0054 | 48e8 40f9 | 0805 0091 | 48e8 00f9 | 1400 0014 | 49e0 0691 | 2801 40f9 | c800 00b5 
  0x00000001109b7acc: 2001 00f9 | e803 40b2 | 4900 0791 | 2801 00f9 | 0c00 0014 | 4920 0791 | 2801 40f9 | c800 00b5 
  0x00000001109b7aec: 2001 00f9 | e803 40b2 | 4940 0791 | 2801 00f9 | 0400 0014 | 48d8 40f9 | 0805 0091 | 48d8 00f9 
  0x00000001109b7b0c: e25f 40f9 | e16f 40f9 

  0x00000001109b7b14: ; ImmutableOopMap {[168]=Oop [176]=Oop [184]=Oop [216]=Oop }
                      ;*invokevirtual invokeBasic {reexecute=0 rethrow=0 return_oop=0}
                      ; - java.lang.invoke.Invokers$Holder::invokeExact_MT@19
                      ; - jdk.internal.reflect.DirectMethodHandleAccessor::invokeImpl@41 (line 154)
                      ; - jdk.internal.reflect.DirectMethodHandleAccessor::invoke@23 (line 104)
                      ;   {optimized virtual_call}
  0x00000001109b7b14: 7b69 c995 

  0x00000001109b7b18: ;   {post_call_nop}
  0x00000001109b7b18: 1f20 03d5 | 1f5a 83f2 | 1f60 81f2 

  0x00000001109b7b24: ;   {metadata(method data for {method} {0x00001ffe00440f18} 'invokeImpl' '(Ljava/lang/Object;[Ljava/lang/Object;)Ljava/lang/Object;' in 'jdk/internal/reflect/DirectMethodHandleAccessor')}
  0x00000001109b7b24: 01c7 82d2 | 81e3 a6f2 | 2100 c0f2 | 2140 0691 | e203 00aa | a200 00b5 | 2900 40f9 | 2901 40b2 
  0x00000001109b7b44: 2900 00f9 | 1600 0014 | 4208 40b9 | 422c 5fd2 | 2900 40f9 | 4200 09ca | 48f4 7e92 | 0802 00b4 
  0x00000001109b7b64: e201 0837 | a901 00b4 | 3f05 00f1 | 6001 0054 | bf39 03d5 | 4200 09ca | 2900 40f9 | 4200 09ca 
  0x00000001109b7b84: 48f4 7e92 | c800 00b4 | 2900 40f9 | 2901 7fb2 | 2900 00f9 | 0200 0014 | 2200 00f9 

  0x00000001109b7ba0: ;   {metadata(method data for {method} {0x00001ffe00440f18} 'invokeImpl' '(Ljava/lang/Object;[Ljava/lang/Object;)Ljava/lang/Object;' in 'jdk/internal/reflect/DirectMethodHandleAccessor')}
  0x00000001109b7ba0: 01c7 82d2 | 81e3 a6f2 | 2100 c0f2 | 22d0 40f9 | 4204 0091 | 22d0 00f9 | fd7b 54a9 | ff43 0591 
  0x00000001109b7bc0: ;   {poll_return}
  0x00000001109b7bc0: 8817 40f9 | ff63 28eb | c838 0054 | c003 5fd6 

  0x00000001109b7bd0: ;   {metadata(method data for {method} {0x00001ffe00454120} 'checkExactType' '(Ljava/lang/invoke/MethodHandle;Ljava/lang/invoke/MethodType;)V' in 'java/lang/invoke/Invokers')}
  0x00000001109b7bd0: 01d7 84d2 | 41cb a6f2 | 2100 c0f2 | 28a0 40f9 | 0805 0091 | 28a0 00f9 

  0x00000001109b7be8: ;   {oop(a 'java/lang/invoke/MethodType'{0x00000070060005a8} = (Ljava/lang/Object;)Ljava/lang/Object;)}
  0x00000001109b7be8: 02b5 80d2 | 02c0 a0f2 | 020e c0f2 | e103 03aa | e373 00f9 

  0x00000001109b7bfc: ; ImmutableOopMap {[168]=Oop [176]=Oop [184]=Oop [216]=Oop [224]=Oop }
                      ;*invokestatic newWrongMethodTypeException {reexecute=0 rethrow=0 return_oop=0}
                      ; - java.lang.invoke.Invokers::checkExactType@12 (line 531)
                      ; - java.lang.invoke.Invokers$Holder::invokeExact_MT@10
                      ; - jdk.internal.reflect.DirectMethodHandleAccessor::invokeImpl@41 (line 154)
                      ; - jdk.internal.reflect.DirectMethodHandleAccessor::invoke@23 (line 104)
                      ;   {static_call}
  0x00000001109b7bfc: 310f b495 

  0x00000001109b7c00: ;   {post_call_nop}
  0x00000001109b7c00: 1f20 03d5 | 1f77 83f2 | 1f80 81f2 

  0x00000001109b7c0c: ; implicit exception: dispatches to 0x00000001109b82ec
                      ; ImmutableOopMap {c_rarg0=Oop [168]=Oop [176]=Oop [184]=Oop [216]=Oop [224]=Oop }
                      ;*athrow {reexecute=1 rethrow=0 return_oop=0}
                      ; - (reexecute) java.lang.invoke.Invokers::checkExactType@15 (line 531)
                      ; - java.lang.invoke.Invokers$Holder::invokeExact_MT@10
                      ; - jdk.internal.reflect.DirectMethodHandleAccessor::invokeImpl@41 (line 154)
                      ; - jdk.internal.reflect.DirectMethodHandleAccessor::invoke@23 (line 104)
  0x00000001109b7c0c: 1f00 40f9 

  0x00000001109b7c10: ;   {section_word}
  0x00000001109b7c10: 0300 0010 

  0x00000001109b7c14: ;   {runtime_call C1 Runtime handle_exception_nofpu_blob}
  0x00000001109b7c14: 0b70 b795 | 1f20 03d5 

  0x00000001109b7c1c: ;   {metadata(method data for {method} {0x00001ffe00454120} 'checkExactType' '(Ljava/lang/invoke/MethodHandle;Ljava/lang/invoke/MethodType;)V' in 'java/lang/invoke/Invokers')}
  0x00000001109b7c1c: 01d7 84d2 | 41cb a6f2 | 2100 c0f2 | 28a0 40f9 | 0805 0091 | 28a0 00f9 

  0x00000001109b7c34: ;   {oop(a 'java/lang/invoke/MethodType'{0x0000007006000580} = (Ljava/lang/Object;Ljava/lang/Object;Ljava/lang/Object;)Ljava/lang/Object;)}
  0x00000001109b7c34: 02b0 80d2 | 02c0 a0f2 | 020e c0f2 | e103 06aa | e677 00f9 

  0x00000001109b7c48: ; ImmutableOopMap {[168]=Oop [176]=Oop [184]=Oop [192]=Oop [200]=Oop [208]=Oop [232]=Oop }
                      ;*invokestatic newWrongMethodTypeException {reexecute=0 rethrow=0 return_oop=0}
                      ; - java.lang.invoke.Invokers::checkExactType@12 (line 531)
                      ; - java.lang.invoke.LambdaForm$MH/0x00001ffe01004800::invokeExact_MT@11
                      ; - jdk.internal.reflect.DirectMethodHandleAccessor::invokeImpl@72 (line 156)
                      ; - jdk.internal.reflect.DirectMethodHandleAccessor::invoke@23 (line 104)
                      ;   {static_call}
  0x00000001109b7c48: 1e0f b495 

  0x00000001109b7c4c: ;   {post_call_nop}
  0x00000001109b7c4c: 1f20 03d5 | 9f80 83f2 | 1fc0 81f2 

  0x00000001109b7c58: ; implicit exception: dispatches to 0x00000001109b82f0
                      ; ImmutableOopMap {c_rarg0=Oop [168]=Oop [176]=Oop [184]=Oop [192]=Oop [200]=Oop [208]=Oop [232]=Oop }
                      ;*athrow {reexecute=1 rethrow=0 return_oop=0}
                      ; - (reexecute) java.lang.invoke.Invokers::checkExactType@15 (line 531)
                      ; - java.lang.invoke.LambdaForm$MH/0x00001ffe01004800::invokeExact_MT@11
                      ; - jdk.internal.reflect.DirectMethodHandleAccessor::invokeImpl@72 (line 156)
                      ; - jdk.internal.reflect.DirectMethodHandleAccessor::invoke@23 (line 104)
  0x00000001109b7c58: 1f00 40f9 

  0x00000001109b7c5c: ;   {section_word}
  0x00000001109b7c5c: 0300 0010 

  0x00000001109b7c60: ;   {runtime_call C1 Runtime handle_exception_nofpu_blob}
  0x00000001109b7c60: f86f b795 | 1f20 03d5 | 8087 42f9 | 9f87 02f9 | 9f8b 02f9 | e07b 00f9 | e157 40f9 

  0x00000001109b7c7c: ;   {metadata(method data for {method} {0x00001ffe002a5db0} 'invoke' '(Ljava/lang/Object;[Ljava/lang/Object;)Ljava/lang/Object;' in 'jdk/internal/reflect/DirectMethodHandleAccessor')}
  0x00000001109b7c7c: 027c 81d2 | 82e3 a6f2 | 2200 c0f2 | 4810 41f9 | 0805 0091 | 4810 01f9 

  0x00000001109b7c94: ;   {metadata(method data for {method} {0x00001ffe00440ec0} 'isIllegalArgument' '(Ljava/lang/RuntimeException;)Z' in 'jdk/internal/reflect/DirectMethodHandleAccessor')}
  0x00000001109b7c94: 0141 83d2 | 81e3 a6f2 | 2100 c0f2 | 22ac 40b9 | 4208 0011 | 22ac 00b9 | 424c 1f12 | 5f00 0071 
  0x00000001109b7cb4: 0032 0054 

  0x00000001109b7cb8: ;   {oop(a 'java/lang/Class'{0x0000007400093320} = 'jdk/internal/reflect/DirectMethodHandleAccessor')}
  0x00000001109b7cb8: 0164 86d2 | 2101 a0f2 | 810e c0f2 | e203 00aa 

  0x00000001109b7cc8: ; ImmutableOopMap {[168]=Oop [176]=Oop [184]=Oop [240]=Oop }
                      ;*invokestatic isIllegalArgument {reexecute=0 rethrow=0 return_oop=0}
                      ; - jdk.internal.reflect.DirectMethodHandleAccessor::isIllegalArgument@3 (line 192)
                      ; - jdk.internal.reflect.DirectMethodHandleAccessor::invoke@58 (line 113)
                      ;   {static_call}
  0x00000001109b7cc8: fe0e b495 

  0x00000001109b7ccc: ;   {post_call_nop}
  0x00000001109b7ccc: 1f20 03d5 | 9f90 83f2 | 1f00 82f2 | 0000 0012 | 1f00 0071 

  0x00000001109b7ce0: ;   {metadata(method data for {method} {0x00001ffe002a5db0} 'invoke' '(Ljava/lang/Object;[Ljava/lang/Object;)Ljava/lang/Object;' in 'jdk/internal/reflect/DirectMethodHandleAccessor')}
  0x00000001109b7ce0: 007c 81d2 | 80e3 a6f2 | 2000 c0f2 | 084a 80d2 | 094c 80d2 | 0101 899a | 0268 61f8 | 4204 0091 
  0x00000001109b7d00: 0268 21f8 | a012 0054 | 7300 0014 | 8087 42f9 | 9f87 02f9 | 9f8b 02f9 | e07f 00f9 | e157 40f9 
  0x00000001109b7d20: ;   {metadata(method data for {method} {0x00001ffe002a5db0} 'invoke' '(Ljava/lang/Object;[Ljava/lang/Object;)Ljava/lang/Object;' in 'jdk/internal/reflect/DirectMethodHandleAccessor')}
  0x00000001109b7d20: 027c 81d2 | 82e3 a6f2 | 2200 c0f2 | 48d8 40f9 | 0805 0091 | 48d8 00f9 

  0x00000001109b7d38: ;   {metadata(method data for {method} {0x00001ffe00440ec0} 'isIllegalArgument' '(Ljava/lang/RuntimeException;)Z' in 'jdk/internal/reflect/DirectMethodHandleAccessor')}
  0x00000001109b7d38: 0141 83d2 | 81e3 a6f2 | 2100 c0f2 | 22ac 40b9 | 4208 0011 | 22ac 00b9 | 424c 1f12 | 5f00 0071 
  0x00000001109b7d58: e02d 0054 

  0x00000001109b7d5c: ;   {oop(a 'java/lang/Class'{0x0000007400093320} = 'jdk/internal/reflect/DirectMethodHandleAccessor')}
  0x00000001109b7d5c: 0164 86d2 | 2101 a0f2 | 810e c0f2 | e203 00aa 

  0x00000001109b7d6c: ; ImmutableOopMap {[168]=Oop [176]=Oop [184]=Oop [248]=Oop }
                      ;*invokestatic isIllegalArgument {reexecute=0 rethrow=0 return_oop=0}
                      ; - jdk.internal.reflect.DirectMethodHandleAccessor::isIllegalArgument@3 (line 192)
                      ; - jdk.internal.reflect.DirectMethodHandleAccessor::invoke@30 (line 106)
                      ;   {static_call}
  0x00000001109b7d6c: d50e b495 

  0x00000001109b7d70: ;   {post_call_nop}
  0x00000001109b7d70: 1f20 03d5 | 1fa5 83f2 | 1f20 82f2 | 0300 0012 | 7f00 0071 

  0x00000001109b7d84: ;   {metadata(method data for {method} {0x00001ffe002a5db0} 'invoke' '(Ljava/lang/Object;[Ljava/lang/Object;)Ljava/lang/Object;' in 'jdk/internal/reflect/DirectMethodHandleAccessor')}
  0x00000001109b7d84: 037c 81d2 | 83e3 a6f2 | 2300 c0f2 | e80f 7bb2 | e913 7cb2 | 0001 899a | 6468 60f8 | 8404 0091 
  0x00000001109b7da4: 6468 20f8 | 8004 0054 

  0x00000001109b7dac: ; ImmutableOopMap {[168]=Oop [176]=Oop [184]=Oop [248]=Oop }
                      ;*new {reexecute=0 rethrow=0 return_oop=0}
                      ; - jdk.internal.reflect.DirectMethodHandleAccessor::invoke@36 (line 108)
                      ;   {runtime_call C1 Runtime load_mirror_patching_blob}
  0x00000001109b7dac: b577 b795 | 80e7 40f9 | 0ba0 0091 | 88ef 40f9 | 7f01 08eb | a82b 0054 | 8be7 00f9 | ea03 40b2 
  0x00000001109b7dcc: 0a00 00f9 | 6a2c 5fd2 | 0a7c 0129 | 0a40 0091 | 5f01 00f9 | 5ffd 00a9 | bf3a 03d5 | e203 00aa 
  0x00000001109b7dec: ;   {metadata(method data for {method} {0x00001ffe002a5db0} 'invoke' '(Ljava/lang/Object;[Ljava/lang/Object;)Ljava/lang/Object;' in 'jdk/internal/reflect/DirectMethodHandleAccessor')}
  0x00000001109b7dec: 017c 81d2 | 81e3 a6f2 | 2100 c0f2 | 2800 41f9 | 0805 0091 | 2800 01f9 

  0x00000001109b7e04: ;   {oop("argument type mismatch"{0x0000007400005f08})}
  0x00000001109b7e04: 02e1 8bd2 | 0200 a0f2 | 820e c0f2 | e103 00aa | e083 00f9 

  0x00000001109b7e18: ; ImmutableOopMap {[168]=Oop [176]=Oop [184]=Oop [248]=Oop [256]=Oop }
                      ;*invokespecial <init> {reexecute=0 rethrow=0 return_oop=0}
                      ; - jdk.internal.reflect.DirectMethodHandleAccessor::invoke@42 (line 108)
                      ;   {optimized virtual_call}
  0x00000001109b7e18: aa0d b495 

  0x00000001109b7e1c: ;   {post_call_nop}
  0x00000001109b7e1c: 1f20 03d5 | 9fba 83f2 | 1f60 82f2 

  0x00000001109b7e28: ; ImmutableOopMap {c_rarg0=Oop [168]=Oop [176]=Oop [184]=Oop [248]=Oop }
                      ;*athrow {reexecute=1 rethrow=0 return_oop=0}
                      ; - (reexecute) jdk.internal.reflect.DirectMethodHandleAccessor::invoke@45 (line 108)
  0x00000001109b7e28: e083 40f9 

  0x00000001109b7e2c: ;   {section_word}
  0x00000001109b7e2c: 0300 0010 

  0x00000001109b7e30: ;   {runtime_call C1 Runtime handle_exception_nofpu_blob}
  0x00000001109b7e30: 846f b795 | 1f20 03d5 | e07f 40f9 

  0x00000001109b7e3c: ; ImmutableOopMap {c_rarg0=Oop [168]=Oop [176]=Oop [184]=Oop [248]=Oop }
                      ;*new {reexecute=0 rethrow=0 return_oop=0}
                      ; - jdk.internal.reflect.DirectMethodHandleAccessor::invoke@46 (line 110)
                      ;   {runtime_call C1 Runtime load_mirror_patching_blob}
  0x00000001109b7e3c: 9177 b795 | e503 00aa | 6800 0591 | 08fd df08 | 1f11 0071 

  0x00000001109b7e50: ; implicit exception: dispatches to 0x00000001109b833c
  0x00000001109b7e50: 8127 0054 | 80e7 40f9 | 0ba0 0091 | 88ef 40f9 | 7f01 08eb | e826 0054 | 8be7 00f9 | ea03 40b2 
  0x00000001109b7e70: 0a00 00f9 | 6a2c 5fd2 | 0a7c 0129 | 0a40 0091 | 5f01 00f9 | 5ffd 00a9 | bf3a 03d5 | e203 00aa 
  0x00000001109b7e90: ;   {metadata(method data for {method} {0x00001ffe002a5db0} 'invoke' '(Ljava/lang/Object;[Ljava/lang/Object;)Ljava/lang/Object;' in 'jdk/internal/reflect/DirectMethodHandleAccessor')}
  0x00000001109b7e90: 017c 81d2 | 81e3 a6f2 | 2100 c0f2 | 2808 41f9 | 0805 0091 | 2808 01f9 | e203 05aa | e103 00aa 
  0x00000001109b7eb0: e087 00f9 

  0x00000001109b7eb4: ; ImmutableOopMap {[168]=Oop [176]=Oop [184]=Oop [248]=Oop [264]=Oop }
                      ;*invokespecial <init> {reexecute=0 rethrow=0 return_oop=0}
                      ; - jdk.internal.reflect.DirectMethodHandleAccessor::invoke@51 (line 110)
                      ;   {optimized virtual_call}
  0x00000001109b7eb4: 830d b495 

  0x00000001109b7eb8: ;   {post_call_nop}
  0x00000001109b7eb8: 1f20 03d5 | 1fce 83f2 | 1fc0 82f2 

  0x00000001109b7ec4: ; ImmutableOopMap {c_rarg0=Oop [168]=Oop [176]=Oop [184]=Oop [248]=Oop }
                      ;*athrow {reexecute=1 rethrow=0 return_oop=0}
                      ; - (reexecute) jdk.internal.reflect.DirectMethodHandleAccessor::invoke@54 (line 110)
  0x00000001109b7ec4: e087 40f9 

  0x00000001109b7ec8: ;   {section_word}
  0x00000001109b7ec8: 0300 0010 

  0x00000001109b7ecc: ;   {runtime_call C1 Runtime handle_exception_nofpu_blob}
  0x00000001109b7ecc: 5d6f b795 | 1f20 03d5 

  0x00000001109b7ed4: ; ImmutableOopMap {[168]=Oop [176]=Oop [184]=Oop [240]=Oop }
                      ;*new {reexecute=0 rethrow=0 return_oop=0}
                      ; - jdk.internal.reflect.DirectMethodHandleAccessor::invoke@64 (line 114)
                      ;   {runtime_call C1 Runtime load_mirror_patching_blob}
  0x00000001109b7ed4: 6b77 b795 | 80e7 40f9 | 0ba0 0091 | 88ef 40f9 | 7f01 08eb | 0823 0054 | 8be7 00f9 | ea03 40b2 
  0x00000001109b7ef4: 0a00 00f9 | 6a2c 5fd2 | 0a7c 0129 | 0a40 0091 | 5f01 00f9 | 5ffd 00a9 | bf3a 03d5 | e203 00aa 
  0x00000001109b7f14: ;   {metadata(method data for {method} {0x00001ffe002a5db0} 'invoke' '(Ljava/lang/Object;[Ljava/lang/Object;)Ljava/lang/Object;' in 'jdk/internal/reflect/DirectMethodHandleAccessor')}
  0x00000001109b7f14: 017c 81d2 | 81e3 a6f2 | 2100 c0f2 | 2838 41f9 | 0805 0091 | 2838 01f9 | e27b 40f9 | e103 00aa 
  0x00000001109b7f34: e08b 00f9 

  0x00000001109b7f38: ; ImmutableOopMap {[168]=Oop [176]=Oop [184]=Oop [240]=Oop [272]=Oop }
                      ;*invokespecial <init> {reexecute=0 rethrow=0 return_oop=0}
                      ; - jdk.internal.reflect.DirectMethodHandleAccessor::invoke@69 (line 114)
                      ;   {optimized virtual_call}
  0x00000001109b7f38: 620d b495 

  0x00000001109b7f3c: ;   {post_call_nop}
  0x00000001109b7f3c: 1f20 03d5 | 9fde 83f2 | 1f20 83f2 

  0x00000001109b7f48: ; ImmutableOopMap {c_rarg0=Oop [168]=Oop [176]=Oop [184]=Oop [240]=Oop }
                      ;*athrow {reexecute=1 rethrow=0 return_oop=0}
                      ; - (reexecute) jdk.internal.reflect.DirectMethodHandleAccessor::invoke@72 (line 114)
  0x00000001109b7f48: e08b 40f9 

  0x00000001109b7f4c: ;   {section_word}
  0x00000001109b7f4c: 0300 0010 

  0x00000001109b7f50: ;   {runtime_call C1 Runtime handle_exception_nofpu_blob}
  0x00000001109b7f50: 3c6f b795 | 1f20 03d5 | e07b 40f9 

  0x00000001109b7f5c: ; ImmutableOopMap {c_rarg0=Oop [168]=Oop [176]=Oop [184]=Oop [240]=Oop }
                      ;*new {reexecute=0 rethrow=0 return_oop=0}
                      ; - jdk.internal.reflect.DirectMethodHandleAccessor::invoke@73 (line 116)
                      ;   {runtime_call C1 Runtime load_mirror_patching_blob}
  0x00000001109b7f5c: 4977 b795 | e503 00aa | 6800 0591 | 08fd df08 | 1f11 0071 

  0x00000001109b7f70: ; implicit exception: dispatches to 0x00000001109b8350
  0x00000001109b7f70: 211f 0054 | 80e7 40f9 | 0ba0 0091 | 88ef 40f9 | 7f01 08eb | 881e 0054 | 8be7 00f9 | ea03 40b2 
  0x00000001109b7f90: 0a00 00f9 | 6a2c 5fd2 | 0a7c 0129 | 0a40 0091 | 5f01 00f9 | 5ffd 00a9 | bf3a 03d5 | e203 00aa 
  0x00000001109b7fb0: ;   {metadata(method data for {method} {0x00001ffe002a5db0} 'invoke' '(Ljava/lang/Object;[Ljava/lang/Object;)Ljava/lang/Object;' in 'jdk/internal/reflect/DirectMethodHandleAccessor')}
  0x00000001109b7fb0: 017c 81d2 | 81e3 a6f2 | 2100 c0f2 | 2840 41f9 | 0805 0091 | 2840 01f9 | e203 05aa | e103 00aa 
  0x00000001109b7fd0: e08f 00f9 

  0x00000001109b7fd4: ; ImmutableOopMap {[168]=Oop [176]=Oop [184]=Oop [240]=Oop [280]=Oop }
                      ;*invokespecial <init> {reexecute=0 rethrow=0 return_oop=0}
                      ; - jdk.internal.reflect.DirectMethodHandleAccessor::invoke@78 (line 116)
                      ;   {optimized virtual_call}
  0x00000001109b7fd4: 3b0d b495 

  0x00000001109b7fd8: ;   {post_call_nop}
  0x00000001109b7fd8: 1f20 03d5 | 1ff2 83f2 | 1f80 83f2 

  0x00000001109b7fe4: ; ImmutableOopMap {c_rarg0=Oop [168]=Oop [176]=Oop [184]=Oop [240]=Oop }
                      ;*athrow {reexecute=1 rethrow=0 return_oop=0}
                      ; - (reexecute) jdk.internal.reflect.DirectMethodHandleAccessor::invoke@81 (line 116)
  0x00000001109b7fe4: e08f 40f9 

  0x00000001109b7fe8: ;   {section_word}
  0x00000001109b7fe8: 0300 0010 

  0x00000001109b7fec: ;   {runtime_call C1 Runtime handle_exception_nofpu_blob}
  0x00000001109b7fec: 156f b795 | 1f20 03d5 | 8087 42f9 | 9f87 02f9 | 9f8b 02f9 

  0x00000001109b8000: ; ImmutableOopMap {c_rarg0=Oop [168]=Oop [176]=Oop [184]=Oop }
                      ;*new {reexecute=0 rethrow=0 return_oop=0}
                      ; - jdk.internal.reflect.DirectMethodHandleAccessor::invoke@83 (line 119)
                      ;   {runtime_call C1 Runtime load_mirror_patching_blob}
  0x00000001109b8000: 2077 b795 | e603 00aa | 6800 0591 | 08fd df08 | 1f11 0071 

  0x00000001109b8014: ; implicit exception: dispatches to 0x00000001109b835c
  0x00000001109b8014: 611a 0054 | 80e7 40f9 | 0ba0 0091 | 88ef 40f9 | 7f01 08eb | c819 0054 | 8be7 00f9 | ea03 40b2 
  0x00000001109b8034: 0a00 00f9 | 6a2c 5fd2 | 0a7c 0129 | 0a40 0091 | 5f01 00f9 | 5ffd 00a9 | bf3a 03d5 | e303 00aa 
  0x00000001109b8054: ;   {metadata(method data for {method} {0x00001ffe002a5db0} 'invoke' '(Ljava/lang/Object;[Ljava/lang/Object;)Ljava/lang/Object;' in 'jdk/internal/reflect/DirectMethodHandleAccessor')}
  0x00000001109b8054: 047c 81d2 | 84e3 a6f2 | 2400 c0f2 | 8848 41f9 | 0805 0091 | 8848 01f9 | e203 06aa | e103 00aa 
  0x00000001109b8074: e01b 12a9 

  0x00000001109b8078: ; ImmutableOopMap {[168]=Oop [176]=Oop [184]=Oop [288]=Oop [296]=Oop }
                      ;*invokespecial <init> {reexecute=0 rethrow=0 return_oop=0}
                      ; - jdk.internal.reflect.DirectMethodHandleAccessor::invoke@88 (line 119)
                      ;   {optimized virtual_call}
  0x00000001109b8078: 120d b495 

  0x00000001109b807c: ;   {post_call_nop}
  0x00000001109b807c: 1f20 03d5 | 9f06 84f2 | 1fe0 83f2 

  0x00000001109b8088: ; ImmutableOopMap {c_rarg0=Oop [168]=Oop [176]=Oop [184]=Oop [296]=Oop }
                      ;*athrow {reexecute=1 rethrow=0 return_oop=0}
                      ; - (reexecute) jdk.internal.reflect.DirectMethodHandleAccessor::invoke@91 (line 119)
  0x00000001109b8088: e093 40f9 

  0x00000001109b808c: ;   {section_word}
  0x00000001109b808c: 0300 0010 

  0x00000001109b8090: ;   {runtime_call C1 Runtime handle_exception_nofpu_blob}
  0x00000001109b8090: ec6e b795 | 1f20 03d5 

  0x00000001109b8098: ;   {metadata({method} {0x00001ffe002a5db0} 'invoke' '(Ljava/lang/Object;[Ljava/lang/Object;)Ljava/lang/Object;' in 'jdk/internal/reflect/DirectMethodHandleAccessor')}
  0x00000001109b8098: 08b6 8bd2 | 4805 a0f2 | c8ff c3f2 | e807 00f9 | 0800 8092 | e803 00f9 

  0x00000001109b80b0: ; ImmutableOopMap {c_rarg1=Oop c_rarg2=Oop c_rarg3=Oop [168]=Oop [176]=Oop [184]=Oop }
                      ;*synchronization entry
                      ; - jdk.internal.reflect.DirectMethodHandleAccessor::invoke@-1 (line 99)
                      ;   {runtime_call C1 Runtime counter_overflow_blob}
  0x00000001109b80b0: 3478 b795 | 3df9 ff17 

  0x00000001109b80b8: ;   {metadata({method} {0x00001ffe00441230} 'isStatic' '()Z' in 'jdk/internal/reflect/DirectMethodHandleAccessor')}
  0x00000001109b80b8: 0846 82d2 | 8808 a0f2 | c8ff c3f2 | e807 00f9 | 0800 8092 | e803 00f9 

  0x00000001109b80d0: ; ImmutableOopMap {c_rarg1=Oop c_rarg2=Oop c_rarg3=Oop [168]=Oop [176]=Oop [184]=Oop }
                      ;*synchronization entry
                      ; - jdk.internal.reflect.DirectMethodHandleAccessor::isStatic@-1 (line 184)
                      ; - jdk.internal.reflect.DirectMethodHandleAccessor::invoke@1 (line 99)
                      ;   {runtime_call C1 Runtime counter_overflow_blob}
  0x00000001109b80d0: 2c78 b795 | 45f9 ff17 

  0x00000001109b80d8: ;   {metadata({method} {0x00001ffe00440f18} 'invokeImpl' '(Ljava/lang/Object;[Ljava/lang/Object;)Ljava/lang/Object;' in 'jdk/internal/reflect/DirectMethodHandleAccessor')}
  0x00000001109b80d8: 08e3 81d2 | 8808 a0f2 | c8ff c3f2 | e807 00f9 | 0800 8092 | e803 00f9 

  0x00000001109b80f0: ; ImmutableOopMap {c_rarg1=Oop [168]=Oop [176]=Oop [184]=Oop }
                      ;*synchronization entry
                      ; - jdk.internal.reflect.DirectMethodHandleAccessor::invokeImpl@-1 (line 153)
                      ; - jdk.internal.reflect.DirectMethodHandleAccessor::invoke@23 (line 104)
                      ;   {runtime_call C1 Runtime counter_overflow_blob}
  0x00000001109b80f0: 2478 b795 | 8df9 ff17 

  0x00000001109b80f8: ; ImmutableOopMap {c_rarg1=Oop c_rarg3=Oop c_rarg2=Oop c_rarg0=Oop c_rarg4=Oop [168]=Oop [176]=Oop [184]=Oop }
                      ;*invokevirtual invokeExact {reexecute=0 rethrow=0 return_oop=0}
                      ; - jdk.internal.reflect.DirectMethodHandleAccessor::invokeImpl@104 (line 158)
                      ; - jdk.internal.reflect.DirectMethodHandleAccessor::invoke@23 (line 104)
                      ;   {runtime_call C1 Runtime throw_null_pointer_exception_blob}
  0x00000001109b80f8: 426b b795 

  0x00000001109b80fc: ;   {internal_word}
  0x00000001109b80fc: c847 ff10 | 8833 02f9 

  0x00000001109b8104: ;   {runtime_call SafepointBlob}
  0x00000001109b8104: 5f26 b415 

  0x00000001109b8108: ; ImmutableOopMap {c_rarg2=Oop c_rarg3=Oop c_rarg1=Oop c_rarg0=Oop [168]=Oop [176]=Oop [184]=Oop }
                      ;*aaload {reexecute=0 rethrow=0 return_oop=0}
                      ; - jdk.internal.reflect.DirectMethodHandleAccessor::invokeImpl@85 (line 157)
                      ; - jdk.internal.reflect.DirectMethodHandleAccessor::invoke@23 (line 104)
                      ;   {runtime_call C1 Runtime throw_null_pointer_exception_blob}
  0x00000001109b8108: 3e6b b795 | 0800 80d2 | e903 03aa 

  0x00000001109b8114: ;   {runtime_call C1 Runtime throw_range_check_failed_blob}
  0x00000001109b8114: 1e30 85d2 | 3eef a2f2 | 3e00 c0f2 

  0x00000001109b8120: ; ImmutableOopMap {c_rarg2=Oop c_rarg3=Oop c_rarg1=Oop c_rarg0=Oop [168]=Oop [176]=Oop [184]=Oop }
                      ;*aaload {reexecute=0 rethrow=0 return_oop=0}
                      ; - jdk.internal.reflect.DirectMethodHandleAccessor::invokeImpl@85 (line 157)
                      ; - jdk.internal.reflect.DirectMethodHandleAccessor::invoke@23 (line 104)
  0x00000001109b8120: c003 3fd6 | e803 40b2 | e903 03aa 

  0x00000001109b812c: ;   {runtime_call C1 Runtime throw_range_check_failed_blob}
  0x00000001109b812c: 1e30 85d2 | 3eef a2f2 | 3e00 c0f2 

  0x00000001109b8138: ; ImmutableOopMap {c_rarg2=Oop c_rarg3=Oop c_rarg1=Oop c_rarg0=Oop c_rarg4=Oop [168]=Oop [176]=Oop [184]=Oop }
                      ;*aaload {reexecute=0 rethrow=0 return_oop=0}
                      ; - jdk.internal.reflect.DirectMethodHandleAccessor::invokeImpl@88 (line 157)
                      ; - jdk.internal.reflect.DirectMethodHandleAccessor::invoke@23 (line 104)
  0x00000001109b8138: c003 3fd6 | e803 7fb2 | e903 03aa 

  0x00000001109b8144: ;   {runtime_call C1 Runtime throw_range_check_failed_blob}
  0x00000001109b8144: 1e30 85d2 | 3eef a2f2 | 3e00 c0f2 

  0x00000001109b8150: ; ImmutableOopMap {c_rarg2=Oop c_rarg3=Oop c_rarg1=Oop c_rarg0=Oop c_rarg4=Oop c_rarg5=Oop [168]=Oop [176]=Oop [184]=Oop }
                      ;*aaload {reexecute=0 rethrow=0 return_oop=0}
                      ; - jdk.internal.reflect.DirectMethodHandleAccessor::invokeImpl@91 (line 157)
                      ; - jdk.internal.reflect.DirectMethodHandleAccessor::invoke@23 (line 104)
  0x00000001109b8150: c003 3fd6 

  0x00000001109b8154: ; ImmutableOopMap {c_rarg2=Oop c_rarg3=Oop c_rarg1=Oop c_rarg0=Oop c_rarg4=Oop c_rarg5=Oop c_rarg6=Oop c_rarg7=Oop [168]=Oop [176]=Oop [184]=Oop }
                      ;*invokevirtual invokeExact {reexecute=0 rethrow=0 return_oop=0}
                      ; - jdk.internal.reflect.DirectMethodHandleAccessor::invokeImpl@92 (line 157)
                      ; - jdk.internal.reflect.DirectMethodHandleAccessor::invoke@23 (line 104)
                      ;   {runtime_call C1 Runtime throw_null_pointer_exception_blob}
  0x00000001109b8154: 2b6b b795 

  0x00000001109b8158: ;   {internal_word}
  0x00000001109b8158: 085b ff10 | 8833 02f9 

  0x00000001109b8160: ;   {runtime_call SafepointBlob}
  0x00000001109b8160: 4826 b415 

  0x00000001109b8164: ; ImmutableOopMap {c_rarg3=Oop c_rarg1=Oop c_rarg2=Oop c_rarg0=Oop [168]=Oop [176]=Oop [184]=Oop [200]=Oop }
                      ;*aaload {reexecute=0 rethrow=0 return_oop=0}
                      ; - jdk.internal.reflect.DirectMethodHandleAccessor::invokeImpl@68 (line 156)
                      ; - jdk.internal.reflect.DirectMethodHandleAccessor::invoke@23 (line 104)
                      ;   {runtime_call C1 Runtime throw_null_pointer_exception_blob}
  0x00000001109b8164: 276b b795 | 0800 80d2 | e903 03aa 

  0x00000001109b8170: ;   {runtime_call C1 Runtime throw_range_check_failed_blob}
  0x00000001109b8170: 1e30 85d2 | 3eef a2f2 | 3e00 c0f2 

  0x00000001109b817c: ; ImmutableOopMap {c_rarg3=Oop c_rarg1=Oop c_rarg2=Oop c_rarg0=Oop [168]=Oop [176]=Oop [184]=Oop [200]=Oop }
                      ;*aaload {reexecute=0 rethrow=0 return_oop=0}
                      ; - jdk.internal.reflect.DirectMethodHandleAccessor::invokeImpl@68 (line 156)
                      ; - jdk.internal.reflect.DirectMethodHandleAccessor::invoke@23 (line 104)
  0x00000001109b817c: c003 3fd6 | e803 40b2 | e903 03aa 

  0x00000001109b8188: ;   {runtime_call C1 Runtime throw_range_check_failed_blob}
  0x00000001109b8188: 1e30 85d2 | 3eef a2f2 | 3e00 c0f2 

  0x00000001109b8194: ; ImmutableOopMap {c_rarg3=Oop c_rarg1=Oop c_rarg2=Oop c_rarg0=Oop c_rarg4=Oop [168]=Oop [176]=Oop [184]=Oop [192]=Oop [200]=Oop }
                      ;*aaload {reexecute=0 rethrow=0 return_oop=0}
                      ; - jdk.internal.reflect.DirectMethodHandleAccessor::invokeImpl@71 (line 156)
                      ; - jdk.internal.reflect.DirectMethodHandleAccessor::invoke@23 (line 104)
  0x00000001109b8194: c003 3fd6 

  0x00000001109b8198: ;   {metadata({method} {0x000000013640e2b0} 'invokeExact_MT' '(Ljava/lang/Object;Ljava/lang/Object;Ljava/lang/Object;Ljava/lang/Object;Ljava/lang/Object;)Ljava/lang/Object;' in 'java/lang/invoke/LambdaForm$MH+0x00001ffe01004800')}
  0x00000001109b8198: 0856 9cd2 | 08c8 a6f2 | 2800 c0f2 | e807 00f9 | 0800 8092 | e803 00f9 

  0x00000001109b81b0: ; ImmutableOopMap {c_rarg3=Oop c_rarg1=Oop c_rarg2=Oop c_rarg0=Oop c_rarg4=Oop c_rarg5=Oop [168]=Oop [176]=Oop [184]=Oop [192]=Oop [200]=Oop [208]=Oop }
                      ;*synchronization entry
                      ; - java.lang.invoke.LambdaForm$MH/0x00001ffe01004800::invokeExact_MT@-1
                      ; - jdk.internal.reflect.DirectMethodHandleAccessor::invokeImpl@72 (line 156)
                      ; - jdk.internal.reflect.DirectMethodHandleAccessor::invoke@23 (line 104)
                      ;   {runtime_call C1 Runtime counter_overflow_blob}
  0x00000001109b81b0: f477 b795 | 40fb ff17 

  0x00000001109b81b8: ;   {metadata({method} {0x00001ffe00454120} 'checkExactType' '(Ljava/lang/invoke/MethodHandle;Ljava/lang/invoke/MethodType;)V' in 'java/lang/invoke/Invokers')}
  0x00000001109b81b8: 0824 88d2 | a808 a0f2 | c8ff c3f2 | e807 00f9 | 0800 8092 | e803 00f9 

  0x00000001109b81d0: ; ImmutableOopMap {c_rarg3=Oop c_rarg1=Oop c_rarg2=Oop c_rarg0=Oop c_rarg4=Oop c_rarg5=Oop [168]=Oop [176]=Oop [184]=Oop [192]=Oop [200]=Oop [208]=Oop }
                      ;*synchronization entry
                      ; - java.lang.invoke.Invokers::checkExactType@-1 (line 529)
                      ; - java.lang.invoke.LambdaForm$MH/0x00001ffe01004800::invokeExact_MT@11
                      ; - jdk.internal.reflect.DirectMethodHandleAccessor::invokeImpl@72 (line 156)
                      ; - jdk.internal.reflect.DirectMethodHandleAccessor::invoke@23 (line 104)
                      ;   {runtime_call C1 Runtime counter_overflow_blob}
  0x00000001109b81d0: ec77 b795 | 66fb ff17 

  0x00000001109b81d8: ; ImmutableOopMap {c_rarg3=Oop c_rarg1=Oop c_rarg2=Oop c_rarg0=Oop c_rarg4=Oop c_rarg5=Oop [168]=Oop [176]=Oop [184]=Oop [192]=Oop [200]=Oop [208]=Oop }
                      ;*invokevirtual type {reexecute=0 rethrow=0 return_oop=0}
                      ; - java.lang.invoke.Invokers::checkExactType@1 (line 529)
                      ; - java.lang.invoke.LambdaForm$MH/0x00001ffe01004800::invokeExact_MT@11
                      ; - jdk.internal.reflect.DirectMethodHandleAccessor::invokeImpl@72 (line 156)
                      ; - jdk.internal.reflect.DirectMethodHandleAccessor::invoke@23 (line 104)
                      ;   {runtime_call C1 Runtime throw_null_pointer_exception_blob}
  0x00000001109b81d8: 0a6b b795 

  0x00000001109b81dc: ;   {metadata({method} {0x00001ffe00454018} 'checkCustomized' '(Ljava/lang/invoke/MethodHandle;)V' in 'java/lang/invoke/Invokers')}
  0x00000001109b81dc: 0803 88d2 | a808 a0f2 | c8ff c3f2 | e807 00f9 | 0800 8092 | e803 00f9 

  0x00000001109b81f4: ; ImmutableOopMap {c_rarg3=Oop c_rarg1=Oop c_rarg2=Oop c_rarg0=Oop c_rarg4=Oop c_rarg5=Oop [168]=Oop [176]=Oop [184]=Oop [192]=Oop [200]=Oop [208]=Oop }
                      ;*synchronization entry
                      ; - java.lang.invoke.Invokers::checkCustomized@-1 (line 622)
                      ; - java.lang.invoke.LambdaForm$MH/0x00001ffe01004800::invokeExact_MT@15
                      ; - jdk.internal.reflect.DirectMethodHandleAccessor::invokeImpl@72 (line 156)
                      ; - jdk.internal.reflect.DirectMethodHandleAccessor::invoke@23 (line 104)
                      ;   {runtime_call C1 Runtime counter_overflow_blob}
  0x00000001109b81f4: e377 b795 | c1fb ff17 

  0x00000001109b81fc: ;   {metadata({method} {0x00001ffe001e5650} 'isCompileConstant' '(Ljava/lang/Object;)Z' in 'java/lang/invoke/MethodHandleImpl')}
  0x00000001109b81fc: 08ca 8ad2 | c803 a0f2 | c8ff c3f2 | e807 00f9 | 0800 8092 | e803 00f9 

  0x00000001109b8214: ; ImmutableOopMap {c_rarg3=Oop c_rarg1=Oop c_rarg2=Oop c_rarg0=Oop c_rarg4=Oop c_rarg5=Oop [168]=Oop [176]=Oop [184]=Oop [192]=Oop [200]=Oop [208]=Oop }
                      ;*synchronization entry
                      ; - java.lang.invoke.MethodHandleImpl::isCompileConstant@-1 (line 624)
                      ; - java.lang.invoke.Invokers::checkCustomized@1 (line 622)
                      ; - java.lang.invoke.LambdaForm$MH/0x00001ffe01004800::invokeExact_MT@15
                      ; - jdk.internal.reflect.DirectMethodHandleAccessor::invokeImpl@72 (line 156)
                      ; - jdk.internal.reflect.DirectMethodHandleAccessor::invoke@23 (line 104)
                      ;   {runtime_call C1 Runtime counter_overflow_blob}
  0x00000001109b8214: db77 b795 | c8fb ff17 

  0x00000001109b821c: ; ImmutableOopMap {c_rarg3=Oop c_rarg1=Oop c_rarg2=Oop c_rarg0=Oop c_rarg4=Oop c_rarg5=Oop [168]=Oop [176]=Oop [184]=Oop [192]=Oop [200]=Oop [208]=Oop }
                      ;*getfield customized {reexecute=1 rethrow=0 return_oop=0}
                      ; - (reexecute) java.lang.invoke.Invokers::checkCustomized@12 (line 625)
                      ; - java.lang.invoke.LambdaForm$MH/0x00001ffe01004800::invokeExact_MT@15
                      ; - jdk.internal.reflect.DirectMethodHandleAccessor::invokeImpl@72 (line 156)
                      ; - jdk.internal.reflect.DirectMethodHandleAccessor::invoke@23 (line 104)
                      ;   {runtime_call C1 Runtime throw_null_pointer_exception_blob}
  0x00000001109b821c: f96a b795 

  0x00000001109b8220: ;   {internal_word}
  0x00000001109b8220: 6893 ff10 | 8833 02f9 

  0x00000001109b8228: ;   {runtime_call SafepointBlob}
  0x00000001109b8228: 1626 b415 

  0x00000001109b822c: ; ImmutableOopMap {c_rarg3=Oop c_rarg1=Oop c_rarg2=Oop c_rarg0=Oop [168]=Oop [176]=Oop [184]=Oop }
                      ;*aaload {reexecute=0 rethrow=0 return_oop=0}
                      ; - jdk.internal.reflect.DirectMethodHandleAccessor::invokeImpl@54 (line 155)
                      ; - jdk.internal.reflect.DirectMethodHandleAccessor::invoke@23 (line 104)
                      ;   {runtime_call C1 Runtime throw_null_pointer_exception_blob}
  0x00000001109b822c: f56a b795 | 0800 80d2 | e903 03aa 

  0x00000001109b8238: ;   {runtime_call C1 Runtime throw_range_check_failed_blob}
  0x00000001109b8238: 1e30 85d2 | 3eef a2f2 | 3e00 c0f2 

  0x00000001109b8244: ; ImmutableOopMap {c_rarg3=Oop c_rarg1=Oop c_rarg2=Oop c_rarg0=Oop [168]=Oop [176]=Oop [184]=Oop }
                      ;*aaload {reexecute=0 rethrow=0 return_oop=0}
                      ; - jdk.internal.reflect.DirectMethodHandleAccessor::invokeImpl@54 (line 155)
                      ; - jdk.internal.reflect.DirectMethodHandleAccessor::invoke@23 (line 104)
  0x00000001109b8244: c003 3fd6 

  0x00000001109b8248: ; ImmutableOopMap {c_rarg3=Oop c_rarg1=Oop c_rarg2=Oop c_rarg0=Oop c_rarg4=Oop c_rarg5=Oop [168]=Oop [176]=Oop [184]=Oop }
                      ;*invokevirtual invokeExact {reexecute=0 rethrow=0 return_oop=0}
                      ; - jdk.internal.reflect.DirectMethodHandleAccessor::invokeImpl@55 (line 155)
                      ; - jdk.internal.reflect.DirectMethodHandleAccessor::invoke@23 (line 104)
                      ;   {runtime_call C1 Runtime throw_null_pointer_exception_blob}
  0x00000001109b8248: ee6a b795 

  0x00000001109b824c: ;   {internal_word}
  0x00000001109b824c: 68a6 ff10 | 8833 02f9 

  0x00000001109b8254: ;   {runtime_call SafepointBlob}
  0x00000001109b8254: 0b26 b415 

  0x00000001109b8258: ;   {metadata({method} {0x00001ffe001fc6d8} 'invokeExact_MT' '(Ljava/lang/Object;Ljava/lang/Object;Ljava/lang/Object;)Ljava/lang/Object;' in 'java/lang/invoke/Invokers$Holder')}
  0x00000001109b8258: 08db 98d2 | e803 a0f2 | c8ff c3f2 | e807 00f9 | 0800 8092 | e803 00f9 

  0x00000001109b8270: ; ImmutableOopMap {c_rarg1=Oop c_rarg2=Oop c_rarg0=Oop [168]=Oop [176]=Oop [184]=Oop [216]=Oop }
                      ;*synchronization entry
                      ; - java.lang.invoke.Invokers$Holder::invokeExact_MT@-1
                      ; - jdk.internal.reflect.DirectMethodHandleAccessor::invokeImpl@41 (line 154)
                      ; - jdk.internal.reflect.DirectMethodHandleAccessor::invoke@23 (line 104)
                      ;   {runtime_call C1 Runtime counter_overflow_blob}
  0x00000001109b8270: c477 b795 | 69fd ff17 

  0x00000001109b8278: ;   {metadata({method} {0x00001ffe00454120} 'checkExactType' '(Ljava/lang/invoke/MethodHandle;Ljava/lang/invoke/MethodType;)V' in 'java/lang/invoke/Invokers')}
  0x00000001109b8278: 0824 88d2 | a808 a0f2 | c8ff c3f2 | e807 00f9 | 0800 8092 | e803 00f9 

  0x00000001109b8290: ; ImmutableOopMap {c_rarg1=Oop c_rarg2=Oop c_rarg0=Oop [168]=Oop [176]=Oop [184]=Oop [216]=Oop }
                      ;*synchronization entry
                      ; - java.lang.invoke.Invokers::checkExactType@-1 (line 529)
                      ; - java.lang.invoke.Invokers$Holder::invokeExact_MT@10
                      ; - jdk.internal.reflect.DirectMethodHandleAccessor::invokeImpl@41 (line 154)
                      ; - jdk.internal.reflect.DirectMethodHandleAccessor::invoke@23 (line 104)
                      ;   {runtime_call C1 Runtime counter_overflow_blob}
  0x00000001109b8290: bc77 b795 | 79fd ff17 

  0x00000001109b8298: ; ImmutableOopMap {c_rarg1=Oop c_rarg2=Oop c_rarg0=Oop [168]=Oop [176]=Oop [184]=Oop [216]=Oop }
                      ;*invokevirtual type {reexecute=0 rethrow=0 return_oop=0}
                      ; - java.lang.invoke.Invokers::checkExactType@1 (line 529)
                      ; - java.lang.invoke.Invokers$Holder::invokeExact_MT@10
                      ; - jdk.internal.reflect.DirectMethodHandleAccessor::invokeImpl@41 (line 154)
                      ; - jdk.internal.reflect.DirectMethodHandleAccessor::invoke@23 (line 104)
                      ;   {runtime_call C1 Runtime throw_null_pointer_exception_blob}
  0x00000001109b8298: da6a b795 

  0x00000001109b829c: ;   {metadata({method} {0x00001ffe00454018} 'checkCustomized' '(Ljava/lang/invoke/MethodHandle;)V' in 'java/lang/invoke/Invokers')}
  0x00000001109b829c: 0803 88d2 | a808 a0f2 | c8ff c3f2 | e807 00f9 | 0800 8092 | e803 00f9 

  0x00000001109b82b4: ; ImmutableOopMap {c_rarg1=Oop c_rarg2=Oop c_rarg0=Oop [168]=Oop [176]=Oop [184]=Oop [216]=Oop }
                      ;*synchronization entry
                      ; - java.lang.invoke.Invokers::checkCustomized@-1 (line 622)
                      ; - java.lang.invoke.Invokers$Holder::invokeExact_MT@14
                      ; - jdk.internal.reflect.DirectMethodHandleAccessor::invokeImpl@41 (line 154)
                      ; - jdk.internal.reflect.DirectMethodHandleAccessor::invoke@23 (line 104)
                      ;   {runtime_call C1 Runtime counter_overflow_blob}
  0x00000001109b82b4: b377 b795 | bafd ff17 

  0x00000001109b82bc: ;   {metadata({method} {0x00001ffe001e5650} 'isCompileConstant' '(Ljava/lang/Object;)Z' in 'java/lang/invoke/MethodHandleImpl')}
  0x00000001109b82bc: 08ca 8ad2 | c803 a0f2 | c8ff c3f2 | e807 00f9 | 0800 8092 | e803 00f9 

  0x00000001109b82d4: ; ImmutableOopMap {c_rarg1=Oop c_rarg2=Oop c_rarg0=Oop [168]=Oop [176]=Oop [184]=Oop [216]=Oop }
                      ;*synchronization entry
                      ; - java.lang.invoke.MethodHandleImpl::isCompileConstant@-1 (line 624)
                      ; - java.lang.invoke.Invokers::checkCustomized@1 (line 622)
                      ; - java.lang.invoke.Invokers$Holder::invokeExact_MT@14
                      ; - jdk.internal.reflect.DirectMethodHandleAccessor::invokeImpl@41 (line 154)
                      ; - jdk.internal.reflect.DirectMethodHandleAccessor::invoke@23 (line 104)
                      ;   {runtime_call C1 Runtime counter_overflow_blob}
  0x00000001109b82d4: ab77 b795 | c1fd ff17 

  0x00000001109b82dc: ; ImmutableOopMap {c_rarg1=Oop c_rarg2=Oop c_rarg0=Oop [168]=Oop [176]=Oop [184]=Oop [216]=Oop }
                      ;*getfield customized {reexecute=1 rethrow=0 return_oop=0}
                      ; - (reexecute) java.lang.invoke.Invokers::checkCustomized@12 (line 625)
                      ; - java.lang.invoke.Invokers$Holder::invokeExact_MT@14
                      ; - jdk.internal.reflect.DirectMethodHandleAccessor::invokeImpl@41 (line 154)
                      ; - jdk.internal.reflect.DirectMethodHandleAccessor::invoke@23 (line 104)
                      ;   {runtime_call C1 Runtime throw_null_pointer_exception_blob}
  0x00000001109b82dc: c96a b795 

  0x00000001109b82e0: ;   {internal_word}
  0x00000001109b82e0: 08c7 ff10 | 8833 02f9 

  0x00000001109b82e8: ;   {runtime_call SafepointBlob}
  0x00000001109b82e8: e625 b415 

  0x00000001109b82ec: ; ImmutableOopMap {c_rarg0=Oop [168]=Oop [176]=Oop [184]=Oop [216]=Oop [224]=Oop }
                      ;*athrow {reexecute=1 rethrow=0 return_oop=0}
                      ; - (reexecute) java.lang.invoke.Invokers::checkExactType@15 (line 531)
                      ; - java.lang.invoke.Invokers$Holder::invokeExact_MT@10
                      ; - jdk.internal.reflect.DirectMethodHandleAccessor::invokeImpl@41 (line 154)
                      ; - jdk.internal.reflect.DirectMethodHandleAccessor::invoke@23 (line 104)
                      ;   {runtime_call C1 Runtime throw_null_pointer_exception_blob}
  0x00000001109b82ec: c56a b795 

  0x00000001109b82f0: ; ImmutableOopMap {c_rarg0=Oop [168]=Oop [176]=Oop [184]=Oop [192]=Oop [200]=Oop [208]=Oop [232]=Oop }
                      ;*athrow {reexecute=1 rethrow=0 return_oop=0}
                      ; - (reexecute) java.lang.invoke.Invokers::checkExactType@15 (line 531)
                      ; - java.lang.invoke.LambdaForm$MH/0x00001ffe01004800::invokeExact_MT@11
                      ; - jdk.internal.reflect.DirectMethodHandleAccessor::invokeImpl@72 (line 156)
                      ; - jdk.internal.reflect.DirectMethodHandleAccessor::invoke@23 (line 104)
                      ;   {runtime_call C1 Runtime throw_null_pointer_exception_blob}
  0x00000001109b82f0: c46a b795 

  0x00000001109b82f4: ;   {metadata({method} {0x00001ffe00440ec0} 'isIllegalArgument' '(Ljava/lang/RuntimeException;)Z' in 'jdk/internal/reflect/DirectMethodHandleAccessor')}
  0x00000001109b82f4: 08d8 81d2 | 8808 a0f2 | c8ff c3f2 | e807 00f9 | 0800 8092 | e803 00f9 

  0x00000001109b830c: ; ImmutableOopMap {c_rarg0=Oop [168]=Oop [176]=Oop [184]=Oop [240]=Oop }
                      ;*synchronization entry
                      ; - jdk.internal.reflect.DirectMethodHandleAccessor::isIllegalArgument@-1 (line 192)
                      ; - jdk.internal.reflect.DirectMethodHandleAccessor::invoke@58 (line 113)
                      ;   {runtime_call C1 Runtime counter_overflow_blob}
  0x00000001109b830c: 9d77 b795 | 6afe ff17 

  0x00000001109b8314: ;   {metadata({method} {0x00001ffe00440ec0} 'isIllegalArgument' '(Ljava/lang/RuntimeException;)Z' in 'jdk/internal/reflect/DirectMethodHandleAccessor')}
  0x00000001109b8314: 08d8 81d2 | 8808 a0f2 | c8ff c3f2 | e807 00f9 | 0800 8092 | e803 00f9 

  0x00000001109b832c: ; ImmutableOopMap {c_rarg0=Oop [168]=Oop [176]=Oop [184]=Oop [248]=Oop }
                      ;*synchronization entry
                      ; - jdk.internal.reflect.DirectMethodHandleAccessor::isIllegalArgument@-1 (line 192)
                      ; - jdk.internal.reflect.DirectMethodHandleAccessor::invoke@30 (line 106)
                      ;   {runtime_call C1 Runtime counter_overflow_blob}
  0x00000001109b832c: 9577 b795 | 8bfe ff17 

  0x00000001109b8334: ; ImmutableOopMap {[168]=Oop [176]=Oop [184]=Oop [248]=Oop }
                      ;*new {reexecute=0 rethrow=0 return_oop=0}
                      ; - jdk.internal.reflect.DirectMethodHandleAccessor::invoke@36 (line 108)
                      ;   {runtime_call C1 Runtime fast_new_instance_blob}
  0x00000001109b8334: 036c b795 | acfe ff17 

  0x00000001109b833c: ; ImmutableOopMap {c_rarg5=Oop [168]=Oop [176]=Oop [184]=Oop [248]=Oop }
                      ;*new {reexecute=0 rethrow=0 return_oop=0}
                      ; - jdk.internal.reflect.DirectMethodHandleAccessor::invoke@46 (line 110)
                      ;   {runtime_call C1 Runtime throw_null_pointer_exception_blob}
  0x00000001109b833c: b16a b795 

  0x00000001109b8340: ; ImmutableOopMap {c_rarg5=Oop [168]=Oop [176]=Oop [184]=Oop [248]=Oop }
                      ;*new {reexecute=0 rethrow=0 return_oop=0}
                      ; - jdk.internal.reflect.DirectMethodHandleAccessor::invoke@46 (line 110)
                      ;   {runtime_call C1 Runtime fast_new_instance_init_check_blob}
  0x00000001109b8340: 706c b795 | d2fe ff17 

  0x00000001109b8348: ; ImmutableOopMap {[168]=Oop [176]=Oop [184]=Oop [240]=Oop }
                      ;*new {reexecute=0 rethrow=0 return_oop=0}
                      ; - jdk.internal.reflect.DirectMethodHandleAccessor::invoke@64 (line 114)
                      ;   {runtime_call C1 Runtime fast_new_instance_blob}
  0x00000001109b8348: fe6b b795 | f1fe ff17 

  0x00000001109b8350: ; ImmutableOopMap {c_rarg5=Oop [168]=Oop [176]=Oop [184]=Oop [240]=Oop }
                      ;*new {reexecute=0 rethrow=0 return_oop=0}
                      ; - jdk.internal.reflect.DirectMethodHandleAccessor::invoke@73 (line 116)
                      ;   {runtime_call C1 Runtime throw_null_pointer_exception_blob}
  0x00000001109b8350: ac6a b795 

  0x00000001109b8354: ; ImmutableOopMap {c_rarg5=Oop [168]=Oop [176]=Oop [184]=Oop [240]=Oop }
                      ;*new {reexecute=0 rethrow=0 return_oop=0}
                      ; - jdk.internal.reflect.DirectMethodHandleAccessor::invoke@73 (line 116)
                      ;   {runtime_call C1 Runtime fast_new_instance_init_check_blob}
  0x00000001109b8354: 6b6c b795 | 15ff ff17 

  0x00000001109b835c: ; ImmutableOopMap {c_rarg6=Oop [168]=Oop [176]=Oop [184]=Oop }
                      ;*new {reexecute=0 rethrow=0 return_oop=0}
                      ; - jdk.internal.reflect.DirectMethodHandleAccessor::invoke@83 (line 119)
                      ;   {runtime_call C1 Runtime throw_null_pointer_exception_blob}
  0x00000001109b835c: a96a b795 

  0x00000001109b8360: ; ImmutableOopMap {c_rarg6=Oop [168]=Oop [176]=Oop [184]=Oop }
                      ;*new {reexecute=0 rethrow=0 return_oop=0}
                      ; - jdk.internal.reflect.DirectMethodHandleAccessor::invoke@83 (line 119)
                      ;   {runtime_call C1 Runtime fast_new_instance_init_check_blob}
  0x00000001109b8360: 686c b795 | 3bff ff17 | 8087 42f9 | 9f87 02f9 | 9f8b 02f9 | fd7b 54a9 | ff43 0591 

  0x00000001109b837c: ;   {runtime_call C1 Runtime unwind_exception_blob}
  0x00000001109b837c: b168 b715 
[Stub Code]
  0x00000001109b8380: ;   {no_reloc}
  0x00000001109b8380: 4800 0058 | 0001 1fd6 | 00ea a310 | 0100 0000 

  0x00000001109b8390: ;   {trampoline_stub}
  0x00000001109b8390: 4800 0058 | 0001 1fd6 | 00d4 a310 | 0100 0000 

  0x00000001109b83a0: ;   {static_stub}
  0x00000001109b83a0: df3f 03d5 

  0x00000001109b83a4: ;   {metadata(nullptr)}
  0x00000001109b83a4: 0c00 80d2 | 0c00 a0f2 | 0c00 c0f2 | 0800 80d2 | 0800 a0f2 | 0800 c0f2 | 0001 1fd6 

  0x00000001109b83c0: ;   {trampoline_stub}
  0x00000001109b83c0: 4800 0058 | 0001 1fd6 | c0b4 6b17 | 0100 0000 

  0x00000001109b83d0: ;   {static_stub}
  0x00000001109b83d0: df3f 03d5 

  0x00000001109b83d4: ;   {metadata(nullptr)}
  0x00000001109b83d4: 0c00 80d2 | 0c00 a0f2 | 0c00 c0f2 | 0800 80d2 | 0800 a0f2 | 0800 c0f2 | 0001 1fd6 

  0x00000001109b83f0: ;   {trampoline_stub}
  0x00000001109b83f0: 4800 0058 | 0001 1fd6 | c0b4 6b17 | 0100 0000 

  0x00000001109b8400: ;   {trampoline_stub}
  0x00000001109b8400: 4800 0058 | 0001 1fd6 | c0b8 6b17 | 0100 0000 

  0x00000001109b8410: ;   {trampoline_stub}
  0x00000001109b8410: 4800 0058 | 0001 1fd6 | c0b4 6b17 | 0100 0000 

  0x00000001109b8420: ;   {static_stub}
  0x00000001109b8420: df3f 03d5 

  0x00000001109b8424: ;   {metadata(nullptr)}
  0x00000001109b8424: 0c00 80d2 | 0c00 a0f2 | 0c00 c0f2 | 0800 80d2 | 0800 a0f2 | 0800 c0f2 | 0001 1fd6 

  0x00000001109b8440: ;   {trampoline_stub}
  0x00000001109b8440: 4800 0058 | 0001 1fd6 | c0b4 6b17 | 0100 0000 

  0x00000001109b8450: ;   {trampoline_stub}
  0x00000001109b8450: 4800 0058 | 0001 1fd6 | 0043 4310 | 0100 0000 

  0x00000001109b8460: ;   {trampoline_stub}
  0x00000001109b8460: 4800 0058 | 0001 1fd6 | 0021 c117 | 0100 0000 

  0x00000001109b8470: ;   {trampoline_stub}
  0x00000001109b8470: 4800 0058 | 0001 1fd6 | c0b8 6b17 | 0100 0000 

  0x00000001109b8480: ;   {trampoline_stub}
  0x00000001109b8480: 4800 0058 | 0001 1fd6 | c0b8 6b17 | 0100 0000 

  0x00000001109b8490: ;   {static_stub}
  0x00000001109b8490: df3f 03d5 

  0x00000001109b8494: ;   {metadata(nullptr)}
  0x00000001109b8494: 0c00 80d2 | 0c00 a0f2 | 0c00 c0f2 | 0800 80d2 | 0800 a0f2 | 0800 c0f2 | 0001 1fd6 

  0x00000001109b84b0: ;   {trampoline_stub}
  0x00000001109b84b0: 4800 0058 | 0001 1fd6 | c0b8 6b17 | 0100 0000 

  0x00000001109b84c0: ;   {static_stub}
  0x00000001109b84c0: df3f 03d5 

  0x00000001109b84c4: ;   {metadata(nullptr)}
  0x00000001109b84c4: 0c00 80d2 | 0c00 a0f2 | 0c00 c0f2 | 0800 80d2 | 0800 a0f2 | 0800 c0f2 | 0001 1fd6 

  0x00000001109b84e0: ;   {trampoline_stub}
  0x00000001109b84e0: 4800 0058 | 0001 1fd6 | c0b8 6b17 | 0100 0000 

  0x00000001109b84f0: ;   {trampoline_stub}
  0x00000001109b84f0: 4800 0058 | 0001 1fd6 | c0b4 6b17 | 0100 0000 

  0x00000001109b8500: ;   {static_stub}
  0x00000001109b8500: df3f 03d5 

  0x00000001109b8504: ;   {metadata(nullptr)}
  0x00000001109b8504: 0c00 80d2 | 0c00 a0f2 | 0c00 c0f2 | 0800 80d2 | 0800 a0f2 | 0800 c0f2 | 0001 1fd6 

  0x00000001109b8520: ;   {trampoline_stub}
  0x00000001109b8520: 4800 0058 | 0001 1fd6 | c0b4 6b17 | 0100 0000 

  0x00000001109b8530: ;   {trampoline_stub}
  0x00000001109b8530: 4800 0058 | 0001 1fd6 | c0b4 6b17 | 0100 0000 

  0x00000001109b8540: ;   {static_stub}
  0x00000001109b8540: df3f 03d5 

  0x00000001109b8544: ;   {metadata(nullptr)}
  0x00000001109b8544: 0c00 80d2 | 0c00 a0f2 | 0c00 c0f2 | 0800 80d2 | 0800 a0f2 | 0800 c0f2 | 0001 1fd6 

  0x00000001109b8560: ;   {trampoline_stub}
  0x00000001109b8560: 4800 0058 | 0001 1fd6 | c0b4 6b17 | 0100 0000 

  0x00000001109b8570: ;   {static_stub}
  0x00000001109b8570: df3f 03d5 

  0x00000001109b8574: ;   {metadata(nullptr)}
  0x00000001109b8574: 0c00 80d2 | 0c00 a0f2 | 0c00 c0f2 | 0800 80d2 | 0800 a0f2 | 0800 c0f2 | 0001 1fd6 

  0x00000001109b8590: ;   {trampoline_stub}
  0x00000001109b8590: 4800 0058 | 0001 1fd6 | c0b4 6b17 | 0100 0000 

  0x00000001109b85a0: ;   {static_stub}
  0x00000001109b85a0: df3f 03d5 

  0x00000001109b85a4: ;   {metadata(nullptr)}
  0x00000001109b85a4: 0c00 80d2 | 0c00 a0f2 | 0c00 c0f2 | 0800 80d2 | 0800 a0f2 | 0800 c0f2 | 0001 1fd6 

  0x00000001109b85c0: ;   {static_stub}
  0x00000001109b85c0: df3f 03d5 

  0x00000001109b85c4: ;   {metadata(nullptr)}
  0x00000001109b85c4: 0c00 80d2 | 0c00 a0f2 | 0c00 c0f2 | 0800 80d2 | 0800 a0f2 | 0800 c0f2 | 0001 1fd6 

  0x00000001109b85e0: ;   {static_stub}
  0x00000001109b85e0: df3f 03d5 

  0x00000001109b85e4: ;   {metadata(nullptr)}
  0x00000001109b85e4: 0c00 80d2 | 0c00 a0f2 | 0c00 c0f2 | 0800 80d2 | 0800 a0f2 | 0800 c0f2 | 0001 1fd6 

  0x00000001109b8600: ;   {static_stub}
  0x00000001109b8600: df3f 03d5 

  0x00000001109b8604: ;   {metadata(nullptr)}
  0x00000001109b8604: 0c00 80d2 | 0c00 a0f2 | 0c00 c0f2 | 0800 80d2 | 0800 a0f2 | 0800 c0f2 | 0001 1fd6 

  0x00000001109b8620: ;   {static_stub}
  0x00000001109b8620: df3f 03d5 

  0x00000001109b8624: ;   {metadata(nullptr)}
  0x00000001109b8624: 0c00 80d2 | 0c00 a0f2 | 0c00 c0f2 | 0800 80d2 | 0800 a0f2 | 0800 c0f2 | 0001 1fd6 

  0x00000001109b8640: ;   {static_stub}
  0x00000001109b8640: df3f 03d5 

  0x00000001109b8644: ;   {metadata(nullptr)}
  0x00000001109b8644: 0c00 80d2 | 0c00 a0f2 | 0c00 c0f2 | 0800 80d2 | 0800 a0f2 | 0800 c0f2 | 0001 1fd6 

  0x00000001109b8660: ;   {static_stub}
  0x00000001109b8660: df3f 03d5 

  0x00000001109b8664: ;   {metadata({method} {0x00001ffe00441180} 'checkReceiver' '(Ljava/lang/Object;)V' in 'jdk/internal/reflect/DirectMethodHandleAccessor')}
  0x00000001109b8664: 0c30 82d2 | 8c08 a0f2 | ccff c3f2 | 0832 81d2 | 88ed a2f2 | 2800 c0f2 | 0001 1fd6 

  0x00000001109b8680: ;   {static_stub}
  0x00000001109b8680: df3f 03d5 

  0x00000001109b8684: ;   {metadata({method} {0x00001ffe00440fc8} 'checkArgumentCount' '(I[Ljava/lang/Object;)V' in 'jdk/internal/reflect/DirectMethodHandleAccessor')}
  0x00000001109b8684: 0cf9 81d2 | 8c08 a0f2 | ccff c3f2 | 88c2 94d2 | 48ed a2f2 | 2800 c0f2 | 0001 1fd6 
[Exception Handler]
  0x00000001109b86a0: ;   {runtime_call C1 Runtime handle_exception_from_callee_blob}
  0x00000001109b86a0: 386e b795 | c1d5 bbd4 | fdd9 0d07 | 0100 0000 
[Deopt Handler Code]
  0x00000001109b86b0: 1e00 0010 

  0x00000001109b86b4: ;   {runtime_call DeoptimizationBlob}
  0x00000001109b86b4: 7325 b415 
[Deopt MH Handler Code]
  0x00000001109b86b8: 1e00 0010 

  0x00000001109b86bc: ;   {runtime_call DeoptimizationBlob}
  0x00000001109b86bc: 7125 b415 
[/MachCode]


---------------  P R O C E S S  ---------------

Threads class SMR info:
_java_thread_list=0x0000000a470cd000, length=20, elements={
0x0000000101384de0, 0x0000000a4744c000, 0x0000000a4744c800, 0x0000000a4744d000,
0x0000000a4744d800, 0x0000000a4744e000, 0x0000000a4744e800, 0x0000000a4744f000,
0x0000000a4744f800, 0x0000000a47268000, 0x0000000a47268800, 0x0000000a47269000,
0x0000000a47335000, 0x0000000a47337000, 0x0000000a51b51800, 0x0000000a494ce800,
0x0000000a51b52000, 0x0000000a51b70000, 0x0000000a5293d000, 0x0000000a5295f000
}

Java Threads: ( => current thread )
=>0x0000000101384de0 JavaThread "main"                              [_thread_in_Java, id=5379, stack(0x000000016f39c000,0x000000016f59f000) (2060K)]
  0x0000000a4744c000 JavaThread "Reference Handler"          daemon [_thread_blocked, id=25091, stack(0x0000000170514000,0x0000000170717000) (2060K)]
  0x0000000a4744c800 JavaThread "Finalizer"                  daemon [_thread_blocked, id=29443, stack(0x0000000170720000,0x0000000170923000) (2060K)]
  0x0000000a4744d000 JavaThread "Signal Dispatcher"          daemon [_thread_blocked, id=25347, stack(0x000000017092c000,0x0000000170b2f000) (2060K)]
  0x0000000a4744d800 JavaThread "Service Thread"             daemon [_thread_blocked, id=28675, stack(0x0000000170b38000,0x0000000170d3b000) (2060K)]
  0x0000000a4744e000 JavaThread "Monitor Deflation Thread"   daemon [_thread_blocked, id=28419, stack(0x0000000170d44000,0x0000000170f47000) (2060K)]
  0x0000000a4744e800 JavaThread "C2 CompilerThread0"         daemon [_thread_blocked, id=26115, stack(0x0000000170f50000,0x0000000171153000) (2060K)]
  0x0000000a4744f000 JavaThread "C1 CompilerThread0"         daemon [_thread_blocked, id=27907, stack(0x000000017115c000,0x000000017135f000) (2060K)]
  0x0000000a4744f800 JavaThread "JDWP Transport Listener: dt_socket" daemon [_thread_blocked, id=26627, stack(0x0000000171368000,0x000000017156b000) (2060K)]
  0x0000000a47268000 JavaThread "JDWP Event Helper Thread"   daemon [_thread_blocked, id=26883, stack(0x0000000171574000,0x0000000171777000) (2060K)]
  0x0000000a47268800 JavaThread "JDWP Command Reader"        daemon [_thread_in_native, id=27139, stack(0x0000000171780000,0x0000000171983000) (2060K)]
  0x0000000a47269000 JavaThread "Common-Cleaner"             daemon [_thread_blocked, id=43267, stack(0x000000017198c000,0x0000000171b8f000) (2060K)]
  0x0000000a47335000 JavaThread "Notification Thread"        daemon [_thread_blocked, id=33539, stack(0x0000000171da4000,0x0000000171fa7000) (2060K)]
  0x0000000a47337000 JavaThread "ReaderThread"                      [_thread_in_native, id=34051, stack(0x0000000171fb0000,0x00000001721b3000) (2060K)]
  0x0000000a51b51800 JavaThread "VirtualThread-unblocker"    daemon [_thread_blocked, id=24071, stack(0x0000000171b98000,0x0000000171d9b000) (2060K)]
  0x0000000a494ce800 JavaThread "Read-Poller"                daemon [_thread_in_native, id=34827, stack(0x0000000173a4c000,0x0000000173c4f000) (2060K)]
  0x0000000a51b52000 JavaThread "Write-Poller"               daemon [_thread_in_native, id=39683, stack(0x0000000173c58000,0x0000000173e5b000) (2060K)]
  0x0000000a51b70000 JavaThread "VirtualThread-unparker"     daemon [_thread_blocked, id=39427, stack(0x0000000173e64000,0x0000000174067000) (2060K)]
  0x0000000a5293d000 JavaThread "tend"                       daemon [_thread_blocked, id=40227, stack(0x0000000173634000,0x0000000173837000) (2060K)]
  0x0000000a5295f000 JavaThread "indexMonitorThread"         daemon [_thread_blocked, id=37443, stack(0x0000000173840000,0x0000000173a43000) (2060K)]
Total: 20

Other Threads:
  0x0000000a46c62800 VMThread "VM Thread"                           [id=18435, stack(0x00000001701f0000,0x00000001703f3000) (2060K)]
  0x0000000a46c62000 WatcherThread "VM Periodic Task Thread"        [id=21007, stack(0x000000016ffe4000,0x00000001701e7000) (2060K)]
  0x000000010138e5b0 WorkerThread "GC Thread#0"                     [id=13827, stack(0x000000016f5a8000,0x000000016f7ab000) (2060K)]
  0x0000000a46e5a000 WorkerThread "GC Thread#1"                     [id=42755, stack(0x00000001723c8000,0x00000001725cb000) (2060K)]
  0x0000000a46e5a400 WorkerThread "GC Thread#2"                     [id=42243, stack(0x00000001725d4000,0x00000001727d7000) (2060K)]
  0x0000000a46e5a800 WorkerThread "GC Thread#3"                     [id=35075, stack(0x00000001727e0000,0x00000001729e3000) (2060K)]
  0x0000000a46e5ac00 WorkerThread "GC Thread#4"                     [id=35587, stack(0x00000001729ec000,0x0000000172bef000) (2060K)]
  0x0000000a46e5b000 WorkerThread "GC Thread#5"                     [id=36099, stack(0x0000000172bf8000,0x0000000172dfb000) (2060K)]
  0x0000000a46e5b400 WorkerThread "GC Thread#6"                     [id=41475, stack(0x0000000172e04000,0x0000000173007000) (2060K)]
  0x0000000a46e5b800 WorkerThread "GC Thread#7"                     [id=36611, stack(0x0000000173010000,0x0000000173213000) (2060K)]
  0x0000000a46e5bc00 WorkerThread "GC Thread#8"                     [id=40963, stack(0x000000017321c000,0x000000017341f000) (2060K)]
  0x000000010138f400 ConcurrentGCThread "G1 Main Marker"            [id=13571, stack(0x000000016f7b4000,0x000000016f9b7000) (2060K)]
  0x0000000a46c60400 WorkerThread "G1 Conc#0"                       [id=13059, stack(0x000000016f9c0000,0x000000016fbc3000) (2060K)]
  0x0000000a46a20000 WorkerThread "G1 Conc#1"                       [id=40707, stack(0x0000000173428000,0x000000017362b000) (2060K)]
  0x0000000101391dd0 ConcurrentGCThread "G1 Refine#0"               [id=16643, stack(0x000000016fbcc000,0x000000016fdcf000) (2060K)]
  0x0000000a46c61000 ConcurrentGCThread "G1 Service"                [id=21251, stack(0x000000016fdd8000,0x000000016ffdb000) (2060K)]
Total: 16

Threads with active compile tasks:
Total: 0

VM state: not at safepoint (normal execution)

VM Mutex/Monitor currently owned by a thread: None

Heap address: 0x0000007000800000, size: 16384 MB, Compressed Oops mode: Non-zero disjoint base: 0x0000007000000000, Oop shift amount: 3

CDS archive(s) mapped at: [0x00001ffe00000000-0x00001ffe00d18000-0x00001ffe00d18000), size 13729792, SharedBaseAddress: 0x00001ffe00000000, ArchiveRelocationMode: 1.
Compressed class space mapped at: 0x00001ffe01000000-0x00001ffe41000000, reserved size: 1073741824
UseCompressedClassPointers 1, UseCompactObjectHeaders 0
Narrow klass pointer bits 32, Max shift 3
Narrow klass base: 0x00001ffe00000000, Narrow klass shift: 0
Encoding Range: [0x00001ffe00000000 - 0x00001fff00000000), (4294967296 bytes)
Klass Range:    [0x00001ffe00000000 - 0x00001ffe41000000), (1090519040 bytes)
Klass ID Range:  [8 - 1090519033) (1090519025)

GC Precious Log:
 CardTable entry size: 512
 Card Set container configuration: InlinePtr #cards 4 size 8 Array Of Cards #cards 64 size 144 Howl #buckets 8 coarsen threshold 14745 Howl Bitmap #cards 2048 size 272 coarsen threshold 1843 Card regions per heap region 1 cards per card region 16384
 CPUs: 10 total, 10 available
 Memory: 65536M
 Large Page Support: Disabled
 NUMA Support: Disabled
 Compressed Oops: Enabled (Non-zero disjoint base)
 Heap Region Size: 8M
 Heap Min Capacity: 8M
 Heap Initial Capacity: 1G
 Heap Max Capacity: 16G
 Pre-touch: Disabled
 Parallel Workers: 9
 Concurrent Workers: 2
 Concurrent Refinement Workers: 9
 Periodic GC: Disabled

Heap:
 garbage-first heap   total reserved 16777216K, committed 172032K, used 57106K [0x0000007000800000, 0x0000007400800000)
  region size 8192K, 8 young (65536K), 4 survivors (32768K)
 Metaspace       used 23284K, committed 23680K, reserved 1114112K
  class space    used 2532K, committed 2688K, reserved 1048576K

Heap Regions: E=young(eden), S=young(survivor), O=old, HS=humongous(starts), HC=humongous(continues), CS=collection set, F=free, TAMS=top-at-mark-start, PB=parsable bottom
|   0|0x0000007000800000, 0x0000007000800000, 0x0000007001000000|  0%| F|  |TAMS 0x0000007000800000| PB 0x0000007000800000| Untracked |  0
|   1|0x0000007001000000, 0x0000007001000000, 0x0000007001800000|  0%| F|  |TAMS 0x0000007001000000| PB 0x0000007001000000| Untracked |  0
|   2|0x0000007001800000, 0x0000007001800000, 0x0000007002000000|  0%| F|  |TAMS 0x0000007001800000| PB 0x0000007001800000| Untracked |  0
|   3|0x0000007002000000, 0x0000007002000000, 0x0000007002800000|  0%| F|  |TAMS 0x0000007002000000| PB 0x0000007002000000| Untracked |  0
|   4|0x0000007002800000, 0x0000007002800000, 0x0000007003000000|  0%| F|  |TAMS 0x0000007002800000| PB 0x0000007002800000| Untracked |  0
|   5|0x0000007003000000, 0x0000007003000000, 0x0000007003800000|  0%| F|  |TAMS 0x0000007003000000| PB 0x0000007003000000| Untracked |  0
|   6|0x0000007003800000, 0x0000007003800000, 0x0000007004000000|  0%| F|  |TAMS 0x0000007003800000| PB 0x0000007003800000| Untracked |  0
|   7|0x0000007004000000, 0x0000007004000000, 0x0000007004800000|  0%| F|  |TAMS 0x0000007004000000| PB 0x0000007004000000| Untracked |  0
|   8|0x0000007004800000, 0x0000007004800000, 0x0000007005000000|  0%| F|  |TAMS 0x0000007004800000| PB 0x0000007004800000| Untracked |  0
|   9|0x0000007005000000, 0x0000007005000000, 0x0000007005800000|  0%| F|  |TAMS 0x0000007005000000| PB 0x0000007005000000| Untracked |  0
|  10|0x0000007005800000, 0x0000007005800000, 0x0000007006000000|  0%| F|  |TAMS 0x0000007005800000| PB 0x0000007005800000| Untracked |  0
|  11|0x0000007006000000, 0x0000007006800000, 0x0000007006800000|100%| S|CS|TAMS 0x0000007006000000| PB 0x0000007006000000| Complete |  0
|  12|0x0000007006800000, 0x0000007007000000, 0x0000007007000000|100%| S|CS|TAMS 0x0000007006800000| PB 0x0000007006800000| Complete |  0
|  13|0x0000007007000000, 0x0000007007800000, 0x0000007007800000|100%| S|CS|TAMS 0x0000007007000000| PB 0x0000007007000000| Complete |  0
|  14|0x0000007007800000, 0x0000007007ead150, 0x0000007008000000| 83%| S|CS|TAMS 0x0000007007800000| PB 0x0000007007800000| Complete |  0
| 122|0x000000703d800000, 0x000000703d800000, 0x000000703e000000|  0%| F|  |TAMS 0x000000703d800000| PB 0x000000703d800000| Untracked |  0
| 123|0x000000703e000000, 0x000000703e2222d0, 0x000000703e800000| 26%| E|  |TAMS 0x000000703e000000| PB 0x000000703e000000| Complete |  0
| 124|0x000000703e800000, 0x000000703f000000, 0x000000703f000000|100%| E|CS|TAMS 0x000000703e800000| PB 0x000000703e800000| Complete |  0
| 125|0x000000703f000000, 0x000000703f800000, 0x000000703f800000|100%| E|CS|TAMS 0x000000703f000000| PB 0x000000703f000000| Complete |  0
| 127|0x0000007040000000, 0x0000007040800000, 0x0000007040800000|100%| E|CS|TAMS 0x0000007040000000| PB 0x0000007040000000| Complete |  0
|2047|0x0000007400000000, 0x00000074001179a8, 0x0000007400800000| 13%| O|Cm|TAMS 0x0000007400000000| PB 0x0000007400000000| Complete |  0

Card table byte_map: [0x000000012114c000,0x000000012314c000] _byte_map_base: 0x00000000e9148000

Marking Bits: (CMBitMap*) 0x000000010138ec20
 Bits: [0x000000012314c000, 0x000000013314c000)

Polling page: 0x0000000100b18000

Metaspace:

Usage:
  Non-class:     20.27 MB used.
      Class:      2.47 MB used.
       Both:     22.74 MB used.

Virtual space:
  Non-class space:       64.00 MB reserved,      20.50 MB ( 32%) committed,  1 nodes.
      Class space:        1.00 GB reserved,       2.62 MB ( <1%) committed,  1 nodes.
             Both:        1.06 GB reserved,      23.12 MB (  2%) committed. 

Chunk freelists:
   Non-Class:  10.73 MB
       Class:  13.39 MB
        Both:  24.12 MB

MaxMetaspaceSize: unlimited
CompressedClassSpaceSize: 1.00 GB
Initial GC threshold: 21.00 MB
Current GC threshold: 35.12 MB
CDS: on
 - commit_granule_bytes: 65536.
 - commit_granule_words: 8192.
 - virtual_space_node_default_size: 8388608.
 - enlarge_chunks_in_place: 1.
UseCompressedClassPointers 1, UseCompactObjectHeaders 0
Narrow klass pointer bits 32, Max shift 3
Narrow klass base: 0x00001ffe00000000, Narrow klass shift: 0
Encoding Range: [0x00001ffe00000000 - 0x00001fff00000000), (4294967296 bytes)
Klass Range:    [0x00001ffe00000000 - 0x00001ffe41000000), (1090519040 bytes)
Klass ID Range:  [8 - 1090519033) (1090519025)


Internal statistics:

num_allocs_failed_limit: 3.
num_arena_births: 328.
num_arena_deaths: 0.
num_vsnodes_births: 2.
num_vsnodes_deaths: 0.
num_space_committed: 370.
num_space_uncommitted: 0.
num_chunks_returned_to_freelist: 3.
num_chunks_taken_from_freelist: 1048.
num_chunk_merges: 3.
num_chunk_splits: 720.
num_chunks_enlarged: 542.
num_inconsistent_stats: 0.

CodeHeap 'non-profiled nmethods': size=120048Kb used=2545Kb max_used=2545Kb free=117502Kb
 bounds [0x0000000117c10000, 0x0000000117e90000, 0x000000011f14c000]
CodeHeap 'profiled nmethods': size=120016Kb used=11838Kb max_used=11838Kb free=108177Kb
 bounds [0x000000011014c000, 0x0000000110cdc000, 0x0000000117680000]
CodeHeap 'non-nmethods': size=5696Kb used=1394Kb max_used=1560Kb free=4301Kb
 bounds [0x0000000117680000, 0x00000001178f0000, 0x0000000117c10000]
CodeCache: size=245760Kb, used=15777Kb, max_used=15943Kb, free=229980Kb
 total_blobs=6980, nmethods=6395, adapters=494, full_count=0
Compilation: enabled, stopped_count=0, restarted_count=0

Compilation events (20 events):
Event: 200.783 Thread 0x0000000a4744e800 6427       4       java.lang.String::decode2 (12 bytes)
Event: 200.784 Thread 0x0000000a4744e800 nmethod 6427 0x0000000117e8c388 code [0x0000000117e8c480, 0x0000000117e8c4f8]
Event: 206.669 Thread 0x0000000a4744f000 6428       3       java.lang.Thread::sleep (29 bytes)
Event: 206.670 Thread 0x0000000a4744f000 nmethod 6428 0x0000000110cd1a88 code [0x0000000110cd1c00, 0x0000000110cd1f28]
Event: 206.670 Thread 0x0000000a4744f000 6429   !   3       java.lang.Thread::sleepNanos (53 bytes)
Event: 206.671 Thread 0x0000000a4744f000 nmethod 6429 0x0000000110cd1f88 code [0x0000000110cd2180, 0x0000000110cd2a18]
Event: 206.671 Thread 0x0000000a4744f000 6430   !   3       java.lang.Thread::beforeSleep (32 bytes)
Event: 206.671 Thread 0x0000000a4744f000 nmethod 6430 0x0000000110cd2ac8 code [0x0000000110cd2c40, 0x0000000110cd2fb0]
Event: 210.804 Thread 0x0000000a4744f000 6431   !   3       java.net.Socket::getImpl (115 bytes)
Event: 210.806 Thread 0x0000000a4744f000 nmethod 6431 0x0000000110cd3048 code [0x0000000110cd3380, 0x0000000110cd4730]
Event: 235.865 Thread 0x0000000a4744f000 6432       3       java.lang.String::decodeUTF8_UTF16 (624 bytes)
Event: 235.869 Thread 0x0000000a4744f000 nmethod 6432 0x0000000110cd4888 code [0x0000000110cd4d00, 0x0000000110cd6900]
Event: 240.868 Thread 0x0000000a4744f000 6433       3       java.net.Socket::isClosed (8 bytes)
Event: 240.869 Thread 0x0000000a4744f000 nmethod 6433 0x0000000110cd6a08 code [0x0000000110cd6b40, 0x0000000110cd6d18]
Event: 240.869 Thread 0x0000000a4744f000 6434       3       java.net.DelegatingSocketImpl::setOption (10 bytes)
Event: 240.870 Thread 0x0000000a4744f000 nmethod 6434 0x0000000110cd6d48 code [0x0000000110cd6e80, 0x0000000110cd70b8]
Event: 240.870 Thread 0x0000000a4744f000 6435   !   3       sun.nio.ch.NioSocketImpl::setOption (538 bytes)
Event: 240.874 Thread 0x0000000a4744f000 nmethod 6435 0x0000000110cd7108 code [0x0000000110cd7900, 0x0000000110cda840]
Event: 240.875 Thread 0x0000000a4744f000 6436       3       java.lang.StringUTF16::newBytesLength (59 bytes)
Event: 240.876 Thread 0x0000000a4744f000 nmethod 6436 0x0000000110cdab08 code [0x0000000110cdad80, 0x0000000110cdb938]

GC Heap History (8 events):
Event: 0.560 GC heap before
{Heap before GC invocations=0 (full 0):
 garbage-first heap   total reserved 16777216K, committed 1056768K, used 42078K [0x0000007000800000, 0x0000007400800000)
  region size 8192K, 6 young (49152K), 0 survivors (0K)
 Metaspace       used 9553K, committed 9728K, reserved 1114112K
  class space    used 1085K, committed 1152K, reserved 1048576K
}
Event: 0.563 GC heap after
{Heap after GC invocations=1 (full 0):
 garbage-first heap   total reserved 16777216K, committed 1056768K, used 7447K [0x0000007000800000, 0x0000007400800000)
  region size 8192K, 1 young (8192K), 1 survivors (8192K)
 Metaspace       used 9553K, committed 9728K, reserved 1114112K
  class space    used 1085K, committed 1152K, reserved 1048576K
}
Event: 1.604 GC heap before
{Heap before GC invocations=1 (full 0):
 garbage-first heap   total reserved 16777216K, committed 1056768K, used 441623K [0x0000007000800000, 0x0000007400800000)
  region size 8192K, 54 young (442368K), 1 survivors (8192K)
 Metaspace       used 21183K, committed 21440K, reserved 1114112K
  class space    used 2241K, committed 2368K, reserved 1048576K
}
Event: 1.612 GC heap after
{Heap after GC invocations=2 (full 0):
 garbage-first heap   total reserved 16777216K, committed 1056768K, used 25498K [0x0000007000800000, 0x0000007400800000)
  region size 8192K, 3 young (24576K), 3 survivors (24576K)
 Metaspace       used 21183K, committed 21440K, reserved 1114112K
  class space    used 2241K, committed 2368K, reserved 1048576K
}
Event: 1.643 GC heap before
{Heap before GC invocations=2 (full 0):
 garbage-first heap   total reserved 16777216K, committed 1056768K, used 33690K [0x0000007000800000, 0x0000007400800000)
  region size 8192K, 5 young (40960K), 3 survivors (24576K)
 Metaspace       used 21308K, committed 21504K, reserved 1114112K
  class space    used 2252K, committed 2368K, reserved 1048576K
}
Event: 1.650 GC heap after
{Heap after GC invocations=3 (full 0):
 garbage-first heap   total reserved 16777216K, committed 1056768K, used 26068K [0x0000007000800000, 0x0000007400800000)
  region size 8192K, 4 young (32768K), 4 survivors (32768K)
 Metaspace       used 21308K, committed 21504K, reserved 1114112K
  class space    used 2252K, committed 2368K, reserved 1048576K
}
Event: 13.108 GC heap before
{Heap before GC invocations=4 (full 0):
 garbage-first heap   total reserved 16777216K, committed 139264K, used 124372K [0x0000007000800000, 0x0000007400800000)
  region size 8192K, 16 young (131072K), 4 survivors (32768K)
 Metaspace       used 22888K, committed 23232K, reserved 1114112K
  class space    used 2490K, committed 2624K, reserved 1048576K
}
Event: 13.119 GC heap after
{Heap after GC invocations=5 (full 0):
 garbage-first heap   total reserved 16777216K, committed 172032K, used 32530K [0x0000007000800000, 0x0000007400800000)
  region size 8192K, 4 young (32768K), 4 survivors (32768K)
 Metaspace       used 22888K, committed 23232K, reserved 1114112K
  class space    used 2490K, committed 2624K, reserved 1048576K
}

Dll operation events (8 events):
Event: 0.007 Loaded shared library /opt/homebrew/Cellar/openjdk/24.0.1/libexec/openjdk.jdk/Contents/Home/lib/libjava.dylib
Event: 0.099 Loaded shared library /opt/homebrew/Cellar/openjdk/24.0.1/libexec/openjdk.jdk/Contents/Home/lib/libzip.dylib
Event: 0.100 Loaded shared library /opt/homebrew/Cellar/openjdk/24.0.1/libexec/openjdk.jdk/Contents/Home/lib/libinstrument.dylib
Event: 0.103 Loaded shared library /opt/homebrew/Cellar/openjdk/24.0.1/libexec/openjdk.jdk/Contents/Home/lib/libnio.dylib
Event: 0.105 Loaded shared library /opt/homebrew/Cellar/openjdk/24.0.1/libexec/openjdk.jdk/Contents/Home/lib/libzip.dylib
Event: 0.133 Loaded shared library /opt/homebrew/Cellar/openjdk/24.0.1/libexec/openjdk.jdk/Contents/Home/lib/libnet.dylib
Event: 0.185 Loaded shared library /opt/homebrew/Cellar/openjdk/24.0.1/libexec/openjdk.jdk/Contents/Home/lib/libjimage.dylib
Event: 0.236 Loaded shared library /opt/homebrew/Cellar/openjdk/24.0.1/libexec/openjdk.jdk/Contents/Home/lib/libextnet.dylib

Deoptimization events (20 events):
Event: 220.827 Thread 0x0000000a5295f000 DEOPT PACKING pc=0x0000000110cc3fbc sp=0x0000000173a422f0
Event: 220.827 Thread 0x0000000a5295f000 DEOPT UNPACKING pc=0x00000001176c1ebc sp=0x0000000173a42030 mode 1
Event: 225.838 Thread 0x0000000a5295f000 DEOPT PACKING pc=0x0000000110c9c240 sp=0x0000000173a42220
Event: 225.838 Thread 0x0000000a5295f000 DEOPT UNPACKING pc=0x00000001176c1ebc sp=0x0000000173a41f40 mode 1
Event: 225.838 Thread 0x0000000a5295f000 DEOPT PACKING pc=0x0000000110cc3fbc sp=0x0000000173a422f0
Event: 225.838 Thread 0x0000000a5295f000 DEOPT UNPACKING pc=0x00000001176c1ebc sp=0x0000000173a42030 mode 1
Event: 230.850 Thread 0x0000000a5295f000 DEOPT PACKING pc=0x0000000110c9c240 sp=0x0000000173a42220
Event: 230.850 Thread 0x0000000a5295f000 DEOPT UNPACKING pc=0x00000001176c1ebc sp=0x0000000173a41f40 mode 1
Event: 230.850 Thread 0x0000000a5295f000 DEOPT PACKING pc=0x0000000110cc3fbc sp=0x0000000173a422f0
Event: 230.850 Thread 0x0000000a5295f000 DEOPT UNPACKING pc=0x00000001176c1ebc sp=0x0000000173a42030 mode 1
Event: 235.863 Thread 0x0000000a5295f000 DEOPT PACKING pc=0x0000000110c9c240 sp=0x0000000173a42220
Event: 235.863 Thread 0x0000000a5295f000 DEOPT UNPACKING pc=0x00000001176c1ebc sp=0x0000000173a41f40 mode 1
Event: 235.863 Thread 0x0000000a5295f000 DEOPT PACKING pc=0x0000000110cc3fbc sp=0x0000000173a422f0
Event: 235.863 Thread 0x0000000a5295f000 DEOPT UNPACKING pc=0x00000001176c1ebc sp=0x0000000173a42030 mode 1
Event: 240.876 Thread 0x0000000a5295f000 DEOPT PACKING pc=0x0000000110c9c240 sp=0x0000000173a42220
Event: 240.876 Thread 0x0000000a5295f000 DEOPT UNPACKING pc=0x00000001176c1ebc sp=0x0000000173a41f40 mode 1
Event: 240.876 Thread 0x0000000a5295f000 DEOPT PACKING pc=0x0000000110cc3fbc sp=0x0000000173a422f0
Event: 240.876 Thread 0x0000000a5295f000 DEOPT UNPACKING pc=0x00000001176c1ebc sp=0x0000000173a42030 mode 1
Event: 244.755 Thread 0x0000000101384de0 DEOPT PACKING pc=0x0000000110c7a384 sp=0x000000016f59b960
Event: 244.755 Thread 0x0000000101384de0 DEOPT UNPACKING pc=0x00000001176c1ebc sp=0x000000016f59b620 mode 0

Classes loaded (20 events):
Event: 13.123 Loading class sun/nio/ch/DefaultPollerProvider
Event: 13.123 Loading class sun/nio/ch/DefaultPollerProvider done
Event: 13.123 Loading class sun/nio/ch/Poller$Mode
Event: 13.123 Loading class sun/nio/ch/Poller$Mode done
Event: 13.123 Loading class sun/nio/ch/KQueuePoller
Event: 13.123 Loading class sun/nio/ch/KQueuePoller done
Event: 13.123 Loading class sun/nio/ch/KQueue
Event: 13.123 Loading class sun/nio/ch/KQueue done
Event: 13.126 Loading class java/util/concurrent/ScheduledThreadPoolExecutor$ScheduledFutureTask
Event: 13.126 Loading class java/util/concurrent/FutureTask
Event: 13.126 Loading class java/util/concurrent/FutureTask done
Event: 13.126 Loading class java/util/concurrent/ScheduledThreadPoolExecutor$ScheduledFutureTask done
Event: 13.127 Loading class java/util/concurrent/FutureTask$WaitNode
Event: 13.127 Loading class java/util/concurrent/FutureTask$WaitNode done
Event: 13.127 Loading class java/util/concurrent/Executors$RunnableAdapter
Event: 13.127 Loading class java/util/concurrent/Executors$RunnableAdapter done
Event: 13.127 Loading class java/util/concurrent/ThreadPoolExecutor$Worker
Event: 13.127 Loading class java/util/concurrent/ThreadPoolExecutor$Worker done
Event: 13.130 Loading class jdk/internal/event/VirtualThreadEndEvent
Event: 13.130 Loading class jdk/internal/event/VirtualThreadEndEvent done

Classes unloaded (0 events):
No events

Classes redefined (0 events):
No events

Internal exceptions (20 events):
Event: 1.849 Thread 0x0000000a5293d000 Exception <a 'java/lang/NoSuchMethodError'{0x000000700198b438}: 'long java.lang.invoke.DelegatingMethodHandle$Holder.reinvoke_L(java.lang.Object, java.lang.Object)'> (0x000000700198b438) 
thrown [src/hotspot/share/interpreter/linkResolver.cpp, line 805]
Event: 1.849 Thread 0x0000000a5293d000 Exception <a 'java/lang/NoSuchMethodError'{0x00000070019a37a0}: 'void java.lang.invoke.DelegatingMethodHandle$Holder.reinvoke_L(java.lang.Object, java.lang.Object, long)'> (0x00000070019a37a0) 
thrown [src/hotspot/share/interpreter/linkResolver.cpp, line 805]
Event: 1.850 Thread 0x0000000a5293d000 Exception <a 'java/lang/NoSuchMethodError'{0x00000070019bf9b0}: 'long java.lang.invoke.Invokers$Holder.invokeExact_MT(java.lang.Object, java.lang.Object, java.lang.Object)'> (0x00000070019bf9b0) 
thrown [src/hotspot/share/interpreter/linkResolver.cpp, line 805]
Event: 1.850 Thread 0x0000000a5293d000 Exception <a 'java/lang/NoSuchMethodError'{0x00000070019c7df0}: 'long java.lang.invoke.DirectMethodHandle$Holder.invokeStatic(java.lang.Object, java.lang.Object)'> (0x00000070019c7df0) 
thrown [src/hotspot/share/interpreter/linkResolver.cpp, line 805]
Event: 1.851 Thread 0x0000000a5293d000 Exception <a 'java/lang/NoSuchMethodError'{0x00000070019d7700}: 'long java.lang.invoke.DirectMethodHandle$Holder.invokeStatic(java.lang.Object, long, long)'> (0x00000070019d7700) 
thrown [src/hotspot/share/interpreter/linkResolver.cpp, line 805]
Event: 13.099 Thread 0x0000000101384de0 Exception <a 'java/lang/NoSuchMethodError'{0x0000007000c62a40}: 'long java.lang.invoke.DirectMethodHandle$Holder.invokeStatic(java.lang.Object, int)'> (0x0000007000c62a40) 
thrown [src/hotspot/share/interpreter/linkResolver.cpp, line 805]
Event: 13.100 Thread 0x0000000101384de0 Exception <a 'java/lang/NoSuchMethodError'{0x0000007000c731a8}: 'long java.lang.invoke.DelegatingMethodHandle$Holder.reinvoke_L(java.lang.Object, java.lang.Object, java.lang.Object, long)'> (0x0000007000c731a8) 
thrown [src/hotspot/share/interpreter/linkResolver.cpp, line 805]
Event: 13.100 Thread 0x0000000101384de0 Exception <a 'java/lang/NoSuchMethodError'{0x0000007000c7bfc0}: 'long java.lang.invoke.DirectMethodHandle$Holder.invokeSpecial(java.lang.Object, java.lang.Object, int)'> (0x0000007000c7bfc0) 
thrown [src/hotspot/share/interpreter/linkResolver.cpp, line 805]
Event: 13.131 Thread 0x0000000101384de0 Exception <a 'java/lang/IncompatibleClassChangeError'{0x000000704052cef0}: Found class java.lang.Object, but interface was expected> (0x000000704052cef0) 
thrown [src/hotspot/share/interpreter/linkResolver.cpp, line 872]
Event: 13.133 Thread 0x0000000a5293d000 Exception <a 'java/lang/InterruptedException'{0x000000703f000040}: sleep interrupted> (0x000000703f000040) 
thrown [src/hotspot/share/prims/jvm.cpp, line 2955]
Event: 13.133 Thread 0x0000000a5295f000 Exception <a 'java/lang/InterruptedException'{0x000000703f3d70f8}: sleep interrupted> (0x000000703f3d70f8) 
thrown [src/hotspot/share/prims/jvm.cpp, line 2955]
Event: 15.185 Thread 0x0000000101384de0 Exception <a 'java/lang/NoSuchMethodError'{0x00000070405dafb0}: 'java.lang.Object java.lang.invoke.DelegatingMethodHandle$Holder.reinvoke_L(java.lang.Object, java.lang.Object, java.lang.Object, java.lang.Object, int, int)'> (0x00000070405dafb0) 
thrown [src/hotspot/share/interpreter/linkResolver.cpp, line 805]
Event: 15.194 Thread 0x0000000a51b70800 Exception <a 'java/lang/InterruptedException'{0x000000703f7b92c0}: sleep interrupted> (0x000000703f7b92c0) 
thrown [src/hotspot/share/prims/jvm.cpp, line 2955]
Event: 15.194 Thread 0x0000000a51b71800 Exception <a 'java/lang/InterruptedException'{0x000000703e80a8e8}: sleep interrupted> (0x000000703e80a8e8) 
thrown [src/hotspot/share/prims/jvm.cpp, line 2955]
Event: 17.277 Thread 0x0000000a51b70800 Exception <a 'java/lang/InterruptedException'{0x000000703e8e5060}: sleep interrupted> (0x000000703e8e5060) 
thrown [src/hotspot/share/prims/jvm.cpp, line 2955]
Event: 17.277 Thread 0x0000000a51b71800 Exception <a 'java/lang/InterruptedException'{0x000000703e878500}: sleep interrupted> (0x000000703e878500) 
thrown [src/hotspot/share/prims/jvm.cpp, line 2955]
Event: 19.313 Thread 0x0000000101384de0 Exception <a 'java/lang/NoSuchMethodError'{0x000000704077dc30}: 'java.lang.Object java.lang.invoke.DirectMethodHandle$Holder.newInvokeSpecial(java.lang.Object, java.lang.Object, int, java.lang.Object)'> (0x000000704077dc30) 
thrown [src/hotspot/share/interpreter/linkResolver.cpp, line 805]
Event: 19.367 Thread 0x0000000a5295f000 Exception <a 'java/lang/InterruptedException'{0x000000703ed7df70}: sleep interrupted> (0x000000703ed7df70) 
thrown [src/hotspot/share/prims/jvm.cpp, line 2955]
Event: 19.367 Thread 0x0000000a51b73800 Exception <a 'java/lang/InterruptedException'{0x000000703ed11410}: sleep interrupted> (0x000000703ed11410) 
thrown [src/hotspot/share/prims/jvm.cpp, line 2955]
Event: 20.381 Thread 0x0000000101384de0 Exception <a 'java/lang/IncompatibleClassChangeError'{0x000000703eecd7e8}: Found class java.lang.Object, but interface was expected> (0x000000703eecd7e8) 
thrown [src/hotspot/share/interpreter/linkResolver.cpp, line 872]

VM Operations (20 events):
Event: 38.685 Executing VM operation: get/set locals
Event: 38.685 Executing VM operation: get/set locals done
Event: 38.685 Executing VM operation: get/set locals
Event: 38.685 Executing VM operation: get/set locals done
Event: 38.685 Executing VM operation: get/set locals
Event: 38.685 Executing VM operation: get/set locals done
Event: 38.685 Executing VM operation: get/set locals
Event: 38.685 Executing VM operation: get/set locals done
Event: 60.071 Executing VM operation: HandshakeAllThreads (HandshakeForDeflation)
Event: 60.071 Executing VM operation: HandshakeAllThreads (HandshakeForDeflation) done
Event: 60.071 Executing VM operation: RendezvousGCThreads
Event: 60.071 Executing VM operation: RendezvousGCThreads done
Event: 90.304 Executing VM operation: get/set locals
Event: 90.304 Executing VM operation: get/set locals done
Event: 244.755 Executing VM operation: ChangeSingleStep
Event: 244.755 Executing VM operation: ChangeSingleStep done
Event: 244.755 Executing VM operation: ChangeSingleStep
Event: 244.755 Executing VM operation: ChangeSingleStep done
Event: 244.767 Executing VM operation: ChangeSingleStep
Event: 244.767 Executing VM operation: ChangeSingleStep done

Memory protections (20 events):
Event: 13.138 Protecting memory [0x0000000173840000,0x000000017384c000] with protection modes 0
Event: 14.155 Protecting memory [0x0000000174070000,0x000000017407c000] with protection modes 0
Event: 15.163 Protecting memory [0x0000000174070000,0x000000017407c000] with protection modes 3
Event: 15.187 Protecting memory [0x0000000174070000,0x000000017407c000] with protection modes 0
Event: 15.194 Protecting memory [0x0000000173634000,0x0000000173640000] with protection modes 3
Event: 15.194 Protecting memory [0x0000000173840000,0x000000017384c000] with protection modes 3
Event: 15.197 Protecting memory [0x0000000173634000,0x0000000173640000] with protection modes 0
Event: 15.197 Protecting memory [0x0000000173840000,0x000000017384c000] with protection modes 0
Event: 16.202 Protecting memory [0x0000000174070000,0x000000017407c000] with protection modes 3
Event: 17.277 Protecting memory [0x0000000173840000,0x000000017384c000] with protection modes 3
Event: 17.277 Protecting memory [0x0000000173634000,0x0000000173640000] with protection modes 3
Event: 17.285 Protecting memory [0x0000000173634000,0x0000000173640000] with protection modes 0
Event: 17.285 Protecting memory [0x0000000173840000,0x000000017384c000] with protection modes 0
Event: 17.288 Protecting memory [0x0000000174070000,0x000000017407c000] with protection modes 0
Event: 18.293 Protecting memory [0x0000000174070000,0x000000017407c000] with protection modes 3
Event: 19.367 Protecting memory [0x0000000173634000,0x0000000173640000] with protection modes 3
Event: 19.367 Protecting memory [0x0000000173840000,0x000000017384c000] with protection modes 3
Event: 19.371 Protecting memory [0x0000000173634000,0x0000000173640000] with protection modes 0
Event: 19.371 Protecting memory [0x0000000173840000,0x000000017384c000] with protection modes 0
Event: 65.709 Protecting memory [0x00000001721bc000,0x00000001721c8000] with protection modes 3

Nmethod flushes (0 events):
No events

Events (20 events):
Event: 13.138 Thread 0x0000000101384de0 Thread added: 0x0000000a51b71800
Event: 14.155 Thread 0x0000000a4744e800 Thread added: 0x0000000a51b72800
Event: 15.163 Thread 0x0000000a51b72800 Thread exited: 0x0000000a51b72800
Event: 15.187 Thread 0x0000000a4744f000 Thread added: 0x0000000a51b71000
Event: 15.194 Thread 0x0000000a51b70800 Thread exited: 0x0000000a51b70800
Event: 15.194 Thread 0x0000000a51b71800 Thread exited: 0x0000000a51b71800
Event: 15.197 Thread 0x0000000101384de0 Thread added: 0x0000000a51b71800
Event: 15.197 Thread 0x0000000101384de0 Thread added: 0x0000000a51b70800
Event: 16.202 Thread 0x0000000a51b71000 Thread exited: 0x0000000a51b71000
Event: 17.277 Thread 0x0000000a51b70800 Thread exited: 0x0000000a51b70800
Event: 17.277 Thread 0x0000000a51b71800 Thread exited: 0x0000000a51b71800
Event: 17.285 Thread 0x0000000101384de0 Thread added: 0x0000000a51b73800
Event: 17.285 Thread 0x0000000101384de0 Thread added: 0x0000000a5295f000
Event: 17.288 Thread 0x0000000a4744f000 Thread added: 0x0000000a5293d000
Event: 18.293 Thread 0x0000000a5293d000 Thread exited: 0x0000000a5293d000
Event: 19.367 Thread 0x0000000a51b73800 Thread exited: 0x0000000a51b73800
Event: 19.367 Thread 0x0000000a5295f000 Thread exited: 0x0000000a5295f000
Event: 19.371 Thread 0x0000000101384de0 Thread added: 0x0000000a5293d000
Event: 19.371 Thread 0x0000000101384de0 Thread added: 0x0000000a5295f000
Event: 65.710 Thread 0x0000000a4726a000 Thread exited: 0x0000000a4726a000


Dynamic libraries:
0x0000000100b2c000 	/opt/homebrew/Cellar/openjdk/24.0.1/libexec/openjdk.jdk/Contents/Home/lib/libjli.dylib
0x00000001922a6000 	/usr/lib/libz.1.dylib
0x000000019235c000 	/usr/lib/libSystem.B.dylib
0x0000000192356000 	/usr/lib/system/libcache.dylib
0x0000000192311000 	/usr/lib/system/libcommonCrypto.dylib
0x000000019233c000 	/usr/lib/system/libcompiler_rt.dylib
0x0000000192331000 	/usr/lib/system/libcopyfile.dylib
0x0000000182251000 	/usr/lib/system/libcorecrypto.dylib
0x0000000182351000 	/usr/lib/system/libdispatch.dylib
0x00000001820fb000 	/usr/lib/system/libdyld.dylib
0x000000019234c000 	/usr/lib/system/libkeymgr.dylib
0x00000001922f4000 	/usr/lib/system/libmacho.dylib
0x000000019158b000 	/usr/lib/system/libquarantine.dylib
0x0000000192349000 	/usr/lib/system/libremovefile.dylib
0x0000000188cb9000 	/usr/lib/system/libsystem_asl.dylib
0x00000001821d7000 	/usr/lib/system/libsystem_blocks.dylib
0x000000018239c000 	/usr/lib/system/libsystem_c.dylib
0x0000000192340000 	/usr/lib/system/libsystem_collections.dylib
0x000000018ff2c000 	/usr/lib/system/libsystem_configuration.dylib
0x000000018eb1b000 	/usr/lib/system/libsystem_containermanager.dylib
0x0000000191d2a000 	/usr/lib/system/libsystem_coreservices.dylib
0x00000001864e4000 	/usr/lib/system/libsystem_darwin.dylib
0x00000002871b0000 	/usr/lib/system/libsystem_darwindirectory.dylib
0x000000019234d000 	/usr/lib/system/libsystem_dnssd.dylib
0x00000002871b4000 	/usr/lib/system/libsystem_eligibility.dylib
0x0000000182399000 	/usr/lib/system/libsystem_featureflags.dylib
0x000000018251d000 	/usr/lib/system/libsystem_info.dylib
0x00000001922b5000 	/usr/lib/system/libsystem_m.dylib
0x0000000182300000 	/usr/lib/system/libsystem_malloc.dylib
0x0000000188c1c000 	/usr/lib/system/libsystem_networkextension.dylib
0x000000018694f000 	/usr/lib/system/libsystem_notify.dylib
0x000000018ff31000 	/usr/lib/system/libsystem_sandbox.dylib
0x00000002871be000 	/usr/lib/system/libsystem_sanitizers.dylib
0x0000000192345000 	/usr/lib/system/libsystem_secinit.dylib
0x00000001824c9000 	/usr/lib/system/libsystem_kernel.dylib
0x0000000182514000 	/usr/lib/system/libsystem_platform.dylib
0x0000000182507000 	/usr/lib/system/libsystem_pthread.dylib
0x000000018a877000 	/usr/lib/system/libsystem_symptoms.dylib
0x0000000182230000 	/usr/lib/system/libsystem_trace.dylib
0x00000002871c6000 	/usr/lib/system/libsystem_trial.dylib
0x000000019231f000 	/usr/lib/system/libunwind.dylib
0x00000001821db000 	/usr/lib/system/libxpc.dylib
0x00000001820a8000 	/usr/lib/libobjc.A.dylib
0x000000018254d000 	/System/Library/Frameworks/CoreFoundation.framework/Versions/A/CoreFoundation
0x0000000195bcc000 	/usr/lib/swift/libswiftCore.dylib
0x00000001824ae000 	/usr/lib/libc++abi.dylib
0x0000000285593000 	/usr/lib/libRosetta.dylib
0x000000018241d000 	/usr/lib/libc++.1.dylib
0x0000000183dba000 	/System/Library/Frameworks/Foundation.framework/Versions/C/Foundation
0x000000019f76d000 	/usr/lib/swift/libswiftObjectiveC.dylib
0x0000000286a19000 	/usr/lib/libswiftPrespecialized.dylib
0x0000000183a29000 	/System/Library/Frameworks/SystemConfiguration.framework/Versions/A/SystemConfiguration
0x000000018cd99000 	/System/Library/PrivateFrameworks/CoreAutoLayout.framework/Versions/A/CoreAutoLayout
0x000000019235e000 	/usr/lib/libfakelink.dylib
0x0000000192584000 	/usr/lib/libcompression.dylib
0x0000000188866000 	/System/Library/Frameworks/CFNetwork.framework/Versions/A/CFNetwork
0x000000018c1c9000 	/System/Library/Frameworks/DiskArbitration.framework/Versions/A/DiskArbitration
0x00000001923b1000 	/usr/lib/libarchive.2.dylib
0x000000018c0ce000 	/usr/lib/libDiagnosticMessagesClient.dylib
0x000000018620e000 	/usr/lib/libicucore.A.dylib
0x000000018cde2000 	/usr/lib/libxml2.2.dylib
0x000000019aa29000 	/System/Library/Frameworks/CoreServices.framework/Versions/A/CoreServices
0x000000018ff3f000 	/usr/lib/liblangid.dylib
0x0000000186866000 	/System/Library/Frameworks/IOKit.framework/Versions/A/IOKit
0x00000001986c3000 	/System/Library/Frameworks/Combine.framework/Versions/A/Combine
0x000000023ad97000 	/System/Library/PrivateFrameworks/CollectionsInternal.framework/Versions/A/CollectionsInternal
0x0000000266c96000 	/System/Library/PrivateFrameworks/ReflectionInternal.framework/Versions/A/ReflectionInternal
0x0000000267be9000 	/System/Library/PrivateFrameworks/RuntimeInternal.framework/Versions/A/RuntimeInternal
0x0000000192360000 	/System/Library/PrivateFrameworks/SoftLinking.framework/Versions/A/SoftLinking
0x00000001af81a000 	/usr/lib/swift/libswiftCoreFoundation.dylib
0x00000001ac6b2000 	/usr/lib/swift/libswiftDarwin.dylib
0x000000019c795000 	/usr/lib/swift/libswiftDispatch.dylib
0x00000001af87b000 	/usr/lib/swift/libswiftIOKit.dylib
0x0000000286e5c000 	/usr/lib/swift/libswiftSystem.dylib
0x00000001af82d000 	/usr/lib/swift/libswiftXPC.dylib
0x0000000286e8e000 	/usr/lib/swift/libswift_Builtin_float.dylib
0x0000000286e8f000 	/usr/lib/swift/libswift_Concurrency.dylib
0x0000000286f1b000 	/usr/lib/swift/libswift_DarwinFoundation1.dylib
0x0000000286fbf000 	/usr/lib/swift/libswift_StringProcessing.dylib
0x000000019f771000 	/usr/lib/swift/libswiftos.dylib
0x00000001867e6000 	/System/Library/PrivateFrameworks/CoreServicesInternal.framework/Versions/A/CoreServicesInternal
0x0000000192329000 	/usr/lib/liboah.dylib
0x0000000185def000 	/System/Library/Frameworks/Security.framework/Versions/A/Security
0x000000019eba1000 	/System/Library/PrivateFrameworks/DiskImages.framework/Versions/A/DiskImages
0x00000001ac157000 	/System/Library/Frameworks/NetFS.framework/Versions/A/NetFS
0x000000018cd5e000 	/System/Library/Frameworks/CoreServices.framework/Versions/A/Frameworks/FSEvents.framework/Versions/A/FSEvents
0x00000001864ee000 	/System/Library/Frameworks/CoreServices.framework/Versions/A/Frameworks/CarbonCore.framework/Versions/A/CarbonCore
0x000000018c13d000 	/System/Library/Frameworks/CoreServices.framework/Versions/A/Frameworks/Metadata.framework/Versions/A/Metadata
0x0000000191d31000 	/System/Library/Frameworks/CoreServices.framework/Versions/A/Frameworks/OSServices.framework/Versions/A/OSServices
0x00000001924a9000 	/System/Library/Frameworks/CoreServices.framework/Versions/A/Frameworks/SearchKit.framework/Versions/A/SearchKit
0x000000018a7f1000 	/System/Library/Frameworks/CoreServices.framework/Versions/A/Frameworks/AE.framework/Versions/A/AE
0x0000000182aac000 	/System/Library/Frameworks/CoreServices.framework/Versions/A/Frameworks/LaunchServices.framework/Versions/A/LaunchServices
0x000000019382f000 	/System/Library/Frameworks/CoreServices.framework/Versions/A/Frameworks/DictionaryServices.framework/Versions/A/DictionaryServices
0x000000018cd6b000 	/System/Library/Frameworks/CoreServices.framework/Versions/A/Frameworks/SharedFileList.framework/Versions/A/SharedFileList
0x000000019253c000 	/usr/lib/libapple_nghttp2.dylib
0x000000018a408000 	/usr/lib/libsqlite3.dylib
0x000000018a5f1000 	/System/Library/Frameworks/Accounts.framework/Versions/A/Accounts
0x000000019ede3000 	/System/Library/PrivateFrameworks/AppSupport.framework/Versions/A/AppSupport
0x00000001ae5de000 	/System/Library/Frameworks/AVFoundation.framework/Versions/A/AVFoundation
0x000000018c09e000 	/System/Library/PrivateFrameworks/CoreAnalytics.framework/Versions/A/CoreAnalytics
0x00000001892ac000 	/System/Library/Frameworks/CoreGraphics.framework/Versions/A/CoreGraphics
0x00000001968fe000 	/System/Library/Frameworks/GSS.framework/Versions/A/GSS
0x0000000194cf0000 	/System/Library/PrivateFrameworks/InternationalSupport.framework/Versions/A/InternationalSupport
0x000000018a785000 	/System/Library/PrivateFrameworks/RunningBoardServices.framework/Versions/A/RunningBoardServices
0x000000019f6f5000 	/System/Library/PrivateFrameworks/StreamingZip.framework/Versions/A/StreamingZip
0x0000000188c37000 	/usr/lib/libenergytrace.dylib
0x000000018a880000 	/System/Library/Frameworks/Network.framework/Versions/A/Network
0x00000001915b3000 	/usr/lib/libbsm.0.dylib
0x00000001922f8000 	/usr/lib/system/libkxld.dylib
0x0000000236377000 	/System/Library/PrivateFrameworks/AppleKeyStore.framework/Versions/A/AppleKeyStore
0x0000000285295000 	/usr/lib/libCoreEntitlements.dylib
0x000000025b379000 	/System/Library/PrivateFrameworks/MessageSecurity.framework/Versions/A/MessageSecurity
0x000000018a3ec000 	/System/Library/PrivateFrameworks/ProtocolBuffer.framework/Versions/A/ProtocolBuffer
0x000000019bba4000 	/System/Library/PrivateFrameworks/SymptomDiagnosticReporter.framework/Versions/A/SymptomDiagnosticReporter
0x0000000193a74000 	/System/Library/PrivateFrameworks/CrashReporterSupport.framework/Versions/A/CrashReporterSupport
0x0000000188c39000 	/usr/lib/libMobileGestalt.dylib
0x0000000191d11000 	/System/Library/PrivateFrameworks/AppleFSCompression.framework/Versions/A/AppleFSCompression
0x000000019159b000 	/usr/lib/libcoretls.dylib
0x00000001938a5000 	/usr/lib/libcoretls_cfhelpers.dylib
0x000000019257e000 	/usr/lib/libpam.2.dylib
0x000000019391b000 	/usr/lib/libxar.1.dylib
0x00000001938a7000 	/System/Library/PrivateFrameworks/APFS.framework/Versions/A/APFS
0x0000000273316000 	/System/Library/PrivateFrameworks/SwiftASN1Internal.framework/Versions/A/SwiftASN1Internal
0x000000019392a000 	/usr/lib/libutil.dylib
0x000000018ff3a000 	/System/Library/PrivateFrameworks/AppleSystemInfo.framework/Versions/A/AppleSystemInfo
0x0000000191262000 	/System/Library/PrivateFrameworks/IOMobileFramebuffer.framework/Versions/A/IOMobileFramebuffer
0x000000018eb54000 	/System/Library/Frameworks/IOSurface.framework/Versions/A/IOSurface
0x000000019e501000 	/System/Library/PrivateFrameworks/CoreWiFi.framework/Versions/A/CoreWiFi
0x00000001af6dc000 	/System/Library/PrivateFrameworks/LoggingSupport.framework/Versions/A/LoggingSupport
0x0000000196961000 	/System/Library/PrivateFrameworks/MobileAsset.framework/Versions/A/MobileAsset
0x000000019bbb4000 	/System/Library/PrivateFrameworks/PowerLog.framework/Versions/A/PowerLog
0x000000019d076000 	/System/Library/PrivateFrameworks/Rapport.framework/Versions/A/Rapport
0x000000022ef9a000 	/System/Library/Frameworks/SwiftData.framework/Versions/A/SwiftData
0x000000018829b000 	/System/Library/Frameworks/UniformTypeIdentifiers.framework/Versions/A/UniformTypeIdentifiers
0x000000018cf8b000 	/System/Library/PrivateFrameworks/UserManagement.framework/Versions/A/UserManagement
0x000000018878d000 	/usr/lib/libboringssl.dylib
0x000000018a865000 	/usr/lib/libdns_services.dylib
0x00000001ae712000 	/usr/lib/libquic.dylib
0x0000000195b5d000 	/usr/lib/libusrtcp.dylib
0x0000000237230000 	/System/Library/PrivateFrameworks/AtomicsInternal.framework/Versions/A/AtomicsInternal
0x00000001d59a3000 	/System/Library/PrivateFrameworks/InternalSwiftProtobuf.framework/Versions/A/InternalSwiftProtobuf
0x0000000286ce3000 	/usr/lib/swift/libswiftDistributed.dylib
0x0000000286d0c000 	/usr/lib/swift/libswiftObservation.dylib
0x0000000286e48000 	/usr/lib/swift/libswiftSynchronization.dylib
0x000000018ff38000 	/System/Library/PrivateFrameworks/AggregateDictionary.framework/Versions/A/AggregateDictionary
0x0000000237a5e000 	/System/Library/PrivateFrameworks/BiomeLibrary.framework/Versions/A/BiomeLibrary
0x00000001be826000 	/System/Library/PrivateFrameworks/BiomeStreams.framework/Versions/A/BiomeStreams
0x00000001ba88c000 	/System/Library/PrivateFrameworks/BiomeFoundation.framework/Versions/A/BiomeFoundation
0x00000001c4aa8000 	/System/Library/PrivateFrameworks/BiomePubSub.framework/Versions/A/BiomePubSub
0x0000000189ffe000 	/System/Library/Frameworks/CoreData.framework/Versions/A/CoreData
0x00000001a06d8000 	/System/Library/PrivateFrameworks/ProactiveSupport.framework/Versions/A/ProactiveSupport
0x0000000230ff5000 	/System/Library/Frameworks/_LocationEssentials.framework/Versions/A/_LocationEssentials
0x0000000193886000 	/usr/lib/liblzma.5.dylib
0x000000019aca8000 	/System/Library/Frameworks/Accelerate.framework/Versions/A/Accelerate
0x0000000191494000 	/System/Library/PrivateFrameworks/MobileKeyBag.framework/Versions/A/MobileKeyBag
0x000000019f0f7000 	/System/Library/PrivateFrameworks/InternationalTextSearch.framework/Versions/A/InternationalTextSearch
0x00000001b6d68000 	/System/Library/PrivateFrameworks/SoftwareUpdateCoreSupport.framework/Versions/A/SoftwareUpdateCoreSupport
0x00000001bf2c4000 	/System/Library/PrivateFrameworks/SoftwareUpdateCoreConnect.framework/Versions/A/SoftwareUpdateCoreConnect
0x000000019ec9b000 	/System/Library/PrivateFrameworks/RemoteServiceDiscovery.framework/Versions/A/RemoteServiceDiscovery
0x00000001b6940000 	/System/Library/PrivateFrameworks/MSUDataAccessor.framework/Versions/A/MSUDataAccessor
0x00000001b18a8000 	/usr/lib/libbootpolicy.dylib
0x000000019ecb2000 	/System/Library/PrivateFrameworks/RemoteXPC.framework/Versions/A/RemoteXPC
0x00000001be6fa000 	/usr/lib/libFDR.dylib
0x00000001c46aa000 	/usr/lib/libamsupport.dylib
0x000000028558b000 	/usr/lib/libReverseProxyDevice.dylib
0x0000000235be7000 	/System/Library/PrivateFrameworks/AppleDeviceQuerySupport.framework/Versions/A/AppleDeviceQuerySupport
0x00000001c786c000 	/usr/lib/libpartition2_dynamic.dylib
0x0000000192518000 	/System/Library/PrivateFrameworks/AppleSauce.framework/Versions/A/AppleSauce
0x0000000285140000 	/usr/lib/libAppleArchive.dylib
0x0000000191d1d000 	/usr/lib/libbz2.1.0.dylib
0x000000018c1d3000 	/System/Library/Frameworks/Accelerate.framework/Versions/A/Frameworks/vImage.framework/Versions/A/vImage
0x000000019aa04000 	/System/Library/Frameworks/Accelerate.framework/Versions/A/Frameworks/vecLib.framework/Versions/A/vecLib
0x0000000193961000 	/System/Library/Frameworks/Accelerate.framework/Versions/A/Frameworks/vecLib.framework/Versions/A/libvMisc.dylib
0x0000000182fb0000 	/System/Library/Frameworks/Accelerate.framework/Versions/A/Frameworks/vecLib.framework/Versions/A/libBLAS.dylib
0x000000019f0f6000 	/System/Library/Frameworks/ApplicationServices.framework/Versions/A/ApplicationServices
0x000000018cec9000 	/System/Library/Frameworks/CoreVideo.framework/Versions/A/CoreVideo
0x0000000189a02000 	/System/Library/Frameworks/ColorSync.framework/Versions/A/ColorSync
0x0000000185430000 	/System/Library/Frameworks/CoreText.framework/Versions/A/CoreText
0x000000018f647000 	/System/Library/Frameworks/ImageIO.framework/Versions/A/ImageIO
0x0000000196515000 	/System/Library/Frameworks/ApplicationServices.framework/Versions/A/Frameworks/ATS.framework/Versions/A/ATS
0x0000000189baa000 	/System/Library/Frameworks/ApplicationServices.framework/Versions/A/Frameworks/HIServices.framework/Versions/A/HIServices
0x0000000194be6000 	/System/Library/Frameworks/ApplicationServices.framework/Versions/A/Frameworks/PrintCore.framework/Versions/A/PrintCore
0x00000001968c7000 	/System/Library/Frameworks/ApplicationServices.framework/Versions/A/Frameworks/QD.framework/Versions/A/QD
0x00000001968c2000 	/System/Library/Frameworks/ApplicationServices.framework/Versions/A/Frameworks/ColorSyncLegacy.framework/Versions/A/ColorSyncLegacy
0x00000001964e7000 	/System/Library/Frameworks/ApplicationServices.framework/Versions/A/Frameworks/SpeechSynthesis.framework/Versions/A/SpeechSynthesis
0x0000000188cf5000 	/System/Library/PrivateFrameworks/SkyLight.framework/Versions/A/SkyLight
0x000000018f022000 	/System/Library/PrivateFrameworks/FontServices.framework/libFontParser.dylib
0x000000018a693000 	/System/Library/PrivateFrameworks/BaseBoard.framework/Versions/A/BaseBoard
0x000000019caf6000 	/System/Library/PrivateFrameworks/BoardServices.framework/Versions/A/BoardServices
0x000000019e9c3000 	/System/Library/PrivateFrameworks/BackBoardServices.framework/Versions/A/BackBoardServices
0x0000000237963000 	/System/Library/PrivateFrameworks/BackBoardHIDEventFoundation.framework/Versions/A/BackBoardHIDEventFoundation
0x0000000184f4c000 	/System/Library/Frameworks/CoreDisplay.framework/Versions/A/CoreDisplay
0x000000019453f000 	/System/Library/Frameworks/VideoToolbox.framework/Versions/A/VideoToolbox
0x000000019257c000 	/System/Library/Frameworks/MetalPerformanceShaders.framework/Versions/A/MetalPerformanceShaders
0x0000000265ba0000 	/System/Library/PrivateFrameworks/ProDisplayLibrary.framework/Versions/A/ProDisplayLibrary
0x00000001a27f4000 	/System/Library/PrivateFrameworks/IOSurfaceAccelerator.framework/Versions/A/IOSurfaceAccelerator
0x000000018eb7c000 	/System/Library/Frameworks/Metal.framework/Versions/A/Metal
0x000000018eb71000 	/System/Library/PrivateFrameworks/IOAccelerator.framework/Versions/A/IOAccelerator
0x000000018ee80000 	/System/Library/Frameworks/CoreMedia.framework/Versions/A/CoreMedia
0x0000000188cd1000 	/System/Library/PrivateFrameworks/TCC.framework/Versions/A/TCC
0x00000001944f7000 	/System/Library/PrivateFrameworks/WatchdogClient.framework/Versions/A/WatchdogClient
0x000000018c5f8000 	/System/Library/Frameworks/QuartzCore.framework/Versions/A/QuartzCore
0x00000001944f9000 	/System/Library/PrivateFrameworks/MultitouchSupport.framework/Versions/A/MultitouchSupport
0x00000001c7652000 	/usr/lib/swift/libswiftAccelerate.dylib
0x00000001af7fa000 	/usr/lib/swift/libswiftCoreAudio.dylib
0x00000001cb7cd000 	/usr/lib/swift/libswiftCoreMedia.dylib
0x00000001bd7bb000 	/usr/lib/swift/libswiftMetal.dylib
0x00000001ccf80000 	/usr/lib/swift/libswiftOSLog.dylib
0x00000001c2baf000 	/usr/lib/swift/libswiftQuartzCore.dylib
0x00000001c7642000 	/usr/lib/swift/libswiftUniformTypeIdentifiers.dylib
0x0000000286e76000 	/usr/lib/swift/libswiftVideoToolbox.dylib
0x00000001b336c000 	/usr/lib/swift/libswiftsimd.dylib
0x00000001c4b09000 	/System/Library/PrivateFrameworks/BiomeStorage.framework/Versions/A/BiomeStorage
0x00000002540bd000 	/System/Library/PrivateFrameworks/IntelligencePlatformLibrary.framework/Versions/A/IntelligencePlatformLibrary
0x0000000264964000 	/System/Library/PrivateFrameworks/PoirotSchematizer.framework/Versions/A/PoirotSchematizer
0x0000000238311000 	/System/Library/PrivateFrameworks/BiomeSync.framework/Versions/A/BiomeSync
0x0000000237a44000 	/System/Library/PrivateFrameworks/BiomeDSL.framework/Versions/A/BiomeDSL
0x00000001ddb6c000 	/System/Library/PrivateFrameworks/FeatureFlags.framework/Versions/A/FeatureFlags
0x00000002649d2000 	/System/Library/PrivateFrameworks/PoirotUDFs.framework/Versions/A/PoirotUDFs
0x0000000286f1e000 	/usr/lib/swift/libswift_DarwinFoundation2.dylib
0x0000000286f1f000 	/usr/lib/swift/libswift_DarwinFoundation3.dylib
0x000000019d06b000 	/System/Library/PrivateFrameworks/CoreTime.framework/Versions/A/CoreTime
0x0000000192396000 	/usr/lib/libiconv.2.dylib
0x00000001922f3000 	/usr/lib/libcharset.1.dylib
0x0000000264927000 	/System/Library/PrivateFrameworks/PoirotSQLite.framework/Versions/A/PoirotSQLite
0x0000000286f20000 	/usr/lib/swift/libswift_RegexParser.dylib
0x0000000239947000 	/System/Library/PrivateFrameworks/CascadeSets.framework/Versions/A/CascadeSets
0x0000000196ad8000 	/System/Library/PrivateFrameworks/CorePhoneNumbers.framework/Versions/A/CorePhoneNumbers
0x00000001942f1000 	/System/Library/PrivateFrameworks/AppleJPEG.framework/Versions/A/AppleJPEG
0x0000000193ccb000 	/usr/lib/libexpat.1.dylib
0x0000000194abc000 	/System/Library/Frameworks/ImageIO.framework/Versions/A/Resources/libPng.dylib
0x0000000194ae7000 	/System/Library/Frameworks/ImageIO.framework/Versions/A/Resources/libTIFF.dylib
0x0000000194bcf000 	/System/Library/Frameworks/ImageIO.framework/Versions/A/Resources/libGIF.dylib
0x0000000194336000 	/System/Library/Frameworks/ImageIO.framework/Versions/A/Resources/libJP2.dylib
0x00000001939db000 	/usr/lib/libate.dylib
0x0000000194b76000 	/System/Library/Frameworks/ImageIO.framework/Versions/A/Resources/libJPEG.dylib
0x0000000194b6d000 	/System/Library/Frameworks/ImageIO.framework/Versions/A/Resources/libRadiance.dylib
0x0000000249d74000 	/System/Library/PrivateFrameworks/GPUCompiler.framework/Versions/32023/Libraries/libllvm-flatbuffers.dylib
0x00000002447d3000 	/System/Library/PrivateFrameworks/FramePacing.framework/Versions/A/FramePacing
0x00000002279e6000 	/System/Library/Frameworks/OpenGL.framework/Versions/A/Libraries/libCoreFSCache.dylib
0x0000000245901000 	/System/Library/PrivateFrameworks/GPUCompiler.framework/Versions/32023/Libraries/libGPUCompilerUtils.dylib
0x000000019cbc3000 	/System/Library/PrivateFrameworks/GraphicsServices.framework/Versions/A/GraphicsServices
0x00000002279f4000 	/System/Library/Frameworks/OpenGL.framework/Versions/A/OpenGL
0x0000000227a45000 	/System/Library/Frameworks/OpenGL.framework/Versions/A/Libraries/libGLU.dylib
0x0000000227a08000 	/System/Library/Frameworks/OpenGL.framework/Versions/A/Libraries/libGFXShared.dylib
0x0000000227bd5000 	/System/Library/Frameworks/OpenGL.framework/Versions/A/Libraries/libGL.dylib
0x0000000227a11000 	/System/Library/Frameworks/OpenGL.framework/Versions/A/Libraries/libGLImage.dylib
0x0000000227a05000 	/System/Library/Frameworks/OpenGL.framework/Versions/A/Libraries/libCVMSPluginSupport.dylib
0x00000002279ee000 	/System/Library/Frameworks/OpenGL.framework/Versions/A/Libraries/libCoreVMClient.dylib
0x0000000194b68000 	/System/Library/PrivateFrameworks/GPUWrangler.framework/Versions/A/GPUWrangler
0x0000000194b48000 	/System/Library/PrivateFrameworks/IOPresentment.framework/Versions/A/IOPresentment
0x0000000194b70000 	/System/Library/PrivateFrameworks/DSExternalDisplay.framework/Versions/A/DSExternalDisplay
0x000000027aed9000 	/System/Library/PrivateFrameworks/VideoToolboxParavirtualizationSupport.framework/Versions/A/VideoToolboxParavirtualizationSupport
0x0000000193c82000 	/System/Library/PrivateFrameworks/AppleVA.framework/Versions/A/AppleVA
0x0000000229a70000 	/System/Library/Frameworks/ExtensionFoundation.framework/Versions/A/ExtensionFoundation
0x0000000194bd5000 	/System/Library/PrivateFrameworks/CMCaptureCore.framework/Versions/A/CMCaptureCore
0x0000000193f5b000 	/usr/lib/libspindump.dylib
0x0000000185659000 	/System/Library/Frameworks/CoreAudio.framework/Versions/A/CoreAudio
0x0000000193f4e000 	/System/Library/PrivateFrameworks/AppServerSupport.framework/Versions/A/AppServerSupport
0x00000001968d0000 	/System/Library/PrivateFrameworks/perfdata.framework/Versions/A/perfdata
0x000000018506d000 	/System/Library/PrivateFrameworks/AudioToolboxCore.framework/Versions/A/AudioToolboxCore
0x000000018ee56000 	/System/Library/PrivateFrameworks/caulk.framework/Versions/A/caulk
0x00000001964cd000 	/usr/lib/libAudioStatistics.dylib
0x00000001ae807000 	/System/Library/PrivateFrameworks/SystemPolicy.framework/Versions/A/SystemPolicy
0x0000000196775000 	/usr/lib/libSMC.dylib
0x00000001b6154000 	/usr/lib/swift/libswiftCoreMIDI.dylib
0x00000001a1ae6000 	/System/Library/Frameworks/CoreMIDI.framework/Versions/A/CoreMIDI
0x0000000194a96000 	/usr/lib/libAudioToolboxUtility.dylib
0x00000001968de000 	/usr/lib/libperfcheck.dylib
0x00000002372ff000 	/System/Library/PrivateFrameworks/AudioAnalytics.framework/Versions/A/AudioAnalytics
0x00000001d5691000 	/System/Library/Frameworks/OSLog.framework/Versions/A/OSLog
0x00000002603da000 	/System/Library/PrivateFrameworks/OSEligibility.framework/Versions/A/OSEligibility
0x0000000193d51000 	/System/Library/PrivateFrameworks/IconServices.framework/Versions/A/IconServices
0x000000022ae54000 	/System/Library/Frameworks/LightweightCodeRequirements.framework/Versions/A/LightweightCodeRequirements
0x0000000193bcb000 	/System/Library/PrivateFrameworks/PlugInKit.framework/Versions/A/PlugInKit
0x00000001914ac000 	/System/Library/PrivateFrameworks/AssertionServices.framework/Versions/A/AssertionServices
0x0000000193cf0000 	/System/Library/PrivateFrameworks/IconFoundation.framework/Versions/A/IconFoundation
0x0000000250c4b000 	/System/Library/PrivateFrameworks/IconRendering.framework/Versions/A/IconRendering
0x000000018ca60000 	/System/Library/PrivateFrameworks/CoreUI.framework/Versions/A/CoreUI
0x000000018f987000 	/System/Library/Frameworks/CoreImage.framework/Versions/A/CoreImage
0x0000000267db5000 	/System/Library/PrivateFrameworks/SFSymbols.framework/Versions/A/SFSymbols
0x0000000229926000 	/System/Library/Frameworks/DeveloperToolsSupport.framework/Versions/A/DeveloperToolsSupport
0x00000001a6969000 	/System/Library/PrivateFrameworks/RenderBox.framework/Versions/A/RenderBox
0x000000018f609000 	/System/Library/PrivateFrameworks/CoreSVG.framework/Versions/A/CoreSVG
0x0000000194c59000 	/System/Library/PrivateFrameworks/TextureIO.framework/Versions/A/TextureIO
0x00000001af87a000 	/usr/lib/swift/libswiftCoreImage.dylib
0x0000000193efe000 	/System/Library/PrivateFrameworks/GraphVisualizer.framework/Versions/A/GraphVisualizer
0x00000002446de000 	/System/Library/PrivateFrameworks/FontServices.framework/Versions/A/FontServices
0x0000000193f0e000 	/System/Library/PrivateFrameworks/OTSVG.framework/Versions/A/OTSVG
0x000000018ca0e000 	/System/Library/Frameworks/ApplicationServices.framework/Versions/A/Frameworks/ATS.framework/Versions/A/Resources/libFontRegistry.dylib
0x0000000286053000 	/usr/lib/libhvf.dylib
0x0000000261066000 	/System/Library/PrivateFrameworks/ParsingInternal.framework/Versions/A/ParsingInternal
0x00000002446e2000 	/System/Library/PrivateFrameworks/FontServices.framework/libXTFontStaticRegistryData.dylib
0x000000018fe72000 	/System/Library/Frameworks/MetalPerformanceShaders.framework/Versions/A/Frameworks/MPSCore.framework/Versions/A/MPSCore
0x0000000191c7c000 	/System/Library/Frameworks/MetalPerformanceShaders.framework/Versions/A/Frameworks/MPSImage.framework/Versions/A/MPSImage
0x000000019163b000 	/System/Library/Frameworks/MetalPerformanceShaders.framework/Versions/A/Frameworks/MPSNeuralNetwork.framework/Versions/A/MPSNeuralNetwork
0x0000000191a7a000 	/System/Library/Frameworks/MetalPerformanceShaders.framework/Versions/A/Frameworks/MPSMatrix.framework/Versions/A/MPSMatrix
0x0000000191892000 	/System/Library/Frameworks/MetalPerformanceShaders.framework/Versions/A/Frameworks/MPSRayIntersector.framework/Versions/A/MPSRayIntersector
0x0000000191aac000 	/System/Library/Frameworks/MetalPerformanceShaders.framework/Versions/A/Frameworks/MPSNDArray.framework/Versions/A/MPSNDArray
0x000000022bcd9000 	/System/Library/Frameworks/MetalPerformanceShaders.framework/Versions/A/Frameworks/MPSFunctions.framework/Versions/A/MPSFunctions
0x000000022bcba000 	/System/Library/Frameworks/MetalPerformanceShaders.framework/Versions/A/Frameworks/MPSBenchmarkLoop.framework/Versions/A/MPSBenchmarkLoop
0x000000022bced000 	/System/Library/Frameworks/MetalPerformanceShaders.framework/Versions/A/Frameworks/MPSHost.framework/Versions/A/MPSHost
0x0000000182dc7000 	/System/Library/PrivateFrameworks/MetalTools.framework/Versions/A/MetalTools
0x00000001b4a91000 	/System/Library/PrivateFrameworks/IOAccelMemoryInfo.framework/Versions/A/IOAccelMemoryInfo
0x00000001c2fa2000 	/System/Library/PrivateFrameworks/kperf.framework/Versions/A/kperf
0x00000001af7f6000 	/System/Library/PrivateFrameworks/GPURawCounter.framework/Versions/A/GPURawCounter
0x00000001a0863000 	/System/Library/PrivateFrameworks/ASEProcessing.framework/Versions/A/ASEProcessing
0x00000001d104f000 	/System/Library/PrivateFrameworks/Symbolication.framework/Versions/A/Symbolication
0x0000000264513000 	/System/Library/PrivateFrameworks/PhotosensitivityProcessing.framework/Versions/A/PhotosensitivityProcessing
0x0000000267e3b000 	/System/Library/PrivateFrameworks/SILManager.framework/Versions/A/SILManager
0x000000019cf0e000 	/System/Library/PrivateFrameworks/CoreSymbolication.framework/Versions/A/CoreSymbolication
0x00000001af76b000 	/System/Library/PrivateFrameworks/MallocStackLogging.framework/Versions/A/MallocStackLogging
0x000000019ceec000 	/System/Library/PrivateFrameworks/DebugSymbols.framework/Versions/A/DebugSymbols
0x00000001c1715000 	/System/Library/PrivateFrameworks/OSAnalytics.framework/Versions/A/OSAnalytics
0x0000000242440000 	/System/Library/PrivateFrameworks/DeviceRecovery.framework/Versions/A/DeviceRecovery
0x0000000276769000 	/System/Library/PrivateFrameworks/Tightbeam.framework/Versions/A/Tightbeam
0x00000001bd7c9000 	/usr/lib/swift/libswiftCompression.dylib
0x00000001c7dd9000 	/System/Library/PrivateFrameworks/AFKUser.framework/Versions/A/AFKUser
0x0000000194ba1000 	/System/Library/Frameworks/ApplicationServices.framework/Versions/A/Frameworks/ATSUI.framework/Versions/A/ATSUI
0x0000000196277000 	/System/Library/Frameworks/AudioToolbox.framework/Versions/A/AudioToolbox
0x00000001920ea000 	/System/Library/Frameworks/UserNotifications.framework/Versions/A/UserNotifications
0x00000001b5226000 	/System/Library/PrivateFrameworks/SiriInstrumentation.framework/Versions/A/SiriInstrumentation
0x000000026a296000 	/System/Library/PrivateFrameworks/SiriAnalytics.framework/Versions/A/SiriAnalytics
0x00000001b298e000 	/System/Library/PrivateFrameworks/FeedbackLogger.framework/Versions/A/FeedbackLogger
0x00000001cd219000 	/usr/lib/swift/libswiftAVFoundation.dylib
0x0000000278f91000 	/System/Library/PrivateFrameworks/UnifiedAssetFramework.framework/Versions/A/UnifiedAssetFramework
0x000000019644c000 	/System/Library/PrivateFrameworks/AudioSession.framework/Versions/A/AudioSession
0x0000000193e0f000 	/System/Library/PrivateFrameworks/MediaExperience.framework/Versions/A/MediaExperience
0x0000000196221000 	/System/Library/PrivateFrameworks/AudioSession.framework/libSessionUtility.dylib
0x000000019ba99000 	/System/Library/Frameworks/CoreBluetooth.framework/Versions/A/CoreBluetooth
0x000000019131f000 	/System/Library/PrivateFrameworks/CoreUtils.framework/Versions/A/CoreUtils
0x00000001a769c000 	/System/Library/PrivateFrameworks/HID.framework/Versions/A/HID
0x0000000241359000 	/System/Library/PrivateFrameworks/CoreUtilsExtras.framework/Versions/A/CoreUtilsExtras
0x0000000250ba0000 	/System/Library/PrivateFrameworks/IO80211.framework/Versions/A/IO80211
0x000000019840f000 	/System/Library/Frameworks/IOBluetooth.framework/Versions/A/IOBluetooth
0x0000000286d2b000 	/usr/lib/swift/libswiftRegexBuilder.dylib
0x0000000193a6b000 	/usr/lib/libIOReport.dylib
0x00000001ddbf0000 	/System/Library/PrivateFrameworks/WiFiPeerToPeer.framework/Versions/A/WiFiPeerToPeer
0x00000001914bb000 	/System/Library/Frameworks/SecurityFoundation.framework/Versions/A/SecurityFoundation
0x00000002399fb000 	/System/Library/PrivateFrameworks/Centauri.framework/Versions/A/Centauri
0x00000001837ab000 	/System/Library/PrivateFrameworks/Lexicon.framework/Versions/A/Lexicon
0x00000002864a3000 	/usr/lib/libmrc.dylib
0x0000000250c0b000 	/System/Library/PrivateFrameworks/IPConfiguration.framework/Versions/A/IPConfiguration
0x00000001d1826000 	/System/Library/PrivateFrameworks/Netrb.framework/Versions/A/Netrb
0x000000019ca1c000 	/System/Library/PrivateFrameworks/FrontBoardServices.framework/Versions/A/FrontBoardServices
0x0000000191624000 	/usr/lib/libgermantok.dylib
0x0000000190061000 	/System/Library/PrivateFrameworks/LinguisticData.framework/Versions/A/LinguisticData
0x000000019bca2000 	/System/Library/PrivateFrameworks/MediaKit.framework/Versions/A/MediaKit
0x000000019bbf0000 	/System/Library/Frameworks/DiscRecording.framework/Versions/A/DiscRecording
0x0000000193ce6000 	/usr/lib/libheimdal-asn1.dylib
0x000000019f6cb000 	/System/Library/Frameworks/AudioUnit.framework/Versions/A/AudioUnit
0x000000018cd26000 	/System/Library/Frameworks/OpenDirectory.framework/Versions/A/OpenDirectory
0x000000018cd34000 	/System/Library/Frameworks/OpenDirectory.framework/Versions/A/Frameworks/CFOpenDirectory.framework/Versions/A/CFOpenDirectory
0x00000001987b7000 	/System/Library/PrivateFrameworks/GeoServices.framework/Versions/A/GeoServices
0x00000001961e7000 	/System/Library/PrivateFrameworks/LocationSupport.framework/Versions/A/LocationSupport
0x000000024d8c7000 	/System/Library/PrivateFrameworks/GeoServicesCore.framework/Versions/A/GeoServicesCore
0x00000001a85a0000 	/System/Library/PrivateFrameworks/PhoneNumbers.framework/Versions/A/PhoneNumbers
0x000000025604f000 	/System/Library/PrivateFrameworks/LocationLogEncryption.framework/Versions/A/LocationLogEncryption
0x0000000227f61000 	/System/Library/Frameworks/AVFAudio.framework/Versions/A/AVFAudio
0x00000002280a5000 	/System/Library/Frameworks/AVRouting.framework/Versions/A/AVRouting
0x00000001a86b8000 	/usr/lib/libAccessibility.dylib
0x0000000254a39000 	/System/Library/PrivateFrameworks/IsolatedCoreAudioClient.framework/Versions/A/IsolatedCoreAudioClient
0x000000023d191000 	/System/Library/PrivateFrameworks/CoreAudioOrchestration.framework/Versions/A/CoreAudioOrchestration
0x00000001950bd000 	/System/Library/Frameworks/MediaToolbox.framework/Versions/A/MediaToolbox
0x000000019bdc8000 	/System/Library/PrivateFrameworks/CoreAVCHD.framework/Versions/A/CoreAVCHD
0x000000019acf7000 	/System/Library/Frameworks/MediaAccessibility.framework/Versions/A/MediaAccessibility
0x000000019bdc4000 	/System/Library/PrivateFrameworks/Mangrove.framework/Versions/A/Mangrove
0x0000000239037000 	/System/Library/PrivateFrameworks/CMPhoto.framework/Versions/A/CMPhoto
0x000000019c591000 	/System/Library/Frameworks/CoreTelephony.framework/Versions/A/CoreTelephony
0x000000019bdb7000 	/System/Library/PrivateFrameworks/CoreAUC.framework/Versions/A/CoreAUC
0x00000002361a8000 	/System/Library/PrivateFrameworks/AppleJPEGXL.framework/Versions/A/AppleJPEGXL
0x0000000196ae8000 	/usr/lib/libTelephonyUtilDynamic.dylib
0x00000001d8782000 	/System/Library/Frameworks/CryptoKit.framework/Versions/A/CryptoKit
0x000000019f6c6000 	/System/Library/PrivateFrameworks/CryptoKitCBridging.framework/Versions/A/CryptoKitCBridging
0x000000019cbd5000 	/System/Library/Frameworks/CryptoTokenKit.framework/Versions/A/CryptoTokenKit
0x0000000241eb1000 	/System/Library/PrivateFrameworks/Dendrite.framework/Versions/A/Dendrite
0x00000001af39e000 	/System/Library/Frameworks/NaturalLanguage.framework/Versions/A/NaturalLanguage
0x000000024d5ca000 	/System/Library/PrivateFrameworks/GenerativeModels.framework/Versions/A/GenerativeModels
0x00000001ddb78000 	/usr/lib/swift/libswiftNaturalLanguage.dylib
0x0000000236d1e000 	/System/Library/PrivateFrameworks/AppleMobileFileIntegrity.framework/Versions/A/AppleMobileFileIntegrity
0x0000000285602000 	/usr/lib/libTLE.dylib
0x00000001af79d000 	/usr/lib/libmis.dylib
0x00000001e727f000 	/System/Library/PrivateFrameworks/ConfigProfileHelper.framework/Versions/A/ConfigProfileHelper
0x000000019f855000 	/System/Library/PrivateFrameworks/Espresso.framework/Versions/A/Espresso
0x000000018d4b5000 	/System/Library/Frameworks/CoreML.framework/Versions/A/CoreML
0x00000001dba35000 	/usr/lib/libedit.3.dylib
0x0000000224d70000 	/System/Library/PrivateFrameworks/ANECompiler.framework/Versions/A/ANECompiler
0x00000001a192a000 	/System/Library/PrivateFrameworks/AppleNeuralEngine.framework/Versions/A/AppleNeuralEngine
0x000000025616d000 	/System/Library/PrivateFrameworks/MIL.framework/Versions/A/MIL
0x000000022bcf3000 	/System/Library/Frameworks/MetalPerformanceShadersGraph.framework/Versions/A/MetalPerformanceShadersGraph
0x00000002568dc000 	/System/Library/PrivateFrameworks/MLCompilerServices.framework/Versions/A/MLCompilerServices
0x00000001a06a7000 	/System/Library/PrivateFrameworks/ANEServices.framework/Versions/A/ANEServices
0x00000001b4a54000 	/usr/lib/libncurses.5.4.dylib
0x0000000186962000 	/usr/lib/libsandbox.1.dylib
0x0000000193c0c000 	/usr/lib/libMatch.1.dylib
0x000000026015c000 	/System/Library/PrivateFrameworks/ODIE.framework/Versions/A/ODIE
0x0000000259569000 	/System/Library/PrivateFrameworks/MLModelAsset.framework/Versions/A/MLModelAsset
0x0000000256882000 	/System/Library/PrivateFrameworks/MLCompilerRuntime.framework/Versions/A/MLCompilerRuntime
0x00000001918e7000 	/System/Library/Frameworks/MLCompute.framework/Versions/A/MLCompute
0x0000000256804000 	/System/Library/PrivateFrameworks/MLAssetIO.framework/Versions/A/MLAssetIO
0x0000000286cfd000 	/usr/lib/swift/libswiftMLCompute.dylib
0x000000019c7ac000 	/System/Library/PrivateFrameworks/AVFCore.framework/Versions/A/AVFCore
0x00000001a5fba000 	/System/Library/PrivateFrameworks/AVFCapture.framework/Versions/A/AVFCapture
0x0000000238e2e000 	/System/Library/PrivateFrameworks/CMImaging.framework/Versions/A/CMImaging
0x00000001a61fc000 	/System/Library/PrivateFrameworks/Quagga.framework/Versions/A/Quagga
0x00000001a632d000 	/System/Library/PrivateFrameworks/CMCapture.framework/Versions/A/CMCapture
0x0000000196672000 	/System/Library/Frameworks/CoreMediaIO.framework/Versions/A/CoreMediaIO
0x0000000238d69000 	/System/Library/PrivateFrameworks/CMCaptureDevice.framework/Versions/A/CMCaptureDevice
0x0000000194047000 	/System/Library/PrivateFrameworks/CoreBrightness.framework/Versions/A/CoreBrightness
0x0000000239ef2000 	/System/Library/PrivateFrameworks/CinematicFraming.framework/Versions/A/CinematicFraming
0x000000025c644000 	/System/Library/PrivateFrameworks/ModelManagerServices.framework/Versions/A/ModelManagerServices
0x00000001ca283000 	/System/Library/PrivateFrameworks/CPMS.framework/Versions/A/CPMS
0x0000000273e91000 	/System/Library/PrivateFrameworks/SystemStatus.framework/Versions/A/SystemStatus
0x00000001ae1dc000 	/System/Library/Frameworks/CoreMotion.framework/Versions/A/CoreMotion
0x00000001be7a5000 	/System/Library/PrivateFrameworks/TimeSync.framework/Versions/A/TimeSync
0x0000000242877000 	/System/Library/PrivateFrameworks/DistributedSensing.framework/Versions/A/DistributedSensing
0x00000001b9b9c000 	/System/Library/PrivateFrameworks/MobileBluetooth.framework/Versions/A/MobileBluetooth
0x00000001c0462000 	/System/Library/PrivateFrameworks/IOKitten.framework/Versions/A/IOKitten
0x0000000236022000 	/System/Library/PrivateFrameworks/AppleIntelligenceReporting.framework/Versions/A/AppleIntelligenceReporting
0x000000019122e000 	/System/Library/PrivateFrameworks/CoreEmoji.framework/Versions/A/CoreEmoji
0x0000000183abd000 	/usr/lib/libCRFSuite.dylib
0x0000000184d9d000 	/System/Library/PrivateFrameworks/LanguageModeling.framework/Versions/A/LanguageModeling
0x000000018ff41000 	/System/Library/PrivateFrameworks/CoreNLP.framework/Versions/A/CoreNLP
0x0000000189d13000 	/System/Library/PrivateFrameworks/Montreal.framework/Versions/A/Montreal
0x000000019239e000 	/usr/lib/libcmph.dylib
0x00000001915c5000 	/usr/lib/libmecab.dylib
0x000000019250f000 	/usr/lib/libThaiTokenizer.dylib
0x000000024d6ac000 	/System/Library/PrivateFrameworks/GenerativeModelsFoundation.framework/Versions/A/GenerativeModelsFoundation
0x0000000276c6e000 	/System/Library/PrivateFrameworks/TokenGeneration.framework/Versions/A/TokenGeneration
0x000000024d480000 	/System/Library/PrivateFrameworks/GenerativeFunctions.framework/Versions/A/GenerativeFunctions
0x000000024d4ce000 	/System/Library/PrivateFrameworks/GenerativeFunctionsFoundation.framework/Versions/A/GenerativeFunctionsFoundation
0x000000025c30a000 	/System/Library/PrivateFrameworks/ModelCatalog.framework/Versions/A/ModelCatalog
0x00000002694b0000 	/System/Library/PrivateFrameworks/SensitiveContentAnalysisML.framework/Versions/A/SensitiveContentAnalysisML
0x000000024d564000 	/System/Library/PrivateFrameworks/GenerativeFunctionsInstrumentation.framework/Versions/A/GenerativeFunctionsInstrumentation
0x0000000266328000 	/System/Library/PrivateFrameworks/PromptKit.framework/Versions/A/PromptKit
0x0000000265d3f000 	/System/Library/PrivateFrameworks/ProactiveDaemonSupport.framework/Versions/A/ProactiveDaemonSupport
0x0000000276ea6000 	/System/Library/PrivateFrameworks/TokenGenerationCore.framework/Versions/A/TokenGenerationCore
0x00000001b0269000 	/System/Library/PrivateFrameworks/Trial.framework/Versions/A/Trial
0x00000001b01ea000 	/System/Library/PrivateFrameworks/TrialProto.framework/Versions/A/TrialProto
0x0000000235c4e000 	/System/Library/PrivateFrameworks/AppleFlatBuffers.framework/Versions/A/AppleFlatBuffers
0x0000000269780000 	/System/Library/PrivateFrameworks/SentencePieceInternal.framework/Versions/A/SentencePieceInternal
0x000000019ad51000 	/System/Library/Frameworks/Vision.framework/Versions/A/Vision
0x000000024103b000 	/System/Library/PrivateFrameworks/CoreSceneUnderstanding.framework/Versions/A/CoreSceneUnderstanding
0x000000027bae6000 	/System/Library/PrivateFrameworks/VisionCore.framework/Versions/A/VisionCore
0x0000000194ffa000 	/System/Library/PrivateFrameworks/DataDetectorsCore.framework/Versions/A/DataDetectorsCore
0x00000001b8b2a000 	/System/Library/Frameworks/Vision.framework/libfaceCore.dylib
0x00000001b9644000 	/System/Library/PrivateFrameworks/Futhark.framework/Versions/A/Futhark
0x00000001bd582000 	/System/Library/PrivateFrameworks/InertiaCam.framework/Versions/A/InertiaCam
0x00000001b93d1000 	/System/Library/PrivateFrameworks/TextRecognition.framework/Versions/A/TextRecognition
0x000000022990f000 	/System/Library/Frameworks/DataDetection.framework/Versions/A/DataDetection
0x00000001b35fa000 	/System/Library/PrivateFrameworks/TextInput.framework/Versions/A/TextInput
0x0000000193aa9000 	/System/Library/PrivateFrameworks/CVNLP.framework/Versions/A/CVNLP
0x00000001d5b7a000 	/System/Library/PrivateFrameworks/HIDDisplay.framework/Versions/A/HIDDisplay
0x0000000196856000 	/usr/lib/libcups.2.dylib
0x00000001968ec000 	/System/Library/Frameworks/Kerberos.framework/Versions/A/Kerberos
0x000000019655d000 	/usr/lib/libresolv.9.dylib
0x0000000193f62000 	/System/Library/PrivateFrameworks/Heimdal.framework/Versions/A/Heimdal
0x000000019f6ca000 	/System/Library/Frameworks/Kerberos.framework/Versions/A/Libraries/libHeimdalProxy.dylib
0x0000000196950000 	/System/Library/PrivateFrameworks/CommonAuth.framework/Versions/A/CommonAuth
0x00000001a85ac000 	/System/Library/PrivateFrameworks/AXCoreUtilities.framework/Versions/A/AXCoreUtilities
0x00000001b8975000 	/System/Library/PrivateFrameworks/AttributeGraph.framework/Versions/A/AttributeGraph
0x0000000285103000 	/usr/lib/libAXSafeCategoryBundle.dylib
0x000000023007e000 	/System/Library/Frameworks/TabularData.framework/Versions/A/TabularData
0x0000000236ece000 	/System/Library/PrivateFrameworks/ArgumentParserInternal.framework/Versions/A/ArgumentParserInternal
0x00000001910f0000 	/System/Library/Frameworks/Accelerate.framework/Versions/A/Frameworks/vecLib.framework/Versions/A/libvDSP.dylib
0x000000019265e000 	/System/Library/Frameworks/Accelerate.framework/Versions/A/Frameworks/vecLib.framework/Versions/A/libLAPACK.dylib
0x0000000191627000 	/System/Library/Frameworks/Accelerate.framework/Versions/A/Frameworks/vecLib.framework/Versions/A/libLinearAlgebra.dylib
0x0000000192555000 	/System/Library/Frameworks/Accelerate.framework/Versions/A/Frameworks/vecLib.framework/Versions/A/libSparseBLAS.dylib
0x0000000192659000 	/System/Library/Frameworks/Accelerate.framework/Versions/A/Frameworks/vecLib.framework/Versions/A/libQuadrature.dylib
0x0000000190068000 	/System/Library/Frameworks/Accelerate.framework/Versions/A/Frameworks/vecLib.framework/Versions/A/libBNNS.dylib
0x00000001838bb000 	/System/Library/Frameworks/Accelerate.framework/Versions/A/Frameworks/vecLib.framework/Versions/A/libSparse.dylib
0x00000002293f4000 	/System/Library/Frameworks/CoreTransferable.framework/Versions/A/CoreTransferable
0x00000001968b5000 	/System/Library/PrivateFrameworks/NetAuth.framework/Versions/A/NetAuth
0x000000018cf4a000 	/System/Library/PrivateFrameworks/login.framework/Versions/A/Frameworks/loginsupport.framework/Versions/A/loginsupport
0x00000001880e2000 	/System/Library/PrivateFrameworks/UIFoundation.framework/Versions/A/UIFoundation
0x000000019158f000 	/usr/lib/libCheckFix.dylib
0x000000018c0d0000 	/System/Library/PrivateFrameworks/MetadataUtilities.framework/Versions/A/MetadataUtilities
0x0000000251692000 	/System/Library/PrivateFrameworks/InstalledContentLibrary.framework/Versions/A/InstalledContentLibrary
0x0000000186826000 	/System/Library/PrivateFrameworks/CoreServicesStore.framework/Versions/A/CoreServicesStore
0x000000018cd95000 	/usr/lib/libapp_launch_measurement.dylib
0x00000001c30b9000 	/System/Library/PrivateFrameworks/MobileSystemServices.framework/Versions/A/MobileSystemServices
0x000000019392e000 	/usr/lib/libxslt.1.dylib
0x000000019154e000 	/System/Library/PrivateFrameworks/BackgroundTaskManagement.framework/Versions/A/BackgroundTaskManagement
0x000000019ed5c000 	/usr/lib/libcurl.4.dylib
0x0000000285e07000 	/usr/lib/libcrypto.46.dylib
0x00000002869a6000 	/usr/lib/libssl.48.dylib
0x000000019ea36000 	/System/Library/Frameworks/LDAP.framework/Versions/A/LDAP
0x000000019ea72000 	/System/Library/PrivateFrameworks/TrustEvaluationAgent.framework/Versions/A/TrustEvaluationAgent
0x000000019657a000 	/usr/lib/libsasl2.2.dylib
0x00000001a1cd9000 	/System/Library/Frameworks/Cocoa.framework/Versions/A/Cocoa
0x00000001869bf000 	/System/Library/Frameworks/AppKit.framework/Versions/C/AppKit
0x000000023ad72000 	/System/Library/PrivateFrameworks/CollectionViewCore.framework/Versions/A/CollectionViewCore
0x000000018f603000 	/System/Library/PrivateFrameworks/XCTTargetBootstrap.framework/Versions/A/XCTTargetBootstrap
0x000000019504c000 	/System/Library/PrivateFrameworks/UserActivity.framework/Versions/A/UserActivity
0x00000002447e0000 	/System/Library/PrivateFrameworks/FrontBoard.framework/Versions/A/FrontBoard
0x00000002788b6000 	/System/Library/PrivateFrameworks/UIIntelligenceSupport.framework/Versions/A/UIIntelligenceSupport
0x000000022f107000 	/System/Library/Frameworks/SwiftUICore.framework/Versions/A/SwiftUICore
0x000000027f44b000 	/System/Library/PrivateFrameworks/WritingTools.framework/Versions/A/WritingTools
0x000000027e246000 	/System/Library/PrivateFrameworks/WindowManagement.framework/Versions/A/WindowManagement
0x0000000244515000 	/System/Library/PrivateFrameworks/FocusEngine.framework/Versions/A/FocusEngine
0x0000000241f21000 	/System/Library/PrivateFrameworks/DesignLibrary.framework/Versions/A/DesignLibrary
0x000000018f5ee000 	/System/Library/PrivateFrameworks/DFRFoundation.framework/Versions/A/DFRFoundation
0x00000002797ff000 	/System/Library/PrivateFrameworks/UpdateCycle.framework/Versions/A/UpdateCycle
0x000000018f2f2000 	/System/Library/Frameworks/Carbon.framework/Versions/A/Frameworks/HIToolbox.framework/Versions/A/HIToolbox
0x000000019a617000 	/System/Library/Frameworks/Carbon.framework/Versions/A/Frameworks/SpeechRecognition.framework/Versions/A/SpeechRecognition
0x000000018cd1c000 	/System/Library/PrivateFrameworks/PerformanceAnalysis.framework/Versions/A/PerformanceAnalysis
0x000000019a9a7000 	/System/Library/Frameworks/Accessibility.framework/Versions/A/Accessibility
0x0000000230064000 	/System/Library/Frameworks/Symbols.framework/Versions/A/Symbols
0x000000024da75000 	/System/Library/PrivateFrameworks/Gestures.framework/Versions/A/Gestures
0x0000000286dce000 	/usr/lib/swift/libswiftSpatial.dylib
0x00000001ac6b1000 	/usr/lib/swift/libswiftCoreGraphics.dylib
0x000000019b3eb000 	/usr/lib/swift/libswiftFoundation.dylib
0x00000001e6c23000 	/usr/lib/swift/libswiftSwiftOnoneSupport.dylib
0x0000000287054000 	/usr/lib/swift/libswiftsys_time.dylib
0x00000001d1864000 	/System/Library/PrivateFrameworks/CoreMaterial.framework/Versions/A/CoreMaterial
0x00000002855ff000 	/usr/lib/libSpatial.dylib
0x0000000285020000 	/System/Library/SubFrameworks/UIUtilities.framework/Versions/A/UIUtilities
0x0000000106748000 	/opt/homebrew/Cellar/openjdk/24.0.1/libexec/openjdk.jdk/Contents/Home/lib/server/libjvm.dylib
0x0000000100b50000 	/opt/homebrew/Cellar/openjdk/24.0.1/libexec/openjdk.jdk/Contents/Home/lib/libjimage.dylib
0x0000000100bb0000 	/opt/homebrew/Cellar/openjdk/24.0.1/libexec/openjdk.jdk/Contents/Home/lib/libjdwp.dylib
0x0000000100b80000 	/opt/homebrew/Cellar/openjdk/24.0.1/libexec/openjdk.jdk/Contents/Home/lib/libinstrument.dylib
0x0000000100c2c000 	/opt/homebrew/Cellar/openjdk/24.0.1/libexec/openjdk.jdk/Contents/Home/lib/libjava.dylib
0x00000002850f5000 	/usr/lib/i18n/libiconv_std.dylib
0x00000002850eb000 	/usr/lib/i18n/libUTF8.dylib
0x00000002850f9000 	/usr/lib/i18n/libmapper_646.dylib
0x0000000100c14000 	/opt/homebrew/Cellar/openjdk/24.0.1/libexec/openjdk.jdk/Contents/Home/lib/libdt_socket.dylib
0x000000010107c000 	/opt/homebrew/Cellar/openjdk/24.0.1/libexec/openjdk.jdk/Contents/Home/lib/libzip.dylib
0x00000001059c4000 	/opt/homebrew/Cellar/openjdk/24.0.1/libexec/openjdk.jdk/Contents/Home/lib/libnio.dylib
0x00000001059e4000 	/opt/homebrew/Cellar/openjdk/24.0.1/libexec/openjdk.jdk/Contents/Home/lib/libnet.dylib
0x0000000100e74000 	/opt/homebrew/Cellar/openjdk/24.0.1/libexec/openjdk.jdk/Contents/Home/lib/libextnet.dylib

JVMTI agents:
jdwp path:none, loaded, initialized, options:transport=dt_socket,suspend=y,address=localhost:62665
/Applications/Eclipse.app/Contents/Eclipse/configuration/org.eclipse.osgi/1364/0/.cp/lib/javaagent-shaded.jar path:none, loaded, initialized, instrumentlib options:none


VM Arguments:
jvm_args: -XX:+ShowCodeDetailsInExceptionMessages -agentlib:jdwp=transport=dt_socket,suspend=y,address=localhost:62665 -ea -Dargs=-p 3100 -javaagent:/Applications/Eclipse.app/Contents/Eclipse/configuration/org.eclipse.osgi/1364/0/.cp/lib/javaagent-shaded.jar -Dfile.encoding=UTF-8 -Dstdout.encoding=UTF-8 -Dstderr.encoding=UTF-8 
java_command: org.eclipse.jdt.internal.junit.runner.RemoteTestRunner -version 3 -port 62664 -testLoaderClass org.eclipse.jdt.internal.junit5.runner.JUnit5TestLoader -loaderpluginname org.eclipse.jdt.junit5.runtime -packageNameFile /var/folders/yp/vsk2hvbj4ns130jp7p3vd50r0000gp/T/packageNames10478184711637338640.txt
java_class_path (initial): /Users/tfaulkes/Programming/Aerospike/git/aerospike-client-java-sdk/client/target/test-classes:/Users/tfaulkes/Programming/Aerospike/git/aerospike-client-java-sdk/client/target/classes:/Users/tfaulkes/.m2/repository/org/mindrot/jbcrypt/0.4/jbcrypt-0.4.jar:/Users/tfaulkes/.m2/repository/org/yaml/snakeyaml/2.6/snakeyaml-2.6.jar:/Users/tfaulkes/.m2/repository/org/bouncycastle/bcprov-jdk18on/1.84/bcprov-jdk18on-1.84.jar:/Users/tfaulkes/.m2/repository/org/junit/jupiter/junit-jupiter-api/6.0.0/junit-jupiter-api-6.0.0.jar:/Users/tfaulkes/.m2/repository/org/opentest4j/opentest4j/1.3.0/opentest4j-1.3.0.jar:/Users/tfaulkes/.m2/repository/org/junit/platform/junit-platform-commons/6.0.0/junit-platform-commons-6.0.0.jar:/Users/tfaulkes/.m2/repository/org/apiguardian/apiguardian-api/1.1.2/apiguardian-api-1.1.2.jar:/Users/tfaulkes/.m2/repository/org/jspecify/jspecify/1.0.0/jspecify-1.0.0.jar:/Users/tfaulkes/.m2/repository/org/junit/jupiter/junit-jupiter-engine/6.0.0/junit-jupiter-engine-6.0.0.jar:/Users/tfaulkes/.m2/repository/org/junit/platform/junit-platform-engine/6.0.0/junit-platform-engine-6.0.0.jar:/Users/tfaulkes/.m2/repository/org/junit/platform/junit-platform-suite/6.0.0/junit-platform-suite-6.0.0.jar:/Users/tfaulkes/.m2/repository/org/junit/platform/junit-platform-suite-api/6.0.0/junit-platform-suite-api-6.0.0.jar:/Users/tfaulkes/.m2/repository/org/junit/platform/junit-platform-suite-engine/6.0.0/junit-platform-suite-engine-6.0.0.jar:/Users/tfaulkes/.m2/repository/org/junit/platform/junit-platform-launcher/6.0.0/junit-platform-launcher-6.0.0.jar:/Users/tfaulkes/.m2/repository/org/assertj/assertj-core/3.27.7/assertj-core-3.27.7.jar:/Users/tfaulkes/.m2/repository/net/bytebuddy/byte-buddy/1.18.3/byte-buddy-1.18.3.jar:/Users/tfaulkes/.m2/repository/org/antlr/antlr4-runtime/4.13.2/antlr4-runtime-4.13.2.jar:/Users/tfaulkes/.m2/repository/org/projectlombok/lombok/1.18.42/lombok-1.18.42.jar:/Users/tfaulkes/.m2/repository/commons-cli/commons-cli/1.11.0/commons-cli-1.11.0.jar:/Applications/Eclipse.app/Contents/Eclipse/configuration/org.eclipse.osgi/1363/0/.cp:/Applications/Eclipse.app/Contents/Eclipse/configuration/org.eclipse.osgi/1361/0/.cp
Launcher Type: SUN_STANDARD

[Global flags]
     intx CICompilerCount                          = 4                                         {product} {ergonomic}
     uint ConcGCThreads                            = 2                                         {product} {ergonomic}
     uint G1ConcRefinementThreads                  = 9                                         {product} {ergonomic}
   size_t G1HeapRegionSize                         = 8388608                                   {product} {ergonomic}
   size_t InitialHeapSize                          = 1073741824                                {product} {ergonomic}
   size_t MarkStackSize                            = 4194304                                   {product} {ergonomic}
   size_t MarkStackSizeMax                         = 536870912                                 {product} {ergonomic}
   size_t MaxHeapSize                              = 17179869184                               {product} {ergonomic}
   size_t MaxNewSize                               = 10301210624                               {product} {ergonomic}
   size_t MinHeapDeltaBytes                        = 8388608                                   {product} {ergonomic}
   size_t MinHeapSize                              = 8388608                                   {product} {ergonomic}
    uintx NonNMethodCodeHeapSize                   = 5832704                                {pd product} {ergonomic}
    uintx NonProfiledCodeHeapSize                  = 122929152                              {pd product} {ergonomic}
    uintx ProfiledCodeHeapSize                     = 122896384                              {pd product} {ergonomic}
    uintx ReservedCodeCacheSize                    = 251658240                              {pd product} {ergonomic}
     bool SegmentedCodeCache                       = true                                      {product} {ergonomic}
     bool ShowCodeDetailsInExceptionMessages       = true                                   {manageable} {command line}
   size_t SoftMaxHeapSize                          = 17179869184                            {manageable} {ergonomic}
     bool UseCompressedOops                        = true                           {product lp64_product} {ergonomic}
     bool UseG1GC                                  = true                                      {product} {ergonomic}
     bool UseNUMA                                  = false                                     {product} {ergonomic}
     bool UseNUMAInterleaving                      = false                                     {product} {ergonomic}

Logging:
Log output configuration:
 #0: stdout all=warning uptime,level,tags foldmultilines=false
 #1: stderr all=off uptime,level,tags foldmultilines=false

Environment Variables:
PATH=/usr/bin:/bin:/usr/sbin:/sbin
SHELL=/bin/zsh
TMPDIR=/var/folders/yp/vsk2hvbj4ns130jp7p3vd50r0000gp/T/

Active Locale:
LC_ALL=C
LC_COLLATE=C
LC_CTYPE=C
LC_MESSAGES=C
LC_MONETARY=C
LC_NUMERIC=C
LC_TIME=C

Signal Handlers:
   SIGSEGV: crash_handler in libjvm.dylib, mask=11100110000111110111111111111111, flags=SA_ONSTACK|SA_RESTART|SA_SIGINFO, unblocked
    SIGBUS: crash_handler in libjvm.dylib, mask=11100110000111110111111111111111, flags=SA_RESTART|SA_SIGINFO, unblocked
    SIGFPE: crash_handler in libjvm.dylib, mask=11100110000111110111111111111111, flags=SA_RESTART|SA_SIGINFO, unblocked
   SIGPIPE: javaSignalHandler in libjvm.dylib, mask=11100110000111110111111111111111, flags=SA_RESTART|SA_SIGINFO, blocked
   SIGXFSZ: javaSignalHandler in libjvm.dylib, mask=11100110000111110111111111111111, flags=SA_RESTART|SA_SIGINFO, blocked
    SIGILL: crash_handler in libjvm.dylib, mask=11100110000111110111111111111111, flags=SA_RESTART|SA_SIGINFO, unblocked
   SIGUSR2: SR_handler in libjvm.dylib, mask=00000000000000000000000000000000, flags=SA_RESTART|SA_SIGINFO, blocked
    SIGHUP: UserHandler in libjvm.dylib, mask=11100110000111110111111111111111, flags=SA_RESTART|SA_SIGINFO, blocked
    SIGINT: UserHandler in libjvm.dylib, mask=11100110000111110111111111111111, flags=SA_RESTART|SA_SIGINFO, blocked
   SIGTERM: UserHandler in libjvm.dylib, mask=11100110000111110111111111111111, flags=SA_RESTART|SA_SIGINFO, blocked
   SIGQUIT: UserHandler in libjvm.dylib, mask=11100110000111110111111111111111, flags=SA_RESTART|SA_SIGINFO, blocked
   SIGTRAP: crash_handler in libjvm.dylib, mask=11100110000111110111111111111111, flags=SA_RESTART|SA_SIGINFO, unblocked


Periodic native trim disabled

---------------  S Y S T E M  ---------------

OS:
uname: Darwin 25.5.0 Darwin Kernel Version 25.5.0: Mon Apr 27 20:38:56 PDT 2026; root:xnu-12377.121.6~2/RELEASE_ARM64_T6000 arm64
OS uptime: 3 days 9:46 hours
rlimit (soft/hard): STACK 8176k/65520k , CORE 0k/infinity , NPROC 10666/16000 , NOFILE 1048576/infinity , AS infinity/infinity , CPU infinity/infinity , DATA infinity/infinity , FSIZE infinity/infinity , MEMLOCK infinity/infinity , RSS infinity/infinity
load average: 2.03 2.87 3.81

CPU: total 10 (initial active 10) 0x61:0x0:0x1b588bb3:0, fp, asimd, aes, pmull, sha1, sha256, crc32, lse, sha3, sha512
machdep.cpu.brand_string:Apple M1 Max
hw.cachelinesize:128
hw.l1icachesize:131072
hw.l1dcachesize:65536
hw.l2cachesize:4194304

Memory: 16k page, physical 67108864k(3004304k free), swap 0k(0k free)

vm_info: OpenJDK 64-Bit Server VM (24.0.1) for bsd-aarch64 JRE (24.0.1), built on 2025-03-05T07:19:53Z with clang Apple LLVM 15.0.0 (clang-1500.1.0.2.5)

END.
